STRUCTURE,STRUCTURE_ID,STRUCTURE_NAME,ACTION,FREQ,Fréquence d'observation,REF_AREA,Zone de référence,SECTOR,Secteur institutionnel,COUNTERPART_SECTOR,Secteur institutionnel de contrepartie,TRANSACTION,Transaction,INSTR_ASSET,Instruments financiers et actifs non financiers,ACTIVITY,Activité économique,EXPENDITURE,Dépense,UNIT_MEASURE,Unité de mesure,PRICE_BASE,Type de prix,TRANSFORMATION,Transformation,TABLE_IDENTIFIER,Identifiant de tableau,TIME_PERIOD,Période temporelle,OBS_VALUE,Valeur d'observation,REF_YEAR_PRICE,Prix ​​année de référence,CONF_STATUS,Statut de confidentialité,DECIMALS,Décimales,OBS_STATUS,Statut d'observation,UNIT_MULT,Multiplicateur d'unité,CURRENCY,Monnaie
DATAFLOW,OECD.SDD.NAD:DSD_NAMAIN10@DF_TABLE1_EXPENDITURE_HCPC(2.0),"PIB et consommation, annuel, par tête, $ É-U, prix courants, PPA courantes",I,A,Annuelle,CZE,Tchéquie,S1,Economie totale,S1,Economie totale,B1GQ_POP,"Produit intérieur brut, par tête",_Z,Non applicable,_Z,Non applicable,_Z,Non-applicable,USD_PPP_PS,"Dollars des É-U par personne, PPA convertis",V,Prix courants,N,Données non transformées,T0102,Tableau 0102 - PIB selon l'approche de la dépense,1997,,14911.838414,,,,F,Libre (libre pour publication),1,,A,Valeur normale,0,,_Z,N'est pas applicable
DATAFLOW,OECD.SDD.NAD:DSD_NAMAIN10@DF_TABLE1_EXPENDITURE_HCPC(2.0),"PIB et consommation, annuel, par tête, $ É-U, prix courants, PPA courantes",I,A,Annuelle,BEL,Belgique,S1,Economie totale,S1,Economie totale,B1GQ_POP,"Produit intérieur brut, par tête",_Z,Non applicable,_Z,Non applicable,_Z,Non-applicable,USD_PPP_PS,"Dollars des É-U par personne, PPA convertis",V,Prix courants,N,Données non transformées,T0102,Tableau 0102 - PIB selon l'approche de la dépense,2009,,37905.636814,,,,F,Libre (libre pour publication),1,,B,Rupture de série,0,,_Z,N'est pas applicable
DATAFLOW,OECD.SDD.NAD:DSD_NAMAIN10@DF_TABLE1_EXPENDITURE_HCPC(2.0),"PIB et consommation, annuel, par tête, $ É-U, prix courants, PPA courantes",I,A,Annuelle,CZE,Tchéquie,S1,Economie totale,S1,Economie totale,B1GQ_POP,"Produit intérieur brut, par tête",_Z,Non applicable,_Z,Non applicable,_Z,Non-applicable,USD_PPP_PS,"Dollars des É-U par personne, PPA convertis",V,Prix courants,N,Données non transformées,T0102,Tableau 0102 - PIB selon l'approche de la dépense,2021,,47818.435973,,,,F,Libre (libre pour publication),1,,A,Valeur normale,0,,_Z,N'est pas applicable
DATAFLOW,OECD.SDD.NAD:DSD_NAMAIN10@DF_TABLE1_EXPENDITURE_HCPC(2.0),"PIB et consommation, annuel, par tête, $ É-U, prix courants, PPA courantes",I,A,Annuelle,DEU,Allemagne,S1,Economie totale,S1,Economie totale,B1GQ_POP,"Produit intérieur brut, par tête",_Z,Non applicable,_Z,Non applicable,_Z,Non-applicable,USD_PPP_PS,"Dollars des É-U par personne, PPA convertis",V,Prix courants,N,Données non transformées,T0102,Tableau 0102 - PIB selon l'approche de la dépense,2009,,38222.823256,,,,F,Libre (libre pour publication),1,,A,Valeur normale,0,,_Z,N'est pas applicable
DATAFLOW,OECD.SDD.NAD:DSD_NAMAIN10@DF_TABLE1_EXPENDITURE_HCPC(2.0),"PIB et consommation, annuel, par tête, $ É-U, prix courants, PPA courantes",I,A,Annuelle,DEU,Allemagne,S1,Economie totale,S1,Economie totale,B1GQ_POP,"Produit intérieur brut, par tête",_Z,Non applicable,_Z,Non applicable,_Z,Non-applicable,USD_PPP_PS,"Dollars des É-U par personne, PPA convertis",V,Prix courants,N,Données non transformées,T0102,Tableau 0102 - PIB selon l'approche de la dépense,1998,,25633.677084,,,,F,Libre (libre pour publication),1,,A,Valeur normale,0,,_Z,N'est pas applicable
DATAFLOW,OECD.SDD.NAD:DSD_NAMAIN10@DF_TABLE1_EXPENDITURE_HCPC(2.0),"PIB et consommation, annuel, par tête, $ É-U, prix courants, PPA courantes",I,A,Annuelle,ITA,Italie,S1,Economie totale,S1,Economie totale,B1GQ_POP,"Produit intérieur brut, par tête",_Z,Non applicable,_Z,Non applicable,_Z,Non-applicable,USD_PPP_PS,"Dollars des É-U par personne, PPA convertis",V,Prix courants,N,Données non transformées,T0102,Tableau 0102 - PIB selon l'approche de la dépense,1996,,23100.777628,,,,F,Libre (libre pour publication),1,,A,Valeur normale,0,,_Z,N'est pas applicable
DATAFLOW,OECD.SDD.NAD:DSD_NAMAIN10@DF_TABLE1_EXPENDITURE_HCPC(2.0),"PIB et consommation, annuel, par tête, $ É-U, prix courants, PPA courantes",I,A,Annuelle,DEU,Allemagne,S1,Economie totale,S1,Economie totale,B1GQ_POP,"Produit intérieur brut, par tête",_Z,Non applicable,_Z,Non applicable,_Z,Non-applicable,USD_PPP_PS,"Dollars des É-U par personne, PPA convertis",V,Prix courants,N,Données non transformées,T0102,Tableau 0102 - PIB selon l'approche de la dépense,1996,,24302.223784,,,,F,Libre (libre pour publication),1,,A,Valeur normale,0,,_Z,N'est pas applicable
DATAFLOW,OECD.SDD.NAD:DSD_NAMAIN10@DF_TABLE1_EXPENDITURE_HCPC(2.0),"PIB et consommation, annuel, par tête, $ É-U, prix courants, PPA courantes",I,A,Annuelle,FRA,France,S1,Economie totale,S1,Economie totale,B1GQ_POP,"Produit intérieur brut, par tête",_Z,Non applicable,_Z,Non applicable,_Z,Non-applicable,USD_PPP_PS,"Dollars des É-U par personne, PPA convertis",V,Prix courants,N,Données non transformées,T0102,Tableau 0102 - PIB selon l'approche de la dépense,1996,,21319.321501,,,,F,Libre (libre pour publication),1,,A,Valeur normale,0,,_Z,N'est pas applicable
DATAFLOW,OECD.SDD.NAD:DSD_NAMAIN10@DF_TABLE1_EXPENDITURE_HCPC(2.0),"PIB et consommation, annuel, par tête, $ É-U, prix courants, PPA courantes",I,A,Annuelle,CZE,Tchéquie,S1,Economie totale,S1,Economie totale,B1GQ_POP,"Produit intérieur brut, par tête",_Z,Non applicable,_Z,Non applicable,_Z,Non-applicable,USD_PPP_PS,"Dollars des É-U par personne, PPA convertis",V,Prix courants,N,Données non transformées,T0102,Tableau 0102 - PIB selon l'approche de la dépense,1996,,14780.667306,,,,F,Libre (libre pour publication),1,,A,Valeur normale,0,,_Z,N'est pas applicable
DATAFLOW,OECD.SDD.NAD:DSD_NAMAIN10@DF_TABLE1_EXPENDITURE_HCPC(2.0),"PIB et consommation, annuel, par tête, $ É-U, prix courants, PPA courantes",I,A,Annuelle,BEL,Belgique,S1,Economie totale,S1,Economie totale,B1GQ_POP,"Produit intérieur brut, par tête",_Z,Non applicable,_Z,Non applicable,_Z,Non-applicable,USD_PPP_PS,"Dollars des É-U par personne, PPA convertis",V,Prix courants,N,Données non transformées,T0102,Tableau 0102 - PIB selon l'approche de la dépense,1996,,22745.30392,,,,F,Libre (libre pour publication),1,,A,Valeur normale,0,,_Z,N'est pas applicable
DATAFLOW,OECD.SDD.NAD:DSD_NAMAIN10@DF_TABLE1_EXPENDITURE_HCPC(2.0),"PIB et consommation, annuel, par tête, $ É-U, prix courants, PPA courantes",I,A,Annuelle,DEU,Allemagne,S1,Economie totale,S1,Economie totale,B1GQ_POP,"Produit intérieur brut, par tête",_Z,Non applicable,_Z,Non applicable,_Z,Non-applicable,USD_PPP_PS,"Dollars des É-U par personne, PPA convertis",V,Prix courants,N,Données non transformées,T0102,Tableau 0102 - PIB selon l'approche de la dépense,2025,,75878.686044,,,,F,Libre (libre pour publication),1,,P,Valeur provisoire,0,,_Z,N'est pas applicable
DATAFLOW,OECD.SDD.NAD:DSD_NAMAIN10@DF_TABLE1_EXPENDITURE_HCPC(2.0),"PIB et consommation, annuel, par tête, $ É-U, prix courants, PPA courantes",I,A,Annuelle,FRA,France,S1,Economie totale,S1,Economie totale,B1GQ_POP,"Produit intérieur brut, par tête",_Z,Non applicable,_Z,Non applicable,_Z,Non-applicable,USD_PPP_PS,"Dollars des É-U par personne, PPA convertis",V,Prix courants,N,Données non transformées,T0102,Tableau 0102 - PIB selon l'approche de la dépense,2025,,64446.887463,,,,F,Libre (libre pour publication),1,,P,Valeur provisoire,0,,_Z,N'est pas applicable
DATAFLOW,OECD.SDD.NAD:DSD_NAMAIN10@DF_TABLE1_EXPENDITURE_HCPC(2.0),"PIB et consommation, annuel, par tête, $ É-U, prix courants, PPA courantes",I,A,Annuelle,BEL,Belgique,S1,Economie totale,S1,Economie totale,B1GQ_POP,"Produit intérieur brut, par tête",_Z,Non applicable,_Z,Non applicable,_Z,Non-applicable,USD_PPP_PS,"Dollars des É-U par personne, PPA convertis",V,Prix courants,N,Données non transformées,T0102,Tableau 0102 - PIB selon l'approche de la dépense,2018,,52466.553021,,,,F,Libre (libre pour publication),1,,A,Valeur normale,0,,_Z,N'est pas applicable
DATAFLOW,OECD.SDD.NAD:DSD_NAMAIN10@DF_TABLE1_EXPENDITURE_HCPC(2.0),"PIB et consommation, annuel, par tête, $ É-U, prix courants, PPA courantes",I,A,Annuelle,AUT,Autriche,S1,Economie totale,S1,Economie totale,B1GQ_POP,"Produit intérieur brut, par tête",_Z,Non applicable,_Z,Non applicable,_Z,Non-applicable,USD_PPP_PS,"Dollars des É-U par personne, PPA convertis",V,Prix courants,N,Données non transformées,T0102,Tableau 0102 - PIB selon l'approche de la dépense,2004,,33528.78191,,,,F,Libre (libre pour publication),1,,A,Valeur normale,0,,_Z,N'est pas applicable
DATAFLOW,OECD.SDD.NAD:DSD_NAMAIN10@DF_TABLE1_EXPENDITURE_HCPC(2.0),"PIB et consommation, annuel, par tête, $ É-U, prix courants, PPA courantes",I,A,Annuelle,ESP,Espagne,S1,Economie totale,S1,Economie totale,B1GQ_POP,"Produit intérieur brut, par tête",_Z,Non applicable,_Z,Non applicable,_Z,Non-applicable,USD_PPP_PS,"Dollars des É-U par personne, PPA convertis",V,Prix courants,N,Données non transformées,T0102,Tableau 0102 - PIB selon l'approche de la dépense,2003,,25052.235115,,,,F,Libre (libre pour publication),1,,A,Valeur normale,0,,_Z,N'est pas applicable
DATAFLOW,OECD.SDD.NAD:DSD_NAMAIN10@DF_TABLE1_EXPENDITURE_HCPC(2.0),"PIB et consommation, annuel, par tête, $ É-U, prix courants, PPA courantes",I,A,Annuelle,ITA,Italie,S1,Economie totale,S1,Economie totale,B1GQ_POP,"Produit intérieur brut, par tête",_Z,Non applicable,_Z,Non applicable,_Z,Non-applicable,USD_PPP_PS,"Dollars des É-U par personne, PPA convertis",V,Prix courants,N,Données non transformées,T0102,Tableau 0102 - PIB selon l'approche de la dépense,2003,,29249.176509,,,,F,Libre (libre pour publication),1,,A,Valeur normale,0,,_Z,N'est pas applicable
DATAFLOW,OECD.SDD.NAD:DSD_NAMAIN10@DF_TABLE1_EXPENDITURE_HCPC(2.0),"PIB et consommation, annuel, par tête, $ É-U, prix courants, PPA courantes",I,A,Annuelle,DEU,Allemagne,S1,Economie totale,S1,Economie totale,B1GQ_POP,"Produit intérieur brut, par tête",_Z,Non applicable,_Z,Non applicable,_Z,Non-applicable,USD_PPP_PS,"Dollars des É-U par personne, PPA convertis",V,Prix courants,N,Données non transformées,T0102,Tableau 0102 - PIB selon l'approche de la dépense,2003,,30667.456929,,,,F,Libre (libre pour publication),1,,A,Valeur normale,0,,_Z,N'est pas applicable
DATAFLOW,OECD.SDD.NAD:DSD_NAMAIN10@DF_TABLE1_EXPENDITURE_HCPC(2.0),"PIB et consommation, annuel, par tête, $ É-U, prix courants, PPA courantes",I,A,Annuelle,FRA,France,S1,Economie totale,S1,Economie totale,B1GQ_POP,"Produit intérieur brut, par tête",_Z,Non applicable,_Z,Non applicable,_Z,Non-applicable,USD_PPP_PS,"Dollars des É-U par personne, PPA convertis",V,Prix courants,N,Données non transformées,T0102,Tableau 0102 - PIB selon l'approche de la dépense,2003,,28113.007406,,,,F,Libre (libre pour publication),1,,A,Valeur normale,0,,_Z,N'est pas applicable
DATAFLOW,OECD.SDD.NAD:DSD_NAMAIN10@DF_TABLE1_EXPENDITURE_HCPC(2.0),"PIB et consommation, annuel, par tête, $ É-U, prix courants, PPA courantes",I,A,Annuelle,CZE,Tchéquie,S1,Economie totale,S1,Economie totale,B1GQ_POP,"Produit intérieur brut, par tête",_Z,Non applicable,_Z,Non applicable,_Z,Non-applicable,USD_PPP_PS,"Dollars des É-U par personne, PPA convertis",V,Prix courants,N,Données non transformées,T0102,Tableau 0102 - PIB selon l'approche de la dépense,2003,,19589.385627,,,,F,Libre (libre pour publication),1,,A,Valeur normale,0,,_Z,N'est pas applicable
DATAFLOW,OECD.SDD.NAD:DSD_NAMAIN10@DF_TABLE1_EXPENDITURE_HCPC(2.0),"PIB et consommation, annuel, par tête, $ É-U, prix courants, PPA courantes",I,A,Annuelle,BEL,Belgique,S1,Economie totale,S1,Economie totale,B1GQ_POP,"Produit intérieur brut, par tête",_Z,Non applicable,_Z,Non applicable,_Z,Non-applicable,USD_PPP_PS,"Dollars des É-U par personne, PPA convertis",V,Prix courants,N,Données non transformées,T0102,Tableau 0102 - PIB selon l'approche de la dépense,2003,,30930.733412,,,,F,Libre (libre pour publication),1,,A,Valeur normale,0,,_Z,N'est pas applicable
DATAFLOW,OECD.SDD.NAD:DSD_NAMAIN10@DF_TABLE1_EXPENDITURE_HCPC(2.0),"PIB et consommation, annuel, par tête, $ É-U, prix courants, PPA courantes",I,A,Annuelle,AUT,Autriche,S1,Economie totale,S1,Economie totale,B1GQ_POP,"Produit intérieur brut, par tête",_Z,Non applicable,_Z,Non applicable,_Z,Non-applicable,USD_PPP_PS,"Dollars des É-U par personne, PPA convertis",V,Prix courants,N,Données non transformées,T0102,Tableau 0102 - PIB selon l'approche de la dépense,2003,,31971.249619,,,,F,Libre (libre pour publication),1,,A,Valeur normale,0,,_Z,N'est pas applicable
DATAFLOW,OECD.SDD.NAD:DSD_NAMAIN10@DF_TABLE1_EXPENDITURE_HCPC(2.0),"PIB et consommation, annuel, par tête, $ É-U, prix courants, PPA courantes",I,A,Annuelle,ESP,Espagne,S1,Economie totale,S1,Economie totale,B1GQ_POP,"Produit intérieur brut, par tête",_Z,Non applicable,_Z,Non applicable,_Z,Non-applicable,USD_PPP_PS,"Dollars des É-U par personne, PPA convertis",V,Prix courants,N,Données non transformées,T0102,Tableau 0102 - PIB selon l'approche de la dépense,2001,,22999.867726,,,,F,Libre (libre pour publication),1,,A,Valeur normale,0,,_Z,N'est pas applicable
DATAFLOW,OECD.SDD.NAD:DSD_NAMAIN10@DF_TABLE1_EXPENDITURE_HCPC(2.0),"PIB et consommation, annuel, par tête, $ É-U, prix courants, PPA courantes",I,A,Annuelle,ITA,Italie,S1,Economie totale,S1,Economie totale,B1GQ_POP,"Produit intérieur brut, par tête",_Z,Non applicable,_Z,Non applicable,_Z,Non-applicable,USD_PPP_PS,"Dollars des É-U par personne, PPA convertis",V,Prix courants,N,Données non transformées,T0102,Tableau 0102 - PIB selon l'approche de la dépense,2001,,28132.672248,,,,F,Libre (libre pour publication),1,,A,Valeur normale,0,,_Z,N'est pas applicable
DATAFLOW,OECD.SDD.NAD:DSD_NAMAIN10@DF_TABLE1_EXPENDITURE_HCPC(2.0),"PIB et consommation, annuel, par tête, $ É-U, prix courants, PPA courantes",I,A,Annuelle,DEU,Allemagne,S1,Economie totale,S1,Economie totale,B1GQ_POP,"Produit intérieur brut, par tête",_Z,Non applicable,_Z,Non applicable,_Z,Non-applicable,USD_PPP_PS,"Dollars des É-U par personne, PPA convertis",V,Prix courants,N,Données non transformées,T0102,Tableau 0102 - PIB selon l'approche de la dépense,2001,,28967.139925,,,,F,Libre (libre pour publication),1,,A,Valeur normale,0,,_Z,N'est pas applicable
DATAFLOW,OECD.SDD.NAD:DSD_NAMAIN10@DF_TABLE1_EXPENDITURE_HCPC(2.0),"PIB et consommation, annuel, par tête, $ É-U, prix courants, PPA courantes",I,A,Annuelle,FRA,France,S1,Economie totale,S1,Economie totale,B1GQ_POP,"Produit intérieur brut, par tête",_Z,Non applicable,_Z,Non applicable,_Z,Non-applicable,USD_PPP_PS,"Dollars des É-U par personne, PPA convertis",V,Prix courants,N,Données non transformées,T0102,Tableau 0102 - PIB selon l'approche de la dépense,2001,,27427.457992,,,,F,Libre (libre pour publication),1,,A,Valeur normale,0,,_Z,N'est pas applicable
DATAFLOW,OECD.SDD.NAD:DSD_NAMAIN10@DF_TABLE1_EXPENDITURE_HCPC(2.0),"PIB et consommation, annuel, par tête, $ É-U, prix courants, PPA courantes",I,A,Annuelle,CZE,Tchéquie,S1,Economie totale,S1,Economie totale,B1GQ_POP,"Produit intérieur brut, par tête",_Z,Non applicable,_Z,Non applicable,_Z,Non-applicable,USD_PPP_PS,"Dollars des É-U par personne, PPA convertis",V,Prix courants,N,Données non transformées,T0102,Tableau 0102 - PIB selon l'approche de la dépense,2001,,17696.310327,,,,F,Libre (libre pour publication),1,,A,Valeur normale,0,,_Z,N'est pas applicable
DATAFLOW,OECD.SDD.NAD:DSD_NAMAIN10@DF_TABLE1_EXPENDITURE_HCPC(2.0),"PIB et consommation, annuel, par tête, $ É-U, prix courants, PPA courantes",I,A,Annuelle,BEL,Belgique,S1,Economie totale,S1,Economie totale,B1GQ_POP,"Produit intérieur brut, par tête",_Z,Non applicable,_Z,Non applicable,_Z,Non-applicable,USD_PPP_PS,"Dollars des É-U par personne, PPA convertis",V,Prix courants,N,Données non transformées,T0102,Tableau 0102 - PIB selon l'approche de la dépense,2001,,28793.44226,,,,F,Libre (libre pour publication),1,,A,Valeur normale,0,,_Z,N'est pas applicable
DATAFLOW,OECD.SDD.NAD:DSD_NAMAIN10@DF_TABLE1_EXPENDITURE_HCPC(2.0),"PIB et consommation, annuel, par tête, $ É-U, prix courants, PPA courantes",I,A,Annuelle,FRA,France,S1,Economie totale,S1,Economie totale,B1GQ_POP,"Produit intérieur brut, par tête",_Z,Non applicable,_Z,Non applicable,_Z,Non-applicable,USD_PPP_PS,"Dollars des É-U par personne, PPA convertis",V,Prix courants,N,Données non transformées,T0102,Tableau 0102 - PIB selon l'approche de la dépense,1993,,19131.754236,,,,F,Libre (libre pour publication),1,,A,Valeur normale,0,,_Z,N'est pas applicable
DATAFLOW,OECD.SDD.NAD:DSD_NAMAIN10@DF_TABLE1_EXPENDITURE_HCPC(2.0),"PIB et consommation, annuel, par tête, $ É-U, prix courants, PPA courantes",I,A,Annuelle,DEU,Allemagne,S1,Economie totale,S1,Economie totale,B1GQ_POP,"Produit intérieur brut, par tête",_Z,Non applicable,_Z,Non applicable,_Z,Non-applicable,USD_PPP_PS,"Dollars des É-U par personne, PPA convertis",V,Prix courants,N,Données non transformées,T0102,Tableau 0102 - PIB selon l'approche de la dépense,1992,,21779.472456,,,,F,Libre (libre pour publication),1,,A,Valeur normale,0,,_Z,N'est pas applicable
DATAFLOW,OECD.SDD.NAD:DSD_NAMAIN10@DF_TABLE1_EXPENDITURE_HCPC(2.0),"PIB et consommation, annuel, par tête, $ É-U, prix courants, PPA courantes",I,A,Annuelle,FRA,France,S1,Economie totale,S1,Economie totale,B1GQ_POP,"Produit intérieur brut, par tête",_Z,Non applicable,_Z,Non applicable,_Z,Non-applicable,USD_PPP_PS,"Dollars des É-U par personne, PPA convertis",V,Prix courants,N,Données non transformées,T0102,Tableau 0102 - PIB selon l'approche de la dépense,1992,,18834.653202,,,,F,Libre (libre pour publication),1,,A,Valeur normale,0,,_Z,N'est pas applicable
DATAFLOW,OECD.SDD.NAD:DSD_NAMAIN10@DF_TABLE1_EXPENDITURE_HCPC(2.0),"PIB et consommation, annuel, par tête, $ É-U, prix courants, PPA courantes",I,A,Annuelle,DEU,Allemagne,S1,Economie totale,S1,Economie totale,B1GQ_POP,"Produit intérieur brut, par tête",_Z,Non applicable,_Z,Non applicable,_Z,Non-applicable,USD_PPP_PS,"Dollars des É-U par personne, PPA convertis",V,Prix courants,N,Données non transformées,T0102,Tableau 0102 - PIB selon l'approche de la dépense,1991,,21011.442159,,,,F,Libre (libre pour publication),1,,A,Valeur normale,0,,_Z,N'est pas applicable
DATAFLOW,OECD.SDD.NAD:DSD_NAMAIN10@DF_TABLE1_EXPENDITURE_HCPC(2.0),"PIB et consommation, annuel, par tête, $ É-U, prix courants, PPA courantes",I,A,Annuelle,ITA,Italie,S1,Economie totale,S1,Economie totale,B1GQ_POP,"Produit intérieur brut, par tête",_Z,Non applicable,_Z,Non applicable,_Z,Non-applicable,USD_PPP_PS,"Dollars des É-U par personne, PPA convertis",V,Prix courants,N,Données non transformées,T0102,Tableau 0102 - PIB selon l'approche de la dépense,1998,,25075.329185,,,,F,Libre (libre pour publication),1,,A,Valeur normale,0,,_Z,N'est pas applicable
DATAFLOW,OECD.SDD.NAD:DSD_NAMAIN10@DF_TABLE1_EXPENDITURE_HCPC(2.0),"PIB et consommation, annuel, par tête, $ É-U, prix courants, PPA courantes",I,A,Annuelle,DEU,Allemagne,S1,Economie totale,S1,Economie totale,B1GQ_POP,"Produit intérieur brut, par tête",_Z,Non applicable,_Z,Non applicable,_Z,Non-applicable,USD_PPP_PS,"Dollars des É-U par personne, PPA convertis",V,Prix courants,N,Données non transformées,T0102,Tableau 0102 - PIB selon l'approche de la dépense,2024,,73956.620229,,,,F,Libre (libre pour publication),1,,P,Valeur provisoire,0,,_Z,N'est pas applicable
DATAFLOW,OECD.SDD.NAD:DSD_NAMAIN10@DF_TABLE1_EXPENDITURE_HCPC(2.0),"PIB et consommation, annuel, par tête, $ É-U, prix courants, PPA courantes",I,A,Annuelle,FRA,France,S1,Economie totale,S1,Economie totale,B1GQ_POP,"Produit intérieur brut, par tête",_Z,Non applicable,_Z,Non applicable,_Z,Non-applicable,USD_PPP_PS,"Dollars des É-U par personne, PPA convertis",V,Prix courants,N,Données non transformées,T0102,Tableau 0102 - PIB selon l'approche de la dépense,2024,,62524.223344,,,,F,Libre (libre pour publication),1,,P,Valeur provisoire,0,,_Z,N'est pas applicable
DATAFLOW,OECD.SDD.NAD:DSD_NAMAIN10@DF_TABLE1_EXPENDITURE_HCPC(2.0),"PIB et consommation, annuel, par tête, $ É-U, prix courants, PPA courantes",I,A,Annuelle,ESP,Espagne,S1,Economie totale,S1,Economie totale,B1GQ_POP,"Produit intérieur brut, par tête",_Z,Non applicable,_Z,Non applicable,_Z,Non-applicable,USD_PPP_PS,"Dollars des É-U par personne, PPA convertis",V,Prix courants,N,Données non transformées,T0102,Tableau 0102 - PIB selon l'approche de la dépense,2023,,55661.304279,,,,F,Libre (libre pour publication),1,,P,Valeur provisoire,0,,_Z,N'est pas applicable
DATAFLOW,OECD.SDD.NAD:DSD_NAMAIN10@DF_TABLE1_EXPENDITURE_HCPC(2.0),"PIB et consommation, annuel, par tête, $ É-U, prix courants, PPA courantes",I,A,Annuelle,DEU,Allemagne,S1,Economie totale,S1,Economie totale,B1GQ_POP,"Produit intérieur brut, par tête",_Z,Non applicable,_Z,Non applicable,_Z,Non-applicable,USD_PPP_PS,"Dollars des É-U par personne, PPA convertis",V,Prix courants,N,Données non transformées,T0102,Tableau 0102 - PIB selon l'approche de la dépense,2023,,72262.483672,,,,F,Libre (libre pour publication),1,,P,Valeur provisoire,0,,_Z,N'est pas applicable
DATAFLOW,OECD.SDD.NAD:DSD_NAMAIN10@DF_TABLE1_EXPENDITURE_HCPC(2.0),"PIB et consommation, annuel, par tête, $ É-U, prix courants, PPA courantes",I,A,Annuelle,FRA,France,S1,Economie totale,S1,Economie totale,B1GQ_POP,"Produit intérieur brut, par tête",_Z,Non applicable,_Z,Non applicable,_Z,Non-applicable,USD_PPP_PS,"Dollars des É-U par personne, PPA convertis",V,Prix courants,N,Données non transformées,T0102,Tableau 0102 - PIB selon l'approche de la dépense,2023,,60927.2735,,,,F,Libre (libre pour publication),1,,P,Valeur provisoire,0,,_Z,N'est pas applicable
DATAFLOW,OECD.SDD.NAD:DSD_NAMAIN10@DF_TABLE1_EXPENDITURE_HCPC(2.0),"PIB et consommation, annuel, par tête, $ É-U, prix courants, PPA courantes",I,A,Annuelle,DEU,Allemagne,S1,Economie totale,S1,Economie totale,B1GQ_POP,"Produit intérieur brut, par tête",_Z,Non applicable,_Z,Non applicable,_Z,Non-applicable,USD_PPP_PS,"Dollars des É-U par personne, PPA convertis",V,Prix courants,N,Données non transformées,T0102,Tableau 0102 - PIB selon l'approche de la dépense,2022,,70217.397604,,,,F,Libre (libre pour publication),1,,P,Valeur provisoire,0,,_Z,N'est pas applicable
DATAFLOW,OECD.SDD.NAD:DSD_NAMAIN10@DF_TABLE1_EXPENDITURE_HCPC(2.0),"PIB et consommation, annuel, par tête, $ É-U, prix courants, PPA courantes",I,A,Annuelle,ESP,Espagne,S1,Economie totale,S1,Economie totale,B1GQ_POP,"Produit intérieur brut, par tête",_Z,Non applicable,_Z,Non applicable,_Z,Non-applicable,USD_PPP_PS,"Dollars des É-U par personne, PPA convertis",V,Prix courants,N,Données non transformées,T0102,Tableau 0102 - PIB selon l'approche de la dépense,1994,,15538.296212,,,,F,Libre (libre pour publication),1,,E,Valeur estimée,0,,_Z,N'est pas applicable
DATAFLOW,OECD.SDD.NAD:DSD_NAMAIN10@DF_TABLE1_EXPENDITURE_HCPC(2.0),"PIB et consommation, annuel, par tête, $ É-U, prix courants, PPA courantes",I,A,Annuelle,ITA,Italie,S1,Economie totale,S1,Economie totale,B1GQ_POP,"Produit intérieur brut, par tête",_Z,Non applicable,_Z,Non applicable,_Z,Non-applicable,USD_PPP_PS,"Dollars des É-U par personne, PPA convertis",V,Prix courants,N,Données non transformées,T0102,Tableau 0102 - PIB selon l'approche de la dépense,1994,,21368.559834,,,,F,Libre (libre pour publication),1,,E,Valeur estimée,0,,_Z,N'est pas applicable
DATAFLOW,OECD.SDD.NAD:DSD_NAMAIN10@DF_TABLE1_EXPENDITURE_HCPC(2.0),"PIB et consommation, annuel, par tête, $ É-U, prix courants, PPA courantes",I,A,Annuelle,CZE,Tchéquie,S1,Economie totale,S1,Economie totale,B1GQ_POP,"Produit intérieur brut, par tête",_Z,Non applicable,_Z,Non applicable,_Z,Non-applicable,USD_PPP_PS,"Dollars des É-U par personne, PPA convertis",V,Prix courants,N,Données non transformées,T0102,Tableau 0102 - PIB selon l'approche de la dépense,1994,,12858.855432,,,,F,Libre (libre pour publication),1,,E,Valeur estimée,0,,_Z,N'est pas applicable
DATAFLOW,OECD.SDD.NAD:DSD_NAMAIN10@DF_TABLE1_EXPENDITURE_HCPC(2.0),"PIB et consommation, annuel, par tête, $ É-U, prix courants, PPA courantes",I,A,Annuelle,BEL,Belgique,S1,Economie totale,S1,Economie totale,B1GQ_POP,"Produit intérieur brut, par tête",_Z,Non applicable,_Z,Non applicable,_Z,Non-applicable,USD_PPP_PS,"Dollars des É-U par personne, PPA convertis",V,Prix courants,N,Données non transformées,T0102,Tableau 0102 - PIB selon l'approche de la dépense,1994,,21517.831129,,,,F,Libre (libre pour publication),1,,E,Valeur estimée,0,,_Z,N'est pas applicable
DATAFLOW,OECD.SDD.NAD:DSD_NAMAIN10@DF_TABLE1_EXPENDITURE_HCPC(2.0),"PIB et consommation, annuel, par tête, $ É-U, prix courants, PPA courantes",I,A,Annuelle,AUT,Autriche,S1,Economie totale,S1,Economie totale,B1GQ_POP,"Produit intérieur brut, par tête",_Z,Non applicable,_Z,Non applicable,_Z,Non-applicable,USD_PPP_PS,"Dollars des É-U par personne, PPA convertis",V,Prix courants,N,Données non transformées,T0102,Tableau 0102 - PIB selon l'approche de la dépense,1994,,22553.002422,,,,F,Libre (libre pour publication),1,,E,Valeur estimée,0,,_Z,N'est pas applicable
DATAFLOW,OECD.SDD.NAD:DSD_NAMAIN10@DF_TABLE1_EXPENDITURE_HCPC(2.0),"PIB et consommation, annuel, par tête, $ É-U, prix courants, PPA courantes",I,A,Annuelle,ESP,Espagne,S1,Economie totale,S1,Economie totale,B1GQ_POP,"Produit intérieur brut, par tête",_Z,Non applicable,_Z,Non applicable,_Z,Non-applicable,USD_PPP_PS,"Dollars des É-U par personne, PPA convertis",V,Prix courants,N,Données non transformées,T0102,Tableau 0102 - PIB selon l'approche de la dépense,1993,,14885.974712,,,,F,Libre (libre pour publication),1,,E,Valeur estimée,0,,_Z,N'est pas applicable
DATAFLOW,OECD.SDD.NAD:DSD_NAMAIN10@DF_TABLE1_EXPENDITURE_HCPC(2.0),"PIB et consommation, annuel, par tête, $ É-U, prix courants, PPA courantes",I,A,Annuelle,ITA,Italie,S1,Economie totale,S1,Economie totale,B1GQ_POP,"Produit intérieur brut, par tête",_Z,Non applicable,_Z,Non applicable,_Z,Non-applicable,USD_PPP_PS,"Dollars des É-U par personne, PPA convertis",V,Prix courants,N,Données non transformées,T0102,Tableau 0102 - PIB selon l'approche de la dépense,1993,,20485.460319,,,,F,Libre (libre pour publication),1,,E,Valeur estimée,0,,_Z,N'est pas applicable
DATAFLOW,OECD.SDD.NAD:DSD_NAMAIN10@DF_TABLE1_EXPENDITURE_HCPC(2.0),"PIB et consommation, annuel, par tête, $ É-U, prix courants, PPA courantes",I,A,Annuelle,CZE,Tchéquie,S1,Economie totale,S1,Economie totale,B1GQ_POP,"Produit intérieur brut, par tête",_Z,Non applicable,_Z,Non applicable,_Z,Non-applicable,USD_PPP_PS,"Dollars des É-U par personne, PPA convertis",V,Prix courants,N,Données non transformées,T0102,Tableau 0102 - PIB selon l'approche de la dépense,1993,,12240.683724,,,,F,Libre (libre pour publication),1,,E,Valeur estimée,0,,_Z,N'est pas applicable
DATAFLOW,OECD.SDD.NAD:DSD_NAMAIN10@DF_TABLE1_EXPENDITURE_HCPC(2.0),"PIB et consommation, annuel, par tête, $ É-U, prix courants, PPA courantes",I,A,Annuelle,BEL,Belgique,S1,Economie totale,S1,Economie totale,B1GQ_POP,"Produit intérieur brut, par tête",_Z,Non applicable,_Z,Non applicable,_Z,Non-applicable,USD_PPP_PS,"Dollars des É-U par personne, PPA convertis",V,Prix courants,N,Données non transformées,T0102,Tableau 0102 - PIB selon l'approche de la dépense,1993,,20470.089,,,,F,Libre (libre pour publication),1,,E,Valeur estimée,0,,_Z,N'est pas applicable
DATAFLOW,OECD.SDD.NAD:DSD_NAMAIN10@DF_TABLE1_EXPENDITURE_HCPC(2.0),"PIB et consommation, annuel, par tête, $ É-U, prix courants, PPA courantes",I,A,Annuelle,AUT,Autriche,S1,Economie totale,S1,Economie totale,B1GQ_POP,"Produit intérieur brut, par tête",_Z,Non applicable,_Z,Non applicable,_Z,Non-applicable,USD_PPP_PS,"Dollars des É-U par personne, PPA convertis",V,Prix courants,N,Données non transformées,T0102,Tableau 0102 - PIB selon l'approche de la dépense,1993,,21646.690745,,,,F,Libre (libre pour publication),1,,E,Valeur estimée,0,,_Z,N'est pas applicable
DATAFLOW,OECD.SDD.NAD:DSD_NAMAIN10@DF_TABLE1_EXPENDITURE_HCPC(2.0),"PIB et consommation, annuel, par tête, $ É-U, prix courants, PPA courantes",I,A,Annuelle,ESP,Espagne,S1,Economie totale,S1,Economie totale,B1GQ_POP,"Produit intérieur brut, par tête",_Z,Non applicable,_Z,Non applicable,_Z,Non-applicable,USD_PPP_PS,"Dollars des É-U par personne, PPA convertis",V,Prix courants,N,Données non transformées,T0102,Tableau 0102 - PIB selon l'approche de la dépense,1992,,14724.981306,,,,F,Libre (libre pour publication),1,,E,Valeur estimée,0,,_Z,N'est pas applicable
DATAFLOW,OECD.SDD.NAD:DSD_NAMAIN10@DF_TABLE1_EXPENDITURE_HCPC(2.0),"PIB et consommation, annuel, par tête, $ É-U, prix courants, PPA courantes",I,A,Annuelle,ITA,Italie,S1,Economie totale,S1,Economie totale,B1GQ_POP,"Produit intérieur brut, par tête",_Z,Non applicable,_Z,Non applicable,_Z,Non-applicable,USD_PPP_PS,"Dollars des É-U par personne, PPA convertis",V,Prix courants,N,Données non transformées,T0102,Tableau 0102 - PIB selon l'approche de la dépense,1992,,20195.58663,,,,F,Libre (libre pour publication),1,,E,Valeur estimée,0,,_Z,N'est pas applicable
DATAFLOW,OECD.SDD.NAD:DSD_NAMAIN10@DF_TABLE1_EXPENDITURE_HCPC(2.0),"PIB et consommation, annuel, par tête, $ É-U, prix courants, PPA courantes",I,A,Annuelle,CZE,Tchéquie,S1,Economie totale,S1,Economie totale,B1GQ_POP,"Produit intérieur brut, par tête",_Z,Non applicable,_Z,Non applicable,_Z,Non-applicable,USD_PPP_PS,"Dollars des É-U par personne, PPA convertis",V,Prix courants,N,Données non transformées,T0102,Tableau 0102 - PIB selon l'approche de la dépense,1992,,11964.685208,,,,F,Libre (libre pour publication),1,,E,Valeur estimée,0,,_Z,N'est pas applicable
DATAFLOW,OECD.SDD.NAD:DSD_NAMAIN10@DF_TABLE1_EXPENDITURE_HCPC(2.0),"PIB et consommation, annuel, par tête, $ É-U, prix courants, PPA courantes",I,A,Annuelle,BEL,Belgique,S1,Economie totale,S1,Economie totale,B1GQ_POP,"Produit intérieur brut, par tête",_Z,Non applicable,_Z,Non applicable,_Z,Non-applicable,USD_PPP_PS,"Dollars des É-U par personne, PPA convertis",V,Prix courants,N,Données non transformées,T0102,Tableau 0102 - PIB selon l'approche de la dépense,1992,,20268.695142,,,,F,Libre (libre pour publication),1,,E,Valeur estimée,0,,_Z,N'est pas applicable
DATAFLOW,OECD.SDD.NAD:DSD_NAMAIN10@DF_TABLE1_EXPENDITURE_HCPC(2.0),"PIB et consommation, annuel, par tête, $ É-U, prix courants, PPA courantes",I,A,Annuelle,AUT,Autriche,S1,Economie totale,S1,Economie totale,B1GQ_POP,"Produit intérieur brut, par tête",_Z,Non applicable,_Z,Non applicable,_Z,Non-applicable,USD_PPP_PS,"Dollars des É-U par personne, PPA convertis",V,Prix courants,N,Données non transformées,T0102,Tableau 0102 - PIB selon l'approche de la dépense,1992,,21208.833887,,,,F,Libre (libre pour publication),1,,E,Valeur estimée,0,,_Z,N'est pas applicable
DATAFLOW,OECD.SDD.NAD:DSD_NAMAIN10@DF_TABLE1_EXPENDITURE_HCPC(2.0),"PIB et consommation, annuel, par tête, $ É-U, prix courants, PPA courantes",I,A,Annuelle,ESP,Espagne,S1,Economie totale,S1,Economie totale,B1GQ_POP,"Produit intérieur brut, par tête",_Z,Non applicable,_Z,Non applicable,_Z,Non-applicable,USD_PPP_PS,"Dollars des É-U par personne, PPA convertis",V,Prix courants,N,Données non transformées,T0102,Tableau 0102 - PIB selon l'approche de la dépense,1991,,14297.702291,,,,F,Libre (libre pour publication),1,,E,Valeur estimée,0,,_Z,N'est pas applicable
DATAFLOW,OECD.SDD.NAD:DSD_NAMAIN10@DF_TABLE1_EXPENDITURE_HCPC(2.0),"PIB et consommation, annuel, par tête, $ É-U, prix courants, PPA courantes",I,A,Annuelle,ITA,Italie,S1,Economie totale,S1,Economie totale,B1GQ_POP,"Produit intérieur brut, par tête",_Z,Non applicable,_Z,Non applicable,_Z,Non-applicable,USD_PPP_PS,"Dollars des É-U par personne, PPA convertis",V,Prix courants,N,Données non transformées,T0102,Tableau 0102 - PIB selon l'approche de la dépense,1991,,19589.692796,,,,F,Libre (libre pour publication),1,,E,Valeur estimée,0,,_Z,N'est pas applicable
DATAFLOW,OECD.SDD.NAD:DSD_NAMAIN10@DF_TABLE1_EXPENDITURE_HCPC(2.0),"PIB et consommation, annuel, par tête, $ É-U, prix courants, PPA courantes",I,A,Annuelle,CZE,Tchéquie,S1,Economie totale,S1,Economie totale,B1GQ_POP,"Produit intérieur brut, par tête",_Z,Non applicable,_Z,Non applicable,_Z,Non-applicable,USD_PPP_PS,"Dollars des É-U par personne, PPA convertis",V,Prix courants,N,Données non transformées,T0102,Tableau 0102 - PIB selon l'approche de la dépense,1991,,11768.067551,,,,F,Libre (libre pour publication),1,,E,Valeur estimée,0,,_Z,N'est pas applicable
DATAFLOW,OECD.SDD.NAD:DSD_NAMAIN10@DF_TABLE1_EXPENDITURE_HCPC(2.0),"PIB et consommation, annuel, par tête, $ É-U, prix courants, PPA courantes",I,A,Annuelle,BEL,Belgique,S1,Economie totale,S1,Economie totale,B1GQ_POP,"Produit intérieur brut, par tête",_Z,Non applicable,_Z,Non applicable,_Z,Non-applicable,USD_PPP_PS,"Dollars des É-U par personne, PPA convertis",V,Prix courants,N,Données non transformées,T0102,Tableau 0102 - PIB selon l'approche de la dépense,1991,,19598.311423,,,,F,Libre (libre pour publication),1,,E,Valeur estimée,0,,_Z,N'est pas applicable
DATAFLOW,OECD.SDD.NAD:DSD_NAMAIN10@DF_TABLE1_EXPENDITURE_HCPC(2.0),"PIB et consommation, annuel, par tête, $ É-U, prix courants, PPA courantes",I,A,Annuelle,AUT,Autriche,S1,Economie totale,S1,Economie totale,B1GQ_POP,"Produit intérieur brut, par tête",_Z,Non applicable,_Z,Non applicable,_Z,Non-applicable,USD_PPP_PS,"Dollars des É-U par personne, PPA convertis",V,Prix courants,N,Données non transformées,T0102,Tableau 0102 - PIB selon l'approche de la dépense,1991,,20535.835308,,,,F,Libre (libre pour publication),1,,E,Valeur estimée,0,,_Z,N'est pas applicable
DATAFLOW,OECD.SDD.NAD:DSD_NAMAIN10@DF_TABLE1_EXPENDITURE_HCPC(2.0),"PIB et consommation, annuel, par tête, $ É-U, prix courants, PPA courantes",I,A,Annuelle,ESP,Espagne,S1,Economie totale,S1,Economie totale,B1GQ_POP,"Produit intérieur brut, par tête",_Z,Non applicable,_Z,Non applicable,_Z,Non-applicable,USD_PPP_PS,"Dollars des É-U par personne, PPA convertis",V,Prix courants,N,Données non transformées,T0102,Tableau 0102 - PIB selon l'approche de la dépense,1990,,13510.545986,,,,F,Libre (libre pour publication),1,,E,Valeur estimée,0,,_Z,N'est pas applicable
DATAFLOW,OECD.SDD.NAD:DSD_NAMAIN10@DF_TABLE1_EXPENDITURE_HCPC(2.0),"PIB et consommation, annuel, par tête, $ É-U, prix courants, PPA courantes",I,A,Annuelle,ITA,Italie,S1,Economie totale,S1,Economie totale,B1GQ_POP,"Produit intérieur brut, par tête",_Z,Non applicable,_Z,Non applicable,_Z,Non-applicable,USD_PPP_PS,"Dollars des É-U par personne, PPA convertis",V,Prix courants,N,Données non transformées,T0102,Tableau 0102 - PIB selon l'approche de la dépense,1990,,18680.299552,,,,F,Libre (libre pour publication),1,,E,Valeur estimée,0,,_Z,N'est pas applicable
DATAFLOW,OECD.SDD.NAD:DSD_NAMAIN10@DF_TABLE1_EXPENDITURE_HCPC(2.0),"PIB et consommation, annuel, par tête, $ É-U, prix courants, PPA courantes",I,A,Annuelle,DEU,Allemagne,S1,Economie totale,S1,Economie totale,B1GQ_POP,"Produit intérieur brut, par tête",_Z,Non applicable,_Z,Non applicable,_Z,Non-applicable,USD_PPP_PS,"Dollars des É-U par personne, PPA convertis",V,Prix courants,N,Données non transformées,T0102,Tableau 0102 - PIB selon l'approche de la dépense,1990,,19484.744187,,,,F,Libre (libre pour publication),1,,E,Valeur estimée,0,,_Z,N'est pas applicable
DATAFLOW,OECD.SDD.NAD:DSD_NAMAIN10@DF_TABLE1_EXPENDITURE_HCPC(2.0),"PIB et consommation, annuel, par tête, $ É-U, prix courants, PPA courantes",I,A,Annuelle,CZE,Tchéquie,S1,Economie totale,S1,Economie totale,B1GQ_POP,"Produit intérieur brut, par tête",_Z,Non applicable,_Z,Non applicable,_Z,Non-applicable,USD_PPP_PS,"Dollars des É-U par personne, PPA convertis",V,Prix courants,N,Données non transformées,T0102,Tableau 0102 - PIB selon l'approche de la dépense,1990,,12811.816435,,,,F,Libre (libre pour publication),1,,E,Valeur estimée,0,,_Z,N'est pas applicable
DATAFLOW,OECD.SDD.NAD:DSD_NAMAIN10@DF_TABLE1_EXPENDITURE_HCPC(2.0),"PIB et consommation, annuel, par tête, $ É-U, prix courants, PPA courantes",I,A,Annuelle,BEL,Belgique,S1,Economie totale,S1,Economie totale,B1GQ_POP,"Produit intérieur brut, par tête",_Z,Non applicable,_Z,Non applicable,_Z,Non-applicable,USD_PPP_PS,"Dollars des É-U par personne, PPA convertis",V,Prix courants,N,Données non transformées,T0102,Tableau 0102 - PIB selon l'approche de la dépense,1990,,18686.937305,,,,F,Libre (libre pour publication),1,,E,Valeur estimée,0,,_Z,N'est pas applicable
DATAFLOW,OECD.SDD.NAD:DSD_NAMAIN10@DF_TABLE1_EXPENDITURE_HCPC(2.0),"PIB et consommation, annuel, par tête, $ É-U, prix courants, PPA courantes",I,A,Annuelle,AUT,Autriche,S1,Economie totale,S1,Economie totale,B1GQ_POP,"Produit intérieur brut, par tête",_Z,Non applicable,_Z,Non applicable,_Z,Non-applicable,USD_PPP_PS,"Dollars des É-U par personne, PPA convertis",V,Prix courants,N,Données non transformées,T0102,Tableau 0102 - PIB selon l'approche de la dépense,1990,,19395.856653,,,,F,Libre (libre pour publication),1,,E,Valeur estimée,0,,_Z,N'est pas applicable
DATAFLOW,OECD.SDD.NAD:DSD_NAMAIN10@DF_TABLE1_EXPENDITURE_HCPC(2.0),"PIB et consommation, annuel, par tête, $ É-U, prix courants, PPA courantes",I,A,Annuelle,AUT,Autriche,S1,Economie totale,S1,Economie totale,B1GQ_POP,"Produit intérieur brut, par tête",_Z,Non applicable,_Z,Non applicable,_Z,Non-applicable,USD_PPP_PS,"Dollars des É-U par personne, PPA convertis",V,Prix courants,N,Données non transformées,T0102,Tableau 0102 - PIB selon l'approche de la dépense,2024,,75775.015047,,,,F,Libre (libre pour publication),1,,A,Valeur normale,0,,_Z,N'est pas applicable
DATAFLOW,OECD.SDD.NAD:DSD_NAMAIN10@DF_TABLE1_EXPENDITURE_HCPC(2.0),"PIB et consommation, annuel, par tête, $ É-U, prix courants, PPA courantes",I,A,Annuelle,AUT,Autriche,S1,Economie totale,S1,Economie totale,B1GQ_POP,"Produit intérieur brut, par tête",_Z,Non applicable,_Z,Non applicable,_Z,Non-applicable,USD_PPP_PS,"Dollars des É-U par personne, PPA convertis",V,Prix courants,N,Données non transformées,T0102,Tableau 0102 - PIB selon l'approche de la dépense,1996,,24426.757507,,,,F,Libre (libre pour publication),1,,A,Valeur normale,0,,_Z,N'est pas applicable
DATAFLOW,OECD.SDD.NAD:DSD_NAMAIN10@DF_TABLE1_EXPENDITURE_HCPC(2.0),"PIB et consommation, annuel, par tête, $ É-U, prix courants, PPA courantes",I,A,Annuelle,ESP,Espagne,S1,Economie totale,S1,Economie totale,B1GQ_POP,"Produit intérieur brut, par tête",_Z,Non applicable,_Z,Non applicable,_Z,Non-applicable,USD_PPP_PS,"Dollars des É-U par personne, PPA convertis",V,Prix courants,N,Données non transformées,T0102,Tableau 0102 - PIB selon l'approche de la dépense,1995,,16277.972003,,,,F,Libre (libre pour publication),1,,A,Valeur normale,0,,_Z,N'est pas applicable
DATAFLOW,OECD.SDD.NAD:DSD_NAMAIN10@DF_TABLE1_EXPENDITURE_HCPC(2.0),"PIB et consommation, annuel, par tête, $ É-U, prix courants, PPA courantes",I,A,Annuelle,ITA,Italie,S1,Economie totale,S1,Economie totale,B1GQ_POP,"Produit intérieur brut, par tête",_Z,Non applicable,_Z,Non applicable,_Z,Non-applicable,USD_PPP_PS,"Dollars des É-U par personne, PPA convertis",V,Prix courants,N,Données non transformées,T0102,Tableau 0102 - PIB selon l'approche de la dépense,1995,,22446.045937,,,,F,Libre (libre pour publication),1,,A,Valeur normale,0,,_Z,N'est pas applicable
DATAFLOW,OECD.SDD.NAD:DSD_NAMAIN10@DF_TABLE1_EXPENDITURE_HCPC(2.0),"PIB et consommation, annuel, par tête, $ É-U, prix courants, PPA courantes",I,A,Annuelle,DEU,Allemagne,S1,Economie totale,S1,Economie totale,B1GQ_POP,"Produit intérieur brut, par tête",_Z,Non applicable,_Z,Non applicable,_Z,Non-applicable,USD_PPP_PS,"Dollars des É-U par personne, PPA convertis",V,Prix courants,N,Données non transformées,T0102,Tableau 0102 - PIB selon l'approche de la dépense,1995,,23738.106049,,,,F,Libre (libre pour publication),1,,A,Valeur normale,0,,_Z,N'est pas applicable
DATAFLOW,OECD.SDD.NAD:DSD_NAMAIN10@DF_TABLE1_EXPENDITURE_HCPC(2.0),"PIB et consommation, annuel, par tête, $ É-U, prix courants, PPA courantes",I,A,Annuelle,FRA,France,S1,Economie totale,S1,Economie totale,B1GQ_POP,"Produit intérieur brut, par tête",_Z,Non applicable,_Z,Non applicable,_Z,Non-applicable,USD_PPP_PS,"Dollars des É-U par personne, PPA convertis",V,Prix courants,N,Données non transformées,T0102,Tableau 0102 - PIB selon l'approche de la dépense,1995,,20748.171946,,,,F,Libre (libre pour publication),1,,A,Valeur normale,0,,_Z,N'est pas applicable
DATAFLOW,OECD.SDD.NAD:DSD_NAMAIN10@DF_TABLE1_EXPENDITURE_HCPC(2.0),"PIB et consommation, annuel, par tête, $ É-U, prix courants, PPA courantes",I,A,Annuelle,ITA,Italie,S1,Economie totale,S1,Economie totale,B1GQ_POP,"Produit intérieur brut, par tête",_Z,Non applicable,_Z,Non applicable,_Z,Non-applicable,USD_PPP_PS,"Dollars des É-U par personne, PPA convertis",V,Prix courants,N,Données non transformées,T0102,Tableau 0102 - PIB selon l'approche de la dépense,2007,,34107.552548,,,,F,Libre (libre pour publication),1,,A,Valeur normale,0,,_Z,N'est pas applicable
DATAFLOW,OECD.SDD.NAD:DSD_NAMAIN10@DF_TABLE1_EXPENDITURE_HCPC(2.0),"PIB et consommation, annuel, par tête, $ É-U, prix courants, PPA courantes",I,A,Annuelle,DEU,Allemagne,S1,Economie totale,S1,Economie totale,B1GQ_POP,"Produit intérieur brut, par tête",_Z,Non applicable,_Z,Non applicable,_Z,Non-applicable,USD_PPP_PS,"Dollars des É-U par personne, PPA convertis",V,Prix courants,N,Données non transformées,T0102,Tableau 0102 - PIB selon l'approche de la dépense,2007,,37494.809238,,,,F,Libre (libre pour publication),1,,A,Valeur normale,0,,_Z,N'est pas applicable
DATAFLOW,OECD.SDD.NAD:DSD_NAMAIN10@DF_TABLE1_EXPENDITURE_HCPC(2.0),"PIB et consommation, annuel, par tête, $ É-U, prix courants, PPA courantes",I,A,Annuelle,AUT,Autriche,S1,Economie totale,S1,Economie totale,B1GQ_POP,"Produit intérieur brut, par tête",_Z,Non applicable,_Z,Non applicable,_Z,Non-applicable,USD_PPP_PS,"Dollars des É-U par personne, PPA convertis",V,Prix courants,N,Données non transformées,T0102,Tableau 0102 - PIB selon l'approche de la dépense,2006,,37391.103461,,,,F,Libre (libre pour publication),1,,A,Valeur normale,0,,_Z,N'est pas applicable
DATAFLOW,OECD.SDD.NAD:DSD_NAMAIN10@DF_TABLE1_EXPENDITURE_HCPC(2.0),"PIB et consommation, annuel, par tête, $ É-U, prix courants, PPA courantes",I,A,Annuelle,ESP,Espagne,S1,Economie totale,S1,Economie totale,B1GQ_POP,"Produit intérieur brut, par tête",_Z,Non applicable,_Z,Non applicable,_Z,Non-applicable,USD_PPP_PS,"Dollars des É-U par personne, PPA convertis",V,Prix courants,N,Données non transformées,T0102,Tableau 0102 - PIB selon l'approche de la dépense,2004,,26198.072929,,,,F,Libre (libre pour publication),1,,A,Valeur normale,0,,_Z,N'est pas applicable
DATAFLOW,OECD.SDD.NAD:DSD_NAMAIN10@DF_TABLE1_EXPENDITURE_HCPC(2.0),"PIB et consommation, annuel, par tête, $ É-U, prix courants, PPA courantes",I,A,Annuelle,ITA,Italie,S1,Economie totale,S1,Economie totale,B1GQ_POP,"Produit intérieur brut, par tête",_Z,Non applicable,_Z,Non applicable,_Z,Non-applicable,USD_PPP_PS,"Dollars des É-U par personne, PPA convertis",V,Prix courants,N,Données non transformées,T0102,Tableau 0102 - PIB selon l'approche de la dépense,2004,,29580.815906,,,,F,Libre (libre pour publication),1,,A,Valeur normale,0,,_Z,N'est pas applicable
DATAFLOW,OECD.SDD.NAD:DSD_NAMAIN10@DF_TABLE1_EXPENDITURE_HCPC(2.0),"PIB et consommation, annuel, par tête, $ É-U, prix courants, PPA courantes",I,A,Annuelle,DEU,Allemagne,S1,Economie totale,S1,Economie totale,B1GQ_POP,"Produit intérieur brut, par tête",_Z,Non applicable,_Z,Non applicable,_Z,Non-applicable,USD_PPP_PS,"Dollars des É-U par personne, PPA convertis",V,Prix courants,N,Données non transformées,T0102,Tableau 0102 - PIB selon l'approche de la dépense,2004,,32166.474119,,,,F,Libre (libre pour publication),1,,A,Valeur normale,0,,_Z,N'est pas applicable
DATAFLOW,OECD.SDD.NAD:DSD_NAMAIN10@DF_TABLE1_EXPENDITURE_HCPC(2.0),"PIB et consommation, annuel, par tête, $ É-U, prix courants, PPA courantes",I,A,Annuelle,FRA,France,S1,Economie totale,S1,Economie totale,B1GQ_POP,"Produit intérieur brut, par tête",_Z,Non applicable,_Z,Non applicable,_Z,Non-applicable,USD_PPP_PS,"Dollars des É-U par personne, PPA convertis",V,Prix courants,N,Données non transformées,T0102,Tableau 0102 - PIB selon l'approche de la dépense,2004,,29016.842034,,,,F,Libre (libre pour publication),1,,A,Valeur normale,0,,_Z,N'est pas applicable
DATAFLOW,OECD.SDD.NAD:DSD_NAMAIN10@DF_TABLE1_EXPENDITURE_HCPC(2.0),"PIB et consommation, annuel, par tête, $ É-U, prix courants, PPA courantes",I,A,Annuelle,ESP,Espagne,S1,Economie totale,S1,Economie totale,B1GQ_POP,"Produit intérieur brut, par tête",_Z,Non applicable,_Z,Non applicable,_Z,Non-applicable,USD_PPP_PS,"Dollars des É-U par personne, PPA convertis",V,Prix courants,N,Données non transformées,T0102,Tableau 0102 - PIB selon l'approche de la dépense,2020,,39339.972989,,,,F,Libre (libre pour publication),1,,A,Valeur normale,0,,_Z,N'est pas applicable
DATAFLOW,OECD.SDD.NAD:DSD_NAMAIN10@DF_TABLE1_EXPENDITURE_HCPC(2.0),"PIB et consommation, annuel, par tête, $ É-U, prix courants, PPA courantes",I,A,Annuelle,ITA,Italie,S1,Economie totale,S1,Economie totale,B1GQ_POP,"Produit intérieur brut, par tête",_Z,Non applicable,_Z,Non applicable,_Z,Non-applicable,USD_PPP_PS,"Dollars des É-U par personne, PPA convertis",V,Prix courants,N,Données non transformées,T0102,Tableau 0102 - PIB selon l'approche de la dépense,2020,,44435.606105,,,,F,Libre (libre pour publication),1,,A,Valeur normale,0,,_Z,N'est pas applicable
DATAFLOW,OECD.SDD.NAD:DSD_NAMAIN10@DF_TABLE1_EXPENDITURE_HCPC(2.0),"PIB et consommation, annuel, par tête, $ É-U, prix courants, PPA courantes",I,A,Annuelle,CZE,Tchéquie,S1,Economie totale,S1,Economie totale,B1GQ_POP,"Produit intérieur brut, par tête",_Z,Non applicable,_Z,Non applicable,_Z,Non-applicable,USD_PPP_PS,"Dollars des É-U par personne, PPA convertis",V,Prix courants,N,Données non transformées,T0102,Tableau 0102 - PIB selon l'approche de la dépense,2020,,45675.064521,,,,F,Libre (libre pour publication),1,,A,Valeur normale,0,,_Z,N'est pas applicable
DATAFLOW,OECD.SDD.NAD:DSD_NAMAIN10@DF_TABLE1_EXPENDITURE_HCPC(2.0),"PIB et consommation, annuel, par tête, $ É-U, prix courants, PPA courantes",I,A,Annuelle,ESP,Espagne,S1,Economie totale,S1,Economie totale,B1GQ_POP,"Produit intérieur brut, par tête",_Z,Non applicable,_Z,Non applicable,_Z,Non-applicable,USD_PPP_PS,"Dollars des É-U par personne, PPA convertis",V,Prix courants,N,Données non transformées,T0102,Tableau 0102 - PIB selon l'approche de la dépense,2019,,44071.522632,,,,F,Libre (libre pour publication),1,,A,Valeur normale,0,,_Z,N'est pas applicable
DATAFLOW,OECD.SDD.NAD:DSD_NAMAIN10@DF_TABLE1_EXPENDITURE_HCPC(2.0),"PIB et consommation, annuel, par tête, $ É-U, prix courants, PPA courantes",I,A,Annuelle,ITA,Italie,S1,Economie totale,S1,Economie totale,B1GQ_POP,"Produit intérieur brut, par tête",_Z,Non applicable,_Z,Non applicable,_Z,Non-applicable,USD_PPP_PS,"Dollars des É-U par personne, PPA convertis",V,Prix courants,N,Données non transformées,T0102,Tableau 0102 - PIB selon l'approche de la dépense,2019,,46661.895024,,,,F,Libre (libre pour publication),1,,A,Valeur normale,0,,_Z,N'est pas applicable
DATAFLOW,OECD.SDD.NAD:DSD_NAMAIN10@DF_TABLE1_EXPENDITURE_HCPC(2.0),"PIB et consommation, annuel, par tête, $ É-U, prix courants, PPA courantes",I,A,Annuelle,CZE,Tchéquie,S1,Economie totale,S1,Economie totale,B1GQ_POP,"Produit intérieur brut, par tête",_Z,Non applicable,_Z,Non applicable,_Z,Non-applicable,USD_PPP_PS,"Dollars des É-U par personne, PPA convertis",V,Prix courants,N,Données non transformées,T0102,Tableau 0102 - PIB selon l'approche de la dépense,2019,,46139.564802,,,,F,Libre (libre pour publication),1,,A,Valeur normale,0,,_Z,N'est pas applicable
DATAFLOW,OECD.SDD.NAD:DSD_NAMAIN10@DF_TABLE1_EXPENDITURE_HCPC(2.0),"PIB et consommation, annuel, par tête, $ É-U, prix courants, PPA courantes",I,A,Annuelle,BEL,Belgique,S1,Economie totale,S1,Economie totale,B1GQ_POP,"Produit intérieur brut, par tête",_Z,Non applicable,_Z,Non applicable,_Z,Non-applicable,USD_PPP_PS,"Dollars des É-U par personne, PPA convertis",V,Prix courants,N,Données non transformées,T0102,Tableau 0102 - PIB selon l'approche de la dépense,2019,,56712.355972,,,,F,Libre (libre pour publication),1,,A,Valeur normale,0,,_Z,N'est pas applicable
DATAFLOW,OECD.SDD.NAD:DSD_NAMAIN10@DF_TABLE1_EXPENDITURE_HCPC(2.0),"PIB et consommation, annuel, par tête, $ É-U, prix courants, PPA courantes",I,A,Annuelle,ESP,Espagne,S1,Economie totale,S1,Economie totale,B1GQ_POP,"Produit intérieur brut, par tête",_Z,Non applicable,_Z,Non applicable,_Z,Non-applicable,USD_PPP_PS,"Dollars des É-U par personne, PPA convertis",V,Prix courants,N,Données non transformées,T0102,Tableau 0102 - PIB selon l'approche de la dépense,2018,,41073.672093,,,,F,Libre (libre pour publication),1,,A,Valeur normale,0,,_Z,N'est pas applicable
DATAFLOW,OECD.SDD.NAD:DSD_NAMAIN10@DF_TABLE1_EXPENDITURE_HCPC(2.0),"PIB et consommation, annuel, par tête, $ É-U, prix courants, PPA courantes",I,A,Annuelle,ITA,Italie,S1,Economie totale,S1,Economie totale,B1GQ_POP,"Produit intérieur brut, par tête",_Z,Non applicable,_Z,Non applicable,_Z,Non-applicable,USD_PPP_PS,"Dollars des É-U par personne, PPA convertis",V,Prix courants,N,Données non transformées,T0102,Tableau 0102 - PIB selon l'approche de la dépense,2018,,43583.419042,,,,F,Libre (libre pour publication),1,,A,Valeur normale,0,,_Z,N'est pas applicable
DATAFLOW,OECD.SDD.NAD:DSD_NAMAIN10@DF_TABLE1_EXPENDITURE_HCPC(2.0),"PIB et consommation, annuel, par tête, $ É-U, prix courants, PPA courantes",I,A,Annuelle,CZE,Tchéquie,S1,Economie totale,S1,Economie totale,B1GQ_POP,"Produit intérieur brut, par tête",_Z,Non applicable,_Z,Non applicable,_Z,Non-applicable,USD_PPP_PS,"Dollars des É-U par personne, PPA convertis",V,Prix courants,N,Données non transformées,T0102,Tableau 0102 - PIB selon l'approche de la dépense,2018,,42016.459957,,,,F,Libre (libre pour publication),1,,A,Valeur normale,0,,_Z,N'est pas applicable
DATAFLOW,OECD.SDD.NAD:DSD_NAMAIN10@DF_TABLE1_EXPENDITURE_HCPC(2.0),"PIB et consommation, annuel, par tête, $ É-U, prix courants, PPA courantes",I,A,Annuelle,ESP,Espagne,S1,Economie totale,S1,Economie totale,B1GQ_POP,"Produit intérieur brut, par tête",_Z,Non applicable,_Z,Non applicable,_Z,Non-applicable,USD_PPP_PS,"Dollars des É-U par personne, PPA convertis",V,Prix courants,N,Données non transformées,T0102,Tableau 0102 - PIB selon l'approche de la dépense,2017,,39877.2679,,,,F,Libre (libre pour publication),1,,A,Valeur normale,0,,_Z,N'est pas applicable
DATAFLOW,OECD.SDD.NAD:DSD_NAMAIN10@DF_TABLE1_EXPENDITURE_HCPC(2.0),"PIB et consommation, annuel, par tête, $ É-U, prix courants, PPA courantes",I,A,Annuelle,ITA,Italie,S1,Economie totale,S1,Economie totale,B1GQ_POP,"Produit intérieur brut, par tête",_Z,Non applicable,_Z,Non applicable,_Z,Non-applicable,USD_PPP_PS,"Dollars des É-U par personne, PPA convertis",V,Prix courants,N,Données non transformées,T0102,Tableau 0102 - PIB selon l'approche de la dépense,2017,,42142.314165,,,,F,Libre (libre pour publication),1,,A,Valeur normale,0,,_Z,N'est pas applicable
DATAFLOW,OECD.SDD.NAD:DSD_NAMAIN10@DF_TABLE1_EXPENDITURE_HCPC(2.0),"PIB et consommation, annuel, par tête, $ É-U, prix courants, PPA courantes",I,A,Annuelle,CZE,Tchéquie,S1,Economie totale,S1,Economie totale,B1GQ_POP,"Produit intérieur brut, par tête",_Z,Non applicable,_Z,Non applicable,_Z,Non-applicable,USD_PPP_PS,"Dollars des É-U par personne, PPA convertis",V,Prix courants,N,Données non transformées,T0102,Tableau 0102 - PIB selon l'approche de la dépense,2017,,39620.866229,,,,F,Libre (libre pour publication),1,,A,Valeur normale,0,,_Z,N'est pas applicable
DATAFLOW,OECD.SDD.NAD:DSD_NAMAIN10@DF_TABLE1_EXPENDITURE_HCPC(2.0),"PIB et consommation, annuel, par tête, $ É-U, prix courants, PPA courantes",I,A,Annuelle,ESP,Espagne,S1,Economie totale,S1,Economie totale,B1GQ_POP,"Produit intérieur brut, par tête",_Z,Non applicable,_Z,Non applicable,_Z,Non-applicable,USD_PPP_PS,"Dollars des É-U par personne, PPA convertis",V,Prix courants,N,Données non transformées,T0102,Tableau 0102 - PIB selon l'approche de la dépense,2016,,37637.842903,,,,F,Libre (libre pour publication),1,,A,Valeur normale,0,,_Z,N'est pas applicable
DATAFLOW,OECD.SDD.NAD:DSD_NAMAIN10@DF_TABLE1_EXPENDITURE_HCPC(2.0),"PIB et consommation, annuel, par tête, $ É-U, prix courants, PPA courantes",I,A,Annuelle,ITA,Italie,S1,Economie totale,S1,Economie totale,B1GQ_POP,"Produit intérieur brut, par tête",_Z,Non applicable,_Z,Non applicable,_Z,Non-applicable,USD_PPP_PS,"Dollars des É-U par personne, PPA convertis",V,Prix courants,N,Données non transformées,T0102,Tableau 0102 - PIB selon l'approche de la dépense,2016,,40482.591491,,,,F,Libre (libre pour publication),1,,A,Valeur normale,0,,_Z,N'est pas applicable
DATAFLOW,OECD.SDD.NAD:DSD_NAMAIN10@DF_TABLE1_EXPENDITURE_HCPC(2.0),"PIB et consommation, annuel, par tête, $ É-U, prix courants, PPA courantes",I,A,Annuelle,CZE,Tchéquie,S1,Economie totale,S1,Economie totale,B1GQ_POP,"Produit intérieur brut, par tête",_Z,Non applicable,_Z,Non applicable,_Z,Non-applicable,USD_PPP_PS,"Dollars des É-U par personne, PPA convertis",V,Prix courants,N,Données non transformées,T0102,Tableau 0102 - PIB selon l'approche de la dépense,2016,,36627.605125,,,,F,Libre (libre pour publication),1,,A,Valeur normale,0,,_Z,N'est pas applicable
DATAFLOW,OECD.SDD.NAD:DSD_NAMAIN10@DF_TABLE1_EXPENDITURE_HCPC(2.0),"PIB et consommation, annuel, par tête, $ É-U, prix courants, PPA courantes",I,A,Annuelle,ESP,Espagne,S1,Economie totale,S1,Economie totale,B1GQ_POP,"Produit intérieur brut, par tête",_Z,Non applicable,_Z,Non applicable,_Z,Non-applicable,USD_PPP_PS,"Dollars des É-U par personne, PPA convertis",V,Prix courants,N,Données non transformées,T0102,Tableau 0102 - PIB selon l'approche de la dépense,2014,,33781.105344,,,,F,Libre (libre pour publication),1,,A,Valeur normale,0,,_Z,N'est pas applicable
DATAFLOW,OECD.SDD.NAD:DSD_NAMAIN10@DF_TABLE1_EXPENDITURE_HCPC(2.0),"PIB et consommation, annuel, par tête, $ É-U, prix courants, PPA courantes",I,A,Annuelle,ITA,Italie,S1,Economie totale,S1,Economie totale,B1GQ_POP,"Produit intérieur brut, par tête",_Z,Non applicable,_Z,Non applicable,_Z,Non-applicable,USD_PPP_PS,"Dollars des É-U par personne, PPA convertis",V,Prix courants,N,Données non transformées,T0102,Tableau 0102 - PIB selon l'approche de la dépense,2014,,36665.709207,,,,F,Libre (libre pour publication),1,,A,Valeur normale,0,,_Z,N'est pas applicable
DATAFLOW,OECD.SDD.NAD:DSD_NAMAIN10@DF_TABLE1_EXPENDITURE_HCPC(2.0),"PIB et consommation, annuel, par tête, $ É-U, prix courants, PPA courantes",I,A,Annuelle,CZE,Tchéquie,S1,Economie totale,S1,Economie totale,B1GQ_POP,"Produit intérieur brut, par tête",_Z,Non applicable,_Z,Non applicable,_Z,Non-applicable,USD_PPP_PS,"Dollars des É-U par personne, PPA convertis",V,Prix courants,N,Données non transformées,T0102,Tableau 0102 - PIB selon l'approche de la dépense,2014,,32810.686828,,,,F,Libre (libre pour publication),1,,A,Valeur normale,0,,_Z,N'est pas applicable
DATAFLOW,OECD.SDD.NAD:DSD_NAMAIN10@DF_TABLE1_EXPENDITURE_HCPC(2.0),"PIB et consommation, annuel, par tête, $ É-U, prix courants, PPA courantes",I,A,Annuelle,ESP,Espagne,S1,Economie totale,S1,Economie totale,B1GQ_POP,"Produit intérieur brut, par tête",_Z,Non applicable,_Z,Non applicable,_Z,Non-applicable,USD_PPP_PS,"Dollars des É-U par personne, PPA convertis",V,Prix courants,N,Données non transformées,T0102,Tableau 0102 - PIB selon l'approche de la dépense,2013,,32629.838139,,,,F,Libre (libre pour publication),1,,A,Valeur normale,0,,_Z,N'est pas applicable
DATAFLOW,OECD.SDD.NAD:DSD_NAMAIN10@DF_TABLE1_EXPENDITURE_HCPC(2.0),"PIB et consommation, annuel, par tête, $ É-U, prix courants, PPA courantes",I,A,Annuelle,ITA,Italie,S1,Economie totale,S1,Economie totale,B1GQ_POP,"Produit intérieur brut, par tête",_Z,Non applicable,_Z,Non applicable,_Z,Non-applicable,USD_PPP_PS,"Dollars des É-U par personne, PPA convertis",V,Prix courants,N,Données non transformées,T0102,Tableau 0102 - PIB selon l'approche de la dépense,2013,,36459.286713,,,,F,Libre (libre pour publication),1,,A,Valeur normale,0,,_Z,N'est pas applicable
DATAFLOW,OECD.SDD.NAD:DSD_NAMAIN10@DF_TABLE1_EXPENDITURE_HCPC(2.0),"PIB et consommation, annuel, par tête, $ É-U, prix courants, PPA courantes",I,A,Annuelle,CZE,Tchéquie,S1,Economie totale,S1,Economie totale,B1GQ_POP,"Produit intérieur brut, par tête",_Z,Non applicable,_Z,Non applicable,_Z,Non-applicable,USD_PPP_PS,"Dollars des É-U par personne, PPA convertis",V,Prix courants,N,Données non transformées,T0102,Tableau 0102 - PIB selon l'approche de la dépense,2013,,31048.122456,,,,F,Libre (libre pour publication),1,,A,Valeur normale,0,,_Z,N'est pas applicable
DATAFLOW,OECD.SDD.NAD:DSD_NAMAIN10@DF_TABLE1_EXPENDITURE_HCPC(2.0),"PIB et consommation, annuel, par tête, $ É-U, prix courants, PPA courantes",I,A,Annuelle,ESP,Espagne,S1,Economie totale,S1,Economie totale,B1GQ_POP,"Produit intérieur brut, par tête",_Z,Non applicable,_Z,Non applicable,_Z,Non-applicable,USD_PPP_PS,"Dollars des É-U par personne, PPA convertis",V,Prix courants,N,Données non transformées,T0102,Tableau 0102 - PIB selon l'approche de la dépense,2012,,31885.975798,,,,F,Libre (libre pour publication),1,,A,Valeur normale,0,,_Z,N'est pas applicable
DATAFLOW,OECD.SDD.NAD:DSD_NAMAIN10@DF_TABLE1_EXPENDITURE_HCPC(2.0),"PIB et consommation, annuel, par tête, $ É-U, prix courants, PPA courantes",I,A,Annuelle,ITA,Italie,S1,Economie totale,S1,Economie totale,B1GQ_POP,"Produit intérieur brut, par tête",_Z,Non applicable,_Z,Non applicable,_Z,Non-applicable,USD_PPP_PS,"Dollars des É-U par personne, PPA convertis",V,Prix courants,N,Données non transformées,T0102,Tableau 0102 - PIB selon l'approche de la dépense,2012,,36281.118449,,,,F,Libre (libre pour publication),1,,A,Valeur normale,0,,_Z,N'est pas applicable
DATAFLOW,OECD.SDD.NAD:DSD_NAMAIN10@DF_TABLE1_EXPENDITURE_HCPC(2.0),"PIB et consommation, annuel, par tête, $ É-U, prix courants, PPA courantes",I,A,Annuelle,CZE,Tchéquie,S1,Economie totale,S1,Economie totale,B1GQ_POP,"Produit intérieur brut, par tête",_Z,Non applicable,_Z,Non applicable,_Z,Non-applicable,USD_PPP_PS,"Dollars des É-U par personne, PPA convertis",V,Prix courants,N,Données non transformées,T0102,Tableau 0102 - PIB selon l'approche de la dépense,2012,,29476.5875,,,,F,Libre (libre pour publication),1,,A,Valeur normale,0,,_Z,N'est pas applicable
DATAFLOW,OECD.SDD.NAD:DSD_NAMAIN10@DF_TABLE1_EXPENDITURE_HCPC(2.0),"PIB et consommation, annuel, par tête, $ É-U, prix courants, PPA courantes",I,A,Annuelle,ESP,Espagne,S1,Economie totale,S1,Economie totale,B1GQ_POP,"Produit intérieur brut, par tête",_Z,Non applicable,_Z,Non applicable,_Z,Non-applicable,USD_PPP_PS,"Dollars des É-U par personne, PPA convertis",V,Prix courants,N,Données non transformées,T0102,Tableau 0102 - PIB selon l'approche de la dépense,2011,,32019.985381,,,,F,Libre (libre pour publication),1,,A,Valeur normale,0,,_Z,N'est pas applicable
DATAFLOW,OECD.SDD.NAD:DSD_NAMAIN10@DF_TABLE1_EXPENDITURE_HCPC(2.0),"PIB et consommation, annuel, par tête, $ É-U, prix courants, PPA courantes",I,A,Annuelle,ITA,Italie,S1,Economie totale,S1,Economie totale,B1GQ_POP,"Produit intérieur brut, par tête",_Z,Non applicable,_Z,Non applicable,_Z,Non-applicable,USD_PPP_PS,"Dollars des É-U par personne, PPA convertis",V,Prix courants,N,Données non transformées,T0102,Tableau 0102 - PIB selon l'approche de la dépense,2011,,36392.307585,,,,F,Libre (libre pour publication),1,,A,Valeur normale,0,,_Z,N'est pas applicable
DATAFLOW,OECD.SDD.NAD:DSD_NAMAIN10@DF_TABLE1_EXPENDITURE_HCPC(2.0),"PIB et consommation, annuel, par tête, $ É-U, prix courants, PPA courantes",I,A,Annuelle,CZE,Tchéquie,S1,Economie totale,S1,Economie totale,B1GQ_POP,"Produit intérieur brut, par tête",_Z,Non applicable,_Z,Non applicable,_Z,Non-applicable,USD_PPP_PS,"Dollars des É-U par personne, PPA convertis",V,Prix courants,N,Données non transformées,T0102,Tableau 0102 - PIB selon l'approche de la dépense,2011,,29235.560699,,,,F,Libre (libre pour publication),1,,A,Valeur normale,0,,_Z,N'est pas applicable
DATAFLOW,OECD.SDD.NAD:DSD_NAMAIN10@DF_TABLE1_EXPENDITURE_HCPC(2.0),"PIB et consommation, annuel, par tête, $ É-U, prix courants, PPA courantes",I,A,Annuelle,ESP,Espagne,S1,Economie totale,S1,Economie totale,B1GQ_POP,"Produit intérieur brut, par tête",_Z,Non applicable,_Z,Non applicable,_Z,Non-applicable,USD_PPP_PS,"Dollars des É-U par personne, PPA convertis",V,Prix courants,N,Données non transformées,T0102,Tableau 0102 - PIB selon l'approche de la dépense,2008,,33328.860097,,,,F,Libre (libre pour publication),1,,A,Valeur normale,0,,_Z,N'est pas applicable
DATAFLOW,OECD.SDD.NAD:DSD_NAMAIN10@DF_TABLE1_EXPENDITURE_HCPC(2.0),"PIB et consommation, annuel, par tête, $ É-U, prix courants, PPA courantes",I,A,Annuelle,ITA,Italie,S1,Economie totale,S1,Economie totale,B1GQ_POP,"Produit intérieur brut, par tête",_Z,Non applicable,_Z,Non applicable,_Z,Non-applicable,USD_PPP_PS,"Dollars des É-U par personne, PPA convertis",V,Prix courants,N,Données non transformées,T0102,Tableau 0102 - PIB selon l'approche de la dépense,2008,,35422.320586,,,,F,Libre (libre pour publication),1,,A,Valeur normale,0,,_Z,N'est pas applicable
DATAFLOW,OECD.SDD.NAD:DSD_NAMAIN10@DF_TABLE1_EXPENDITURE_HCPC(2.0),"PIB et consommation, annuel, par tête, $ É-U, prix courants, PPA courantes",I,A,Annuelle,CZE,Tchéquie,S1,Economie totale,S1,Economie totale,B1GQ_POP,"Produit intérieur brut, par tête",_Z,Non applicable,_Z,Non applicable,_Z,Non-applicable,USD_PPP_PS,"Dollars des É-U par personne, PPA convertis",V,Prix courants,N,Données non transformées,T0102,Tableau 0102 - PIB selon l'approche de la dépense,2008,,27817.062758,,,,F,Libre (libre pour publication),1,,A,Valeur normale,0,,_Z,N'est pas applicable
DATAFLOW,OECD.SDD.NAD:DSD_NAMAIN10@DF_TABLE1_EXPENDITURE_HCPC(2.0),"PIB et consommation, annuel, par tête, $ É-U, prix courants, PPA courantes",I,A,Annuelle,BEL,Belgique,S1,Economie totale,S1,Economie totale,B1GQ_POP,"Produit intérieur brut, par tête",_Z,Non applicable,_Z,Non applicable,_Z,Non-applicable,USD_PPP_PS,"Dollars des É-U par personne, PPA convertis",V,Prix courants,N,Données non transformées,T0102,Tableau 0102 - PIB selon l'approche de la dépense,2008,,37883.233422,,,,F,Libre (libre pour publication),1,,A,Valeur normale,0,,_Z,N'est pas applicable
DATAFLOW,OECD.SDD.NAD:DSD_NAMAIN10@DF_TABLE1_EXPENDITURE_HCPC(2.0),"PIB et consommation, annuel, par tête, $ É-U, prix courants, PPA courantes",I,A,Annuelle,ESP,Espagne,S1,Economie totale,S1,Economie totale,B1GQ_POP,"Produit intérieur brut, par tête",_Z,Non applicable,_Z,Non applicable,_Z,Non-applicable,USD_PPP_PS,"Dollars des É-U par personne, PPA convertis",V,Prix courants,N,Données non transformées,T0102,Tableau 0102 - PIB selon l'approche de la dépense,2005,,27623.705879,,,,F,Libre (libre pour publication),1,,A,Valeur normale,0,,_Z,N'est pas applicable
DATAFLOW,OECD.SDD.NAD:DSD_NAMAIN10@DF_TABLE1_EXPENDITURE_HCPC(2.0),"PIB et consommation, annuel, par tête, $ É-U, prix courants, PPA courantes",I,A,Annuelle,ITA,Italie,S1,Economie totale,S1,Economie totale,B1GQ_POP,"Produit intérieur brut, par tête",_Z,Non applicable,_Z,Non applicable,_Z,Non-applicable,USD_PPP_PS,"Dollars des É-U par personne, PPA convertis",V,Prix courants,N,Données non transformées,T0102,Tableau 0102 - PIB selon l'approche de la dépense,2005,,30137.81213,,,,F,Libre (libre pour publication),1,,A,Valeur normale,0,,_Z,N'est pas applicable
DATAFLOW,OECD.SDD.NAD:DSD_NAMAIN10@DF_TABLE1_EXPENDITURE_HCPC(2.0),"PIB et consommation, annuel, par tête, $ É-U, prix courants, PPA courantes",I,A,Annuelle,DEU,Allemagne,S1,Economie totale,S1,Economie totale,B1GQ_POP,"Produit intérieur brut, par tête",_Z,Non applicable,_Z,Non applicable,_Z,Non-applicable,USD_PPP_PS,"Dollars des É-U par personne, PPA convertis",V,Prix courants,N,Données non transformées,T0102,Tableau 0102 - PIB selon l'approche de la dépense,2005,,32763.616327,,,,F,Libre (libre pour publication),1,,A,Valeur normale,0,,_Z,N'est pas applicable
DATAFLOW,OECD.SDD.NAD:DSD_NAMAIN10@DF_TABLE1_EXPENDITURE_HCPC(2.0),"PIB et consommation, annuel, par tête, $ É-U, prix courants, PPA courantes",I,A,Annuelle,CZE,Tchéquie,S1,Economie totale,S1,Economie totale,B1GQ_POP,"Produit intérieur brut, par tête",_Z,Non applicable,_Z,Non applicable,_Z,Non-applicable,USD_PPP_PS,"Dollars des É-U par personne, PPA convertis",V,Prix courants,N,Données non transformées,T0102,Tableau 0102 - PIB selon l'approche de la dépense,2005,,22065.403862,,,,F,Libre (libre pour publication),1,,A,Valeur normale,0,,_Z,N'est pas applicable
DATAFLOW,OECD.SDD.NAD:DSD_NAMAIN10@DF_TABLE1_EXPENDITURE_HCPC(2.0),"PIB et consommation, annuel, par tête, $ É-U, prix courants, PPA courantes",I,A,Annuelle,ESP,Espagne,S1,Economie totale,S1,Economie totale,B1GQ_POP,"Produit intérieur brut, par tête",_Z,Non applicable,_Z,Non applicable,_Z,Non-applicable,USD_PPP_PS,"Dollars des É-U par personne, PPA convertis",V,Prix courants,N,Données non transformées,T0102,Tableau 0102 - PIB selon l'approche de la dépense,2002,,24382.57278,,,,F,Libre (libre pour publication),1,,A,Valeur normale,0,,_Z,N'est pas applicable
DATAFLOW,OECD.SDD.NAD:DSD_NAMAIN10@DF_TABLE1_EXPENDITURE_HCPC(2.0),"PIB et consommation, annuel, par tête, $ É-U, prix courants, PPA courantes",I,A,Annuelle,ITA,Italie,S1,Economie totale,S1,Economie totale,B1GQ_POP,"Produit intérieur brut, par tête",_Z,Non applicable,_Z,Non applicable,_Z,Non-applicable,USD_PPP_PS,"Dollars des É-U par personne, PPA convertis",V,Prix courants,N,Données non transformées,T0102,Tableau 0102 - PIB selon l'approche de la dépense,2002,,28833.032966,,,,F,Libre (libre pour publication),1,,A,Valeur normale,0,,_Z,N'est pas applicable
DATAFLOW,OECD.SDD.NAD:DSD_NAMAIN10@DF_TABLE1_EXPENDITURE_HCPC(2.0),"PIB et consommation, annuel, par tête, $ É-U, prix courants, PPA courantes",I,A,Annuelle,DEU,Allemagne,S1,Economie totale,S1,Economie totale,B1GQ_POP,"Produit intérieur brut, par tête",_Z,Non applicable,_Z,Non applicable,_Z,Non-applicable,USD_PPP_PS,"Dollars des É-U par personne, PPA convertis",V,Prix courants,N,Données non transformées,T0102,Tableau 0102 - PIB selon l'approche de la dépense,2002,,29843.073411,,,,F,Libre (libre pour publication),1,,A,Valeur normale,0,,_Z,N'est pas applicable
DATAFLOW,OECD.SDD.NAD:DSD_NAMAIN10@DF_TABLE1_EXPENDITURE_HCPC(2.0),"PIB et consommation, annuel, par tête, $ É-U, prix courants, PPA courantes",I,A,Annuelle,CZE,Tchéquie,S1,Economie totale,S1,Economie totale,B1GQ_POP,"Produit intérieur brut, par tête",_Z,Non applicable,_Z,Non applicable,_Z,Non-applicable,USD_PPP_PS,"Dollars des É-U par personne, PPA convertis",V,Prix courants,N,Données non transformées,T0102,Tableau 0102 - PIB selon l'approche de la dépense,2002,,18337.094589,,,,F,Libre (libre pour publication),1,,A,Valeur normale,0,,_Z,N'est pas applicable
DATAFLOW,OECD.SDD.NAD:DSD_NAMAIN10@DF_TABLE1_EXPENDITURE_HCPC(2.0),"PIB et consommation, annuel, par tête, $ É-U, prix courants, PPA courantes",I,A,Annuelle,ESP,Espagne,S1,Economie totale,S1,Economie totale,B1GQ_POP,"Produit intérieur brut, par tête",_Z,Non applicable,_Z,Non applicable,_Z,Non-applicable,USD_PPP_PS,"Dollars des É-U par personne, PPA convertis",V,Prix courants,N,Données non transformées,T0102,Tableau 0102 - PIB selon l'approche de la dépense,1999,,19946.673706,,,,F,Libre (libre pour publication),1,,A,Valeur normale,0,,_Z,N'est pas applicable
DATAFLOW,OECD.SDD.NAD:DSD_NAMAIN10@DF_TABLE1_EXPENDITURE_HCPC(2.0),"PIB et consommation, annuel, par tête, $ É-U, prix courants, PPA courantes",I,A,Annuelle,ITA,Italie,S1,Economie totale,S1,Economie totale,B1GQ_POP,"Produit intérieur brut, par tête",_Z,Non applicable,_Z,Non applicable,_Z,Non-applicable,USD_PPP_PS,"Dollars des É-U par personne, PPA convertis",V,Prix courants,N,Données non transformées,T0102,Tableau 0102 - PIB selon l'approche de la dépense,1999,,25654.678425,,,,F,Libre (libre pour publication),1,,A,Valeur normale,0,,_Z,N'est pas applicable
DATAFLOW,OECD.SDD.NAD:DSD_NAMAIN10@DF_TABLE1_EXPENDITURE_HCPC(2.0),"PIB et consommation, annuel, par tête, $ É-U, prix courants, PPA courantes",I,A,Annuelle,DEU,Allemagne,S1,Economie totale,S1,Economie totale,B1GQ_POP,"Produit intérieur brut, par tête",_Z,Non applicable,_Z,Non applicable,_Z,Non-applicable,USD_PPP_PS,"Dollars des É-U par personne, PPA convertis",V,Prix courants,N,Données non transformées,T0102,Tableau 0102 - PIB selon l'approche de la dépense,1999,,26738.840609,,,,F,Libre (libre pour publication),1,,A,Valeur normale,0,,_Z,N'est pas applicable
DATAFLOW,OECD.SDD.NAD:DSD_NAMAIN10@DF_TABLE1_EXPENDITURE_HCPC(2.0),"PIB et consommation, annuel, par tête, $ É-U, prix courants, PPA courantes",I,A,Annuelle,CZE,Tchéquie,S1,Economie totale,S1,Economie totale,B1GQ_POP,"Produit intérieur brut, par tête",_Z,Non applicable,_Z,Non applicable,_Z,Non-applicable,USD_PPP_PS,"Dollars des É-U par personne, PPA convertis",V,Prix courants,N,Données non transformées,T0102,Tableau 0102 - PIB selon l'approche de la dépense,1999,,15495.600929,,,,F,Libre (libre pour publication),1,,A,Valeur normale,0,,_Z,N'est pas applicable
DATAFLOW,OECD.SDD.NAD:DSD_NAMAIN10@DF_TABLE1_EXPENDITURE_HCPC(2.0),"PIB et consommation, annuel, par tête, $ É-U, prix courants, PPA courantes",I,A,Annuelle,AUT,Autriche,S1,Economie totale,S1,Economie totale,B1GQ_POP,"Produit intérieur brut, par tête",_Z,Non applicable,_Z,Non applicable,_Z,Non-applicable,USD_PPP_PS,"Dollars des É-U par personne, PPA convertis",V,Prix courants,N,Données non transformées,T0102,Tableau 0102 - PIB selon l'approche de la dépense,1999,,27500.086216,,,,F,Libre (libre pour publication),1,,A,Valeur normale,0,,_Z,N'est pas applicable
DATAFLOW,OECD.SDD.NAD:DSD_NAMAIN10@DF_TABLE1_EXPENDITURE_HCPC(2.0),"PIB et consommation, annuel, par tête, $ É-U, prix courants, PPA courantes",I,A,Annuelle,USA,États-Unis,S1,Economie totale,S1,Economie totale,B1GQ_POP,"Produit intérieur brut, par tête",_Z,Non applicable,_Z,Non applicable,_Z,Non-applicable,USD_PPP_PS,"Dollars des É-U par personne, PPA convertis",V,Prix courants,N,Données non transformées,T0102,Tableau 0102 - PIB selon l'approche de la dépense,2000,,36299.662179,,,,F,Libre (libre pour publication),1,,A,Valeur normale,0,,_Z,N'est pas applicable
DATAFLOW,OECD.SDD.NAD:DSD_NAMAIN10@DF_TABLE1_EXPENDITURE_HCPC(2.0),"PIB et consommation, annuel, par tête, $ É-U, prix courants, PPA courantes",I,A,Annuelle,USA,États-Unis,S1,Economie totale,S1,Economie totale,B1GQ_POP,"Produit intérieur brut, par tête",_Z,Non applicable,_Z,Non applicable,_Z,Non-applicable,USD_PPP_PS,"Dollars des É-U par personne, PPA convertis",V,Prix courants,N,Données non transformées,T0102,Tableau 0102 - PIB selon l'approche de la dépense,1999,,34479.794364,,,,F,Libre (libre pour publication),1,,A,Valeur normale,0,,_Z,N'est pas applicable
DATAFLOW,OECD.SDD.NAD:DSD_NAMAIN10@DF_TABLE1_EXPENDITURE_HCPC(2.0),"PIB et consommation, annuel, par tête, $ É-U, prix courants, PPA courantes",I,A,Annuelle,USA,États-Unis,S1,Economie totale,S1,Economie totale,B1GQ_POP,"Produit intérieur brut, par tête",_Z,Non applicable,_Z,Non applicable,_Z,Non-applicable,USD_PPP_PS,"Dollars des É-U par personne, PPA convertis",V,Prix courants,N,Données non transformées,T0102,Tableau 0102 - PIB selon l'approche de la dépense,1998,,32817.981996,,,,F,Libre (libre pour publication),1,,A,Valeur normale,0,,_Z,N'est pas applicable
DATAFLOW,OECD.SDD.NAD:DSD_NAMAIN10@DF_TABLE1_EXPENDITURE_HCPC(2.0),"PIB et consommation, annuel, par tête, $ É-U, prix courants, PPA courantes",I,A,Annuelle,USA,États-Unis,S1,Economie totale,S1,Economie totale,B1GQ_POP,"Produit intérieur brut, par tête",_Z,Non applicable,_Z,Non applicable,_Z,Non-applicable,USD_PPP_PS,"Dollars des É-U par personne, PPA convertis",V,Prix courants,N,Données non transformées,T0102,Tableau 0102 - PIB selon l'approche de la dépense,1997,,31424.438925,,,,F,Libre (libre pour publication),1,,A,Valeur normale,0,,_Z,N'est pas applicable
DATAFLOW,OECD.SDD.NAD:DSD_NAMAIN10@DF_TABLE1_EXPENDITURE_HCPC(2.0),"PIB et consommation, annuel, par tête, $ É-U, prix courants, PPA courantes",I,A,Annuelle,USA,États-Unis,S1,Economie totale,S1,Economie totale,B1GQ_POP,"Produit intérieur brut, par tête",_Z,Non applicable,_Z,Non applicable,_Z,Non-applicable,USD_PPP_PS,"Dollars des É-U par personne, PPA convertis",V,Prix courants,N,Données non transformées,T0102,Tableau 0102 - PIB selon l'approche de la dépense,1996,,29932.157767,,,,F,Libre (libre pour publication),1,,A,Valeur normale,0,,_Z,N'est pas applicable
DATAFLOW,OECD.SDD.NAD:DSD_NAMAIN10@DF_TABLE1_EXPENDITURE_HCPC(2.0),"PIB et consommation, annuel, par tête, $ É-U, prix courants, PPA courantes",I,A,Annuelle,USA,États-Unis,S1,Economie totale,S1,Economie totale,B1GQ_POP,"Produit intérieur brut, par tête",_Z,Non applicable,_Z,Non applicable,_Z,Non-applicable,USD_PPP_PS,"Dollars des É-U par personne, PPA convertis",V,Prix courants,N,Données non transformées,T0102,Tableau 0102 - PIB selon l'approche de la dépense,1995,,28657.512716,,,,F,Libre (libre pour publication),1,,A,Valeur normale,0,,_Z,N'est pas applicable
DATAFLOW,OECD.SDD.NAD:DSD_NAMAIN10@DF_TABLE1_EXPENDITURE_HCPC(2.0),"PIB et consommation, annuel, par tête, $ É-U, prix courants, PPA courantes",I,A,Annuelle,USA,États-Unis,S1,Economie totale,S1,Economie totale,B1GQ_POP,"Produit intérieur brut, par tête",_Z,Non applicable,_Z,Non applicable,_Z,Non-applicable,USD_PPP_PS,"Dollars des É-U par personne, PPA convertis",V,Prix courants,N,Données non transformées,T0102,Tableau 0102 - PIB selon l'approche de la dépense,1994,,27660.268357,,,,F,Libre (libre pour publication),1,,A,Valeur normale,0,,_Z,N'est pas applicable
DATAFLOW,OECD.SDD.NAD:DSD_NAMAIN10@DF_TABLE1_EXPENDITURE_HCPC(2.0),"PIB et consommation, annuel, par tête, $ É-U, prix courants, PPA courantes",I,A,Annuelle,USA,États-Unis,S1,Economie totale,S1,Economie totale,B1GQ_POP,"Produit intérieur brut, par tête",_Z,Non applicable,_Z,Non applicable,_Z,Non-applicable,USD_PPP_PS,"Dollars des É-U par personne, PPA convertis",V,Prix courants,N,Données non transformées,T0102,Tableau 0102 - PIB selon l'approche de la dépense,1993,,26350.492927,,,,F,Libre (libre pour publication),1,,A,Valeur normale,0,,_Z,N'est pas applicable
DATAFLOW,OECD.SDD.NAD:DSD_NAMAIN10@DF_TABLE1_EXPENDITURE_HCPC(2.0),"PIB et consommation, annuel, par tête, $ É-U, prix courants, PPA courantes",I,A,Annuelle,USA,États-Unis,S1,Economie totale,S1,Economie totale,B1GQ_POP,"Produit intérieur brut, par tête",_Z,Non applicable,_Z,Non applicable,_Z,Non-applicable,USD_PPP_PS,"Dollars des É-U par personne, PPA convertis",V,Prix courants,N,Données non transformées,T0102,Tableau 0102 - PIB selon l'approche de la dépense,1992,,25378.624641,,,,F,Libre (libre pour publication),1,,A,Valeur normale,0,,_Z,N'est pas applicable
DATAFLOW,OECD.SDD.NAD:DSD_NAMAIN10@DF_TABLE1_EXPENDITURE_HCPC(2.0),"PIB et consommation, annuel, par tête, $ É-U, prix courants, PPA courantes",I,A,Annuelle,USA,États-Unis,S1,Economie totale,S1,Economie totale,B1GQ_POP,"Produit intérieur brut, par tête",_Z,Non applicable,_Z,Non applicable,_Z,Non-applicable,USD_PPP_PS,"Dollars des É-U par personne, PPA convertis",V,Prix courants,N,Données non transformées,T0102,Tableau 0102 - PIB selon l'approche de la dépense,1991,,24289.547588,,,,F,Libre (libre pour publication),1,,A,Valeur normale,0,,_Z,N'est pas applicable
DATAFLOW,OECD.SDD.NAD:DSD_NAMAIN10@DF_TABLE1_EXPENDITURE_HCPC(2.0),"PIB et consommation, annuel, par tête, $ É-U, prix courants, PPA courantes",I,A,Annuelle,USA,États-Unis,S1,Economie totale,S1,Economie totale,B1GQ_POP,"Produit intérieur brut, par tête",_Z,Non applicable,_Z,Non applicable,_Z,Non-applicable,USD_PPP_PS,"Dollars des É-U par personne, PPA convertis",V,Prix courants,N,Données non transformées,T0102,Tableau 0102 - PIB selon l'approche de la dépense,1990,,23835.319229,,,,F,Libre (libre pour publication),1,,A,Valeur normale,0,,_Z,N'est pas applicable
DATAFLOW,OECD.SDD.NAD:DSD_NAMAIN10@DF_TABLE1_EXPENDITURE_HCPC(2.0),"PIB et consommation, annuel, par tête, $ É-U, prix courants, PPA courantes",I,A,Annuelle,CZE,Tchéquie,S1,Economie totale,S1,Economie totale,B1GQ_POP,"Produit intérieur brut, par tête",_Z,Non applicable,_Z,Non applicable,_Z,Non-applicable,USD_PPP_PS,"Dollars des É-U par personne, PPA convertis",V,Prix courants,N,Données non transformées,T0102,Tableau 0102 - PIB selon l'approche de la dépense,2025,,60884.507451,,,,F,Libre (libre pour publication),1,,A,Valeur normale,0,,_Z,N'est pas applicable
DATAFLOW,OECD.SDD.NAD:DSD_NAMAIN10@DF_TABLE1_EXPENDITURE_HCPC(2.0),"PIB et consommation, annuel, par tête, $ É-U, prix courants, PPA courantes",I,A,Annuelle,AUT,Autriche,S1,Economie totale,S1,Economie totale,B1GQ_POP,"Produit intérieur brut, par tête",_Z,Non applicable,_Z,Non applicable,_Z,Non-applicable,USD_PPP_PS,"Dollars des É-U par personne, PPA convertis",V,Prix courants,N,Données non transformées,T0102,Tableau 0102 - PIB selon l'approche de la dépense,2025,,77398.30052,,,,F,Libre (libre pour publication),1,,A,Valeur normale,0,,_Z,N'est pas applicable
DATAFLOW,OECD.SDD.NAD:DSD_NAMAIN10@DF_TABLE1_EXPENDITURE_HCPC(2.0),"PIB et consommation, annuel, par tête, $ É-U, prix courants, PPA courantes",I,A,Annuelle,USA,États-Unis,S1,Economie totale,S1,Economie totale,B1GQ_POP,"Produit intérieur brut, par tête",_Z,Non applicable,_Z,Non applicable,_Z,Non-applicable,USD_PPP_PS,"Dollars des É-U par personne, PPA convertis",V,Prix courants,N,Données non transformées,T0102,Tableau 0102 - PIB selon l'approche de la dépense,2024,,86146.556109,,,,F,Libre (libre pour publication),1,,A,Valeur normale,0,,_Z,N'est pas applicable
DATAFLOW,OECD.SDD.NAD:DSD_NAMAIN10@DF_TABLE1_EXPENDITURE_HCPC(2.0),"PIB et consommation, annuel, par tête, $ É-U, prix courants, PPA courantes",I,A,Annuelle,ITA,Italie,S1,Economie totale,S1,Economie totale,B1GQ_POP,"Produit intérieur brut, par tête",_Z,Non applicable,_Z,Non applicable,_Z,Non-applicable,USD_PPP_PS,"Dollars des É-U par personne, PPA convertis",V,Prix courants,N,Données non transformées,T0102,Tableau 0102 - PIB selon l'approche de la dépense,2024,,62288.092896,,,,F,Libre (libre pour publication),1,,A,Valeur normale,0,,_Z,N'est pas applicable
DATAFLOW,OECD.SDD.NAD:DSD_NAMAIN10@DF_TABLE1_EXPENDITURE_HCPC(2.0),"PIB et consommation, annuel, par tête, $ É-U, prix courants, PPA courantes",I,A,Annuelle,CZE,Tchéquie,S1,Economie totale,S1,Economie totale,B1GQ_POP,"Produit intérieur brut, par tête",_Z,Non applicable,_Z,Non applicable,_Z,Non-applicable,USD_PPP_PS,"Dollars des É-U par personne, PPA convertis",V,Prix courants,N,Données non transformées,T0102,Tableau 0102 - PIB selon l'approche de la dépense,2024,,57676.46233,,,,F,Libre (libre pour publication),1,,A,Valeur normale,0,,_Z,N'est pas applicable
DATAFLOW,OECD.SDD.NAD:DSD_NAMAIN10@DF_TABLE1_EXPENDITURE_HCPC(2.0),"PIB et consommation, annuel, par tête, $ É-U, prix courants, PPA courantes",I,A,Annuelle,USA,États-Unis,S1,Economie totale,S1,Economie totale,B1GQ_POP,"Produit intérieur brut, par tête",_Z,Non applicable,_Z,Non applicable,_Z,Non-applicable,USD_PPP_PS,"Dollars des É-U par personne, PPA convertis",V,Prix courants,N,Données non transformées,T0102,Tableau 0102 - PIB selon l'approche de la dépense,2023,,82505.457048,,,,F,Libre (libre pour publication),1,,A,Valeur normale,0,,_Z,N'est pas applicable
DATAFLOW,OECD.SDD.NAD:DSD_NAMAIN10@DF_TABLE1_EXPENDITURE_HCPC(2.0),"PIB et consommation, annuel, par tête, $ É-U, prix courants, PPA courantes",I,A,Annuelle,ITA,Italie,S1,Economie totale,S1,Economie totale,B1GQ_POP,"Produit intérieur brut, par tête",_Z,Non applicable,_Z,Non applicable,_Z,Non-applicable,USD_PPP_PS,"Dollars des É-U par personne, PPA convertis",V,Prix courants,N,Données non transformées,T0102,Tableau 0102 - PIB selon l'approche de la dépense,2023,,60349.695219,,,,F,Libre (libre pour publication),1,,A,Valeur normale,0,,_Z,N'est pas applicable
DATAFLOW,OECD.SDD.NAD:DSD_NAMAIN10@DF_TABLE1_EXPENDITURE_HCPC(2.0),"PIB et consommation, annuel, par tête, $ É-U, prix courants, PPA courantes",I,A,Annuelle,USA,États-Unis,S1,Economie totale,S1,Economie totale,B1GQ_POP,"Produit intérieur brut, par tête",_Z,Non applicable,_Z,Non applicable,_Z,Non-applicable,USD_PPP_PS,"Dollars des É-U par personne, PPA convertis",V,Prix courants,N,Données non transformées,T0102,Tableau 0102 - PIB selon l'approche de la dépense,2022,,77926.16719,,,,F,Libre (libre pour publication),1,,A,Valeur normale,0,,_Z,N'est pas applicable
DATAFLOW,OECD.SDD.NAD:DSD_NAMAIN10@DF_TABLE1_EXPENDITURE_HCPC(2.0),"PIB et consommation, annuel, par tête, $ É-U, prix courants, PPA courantes",I,A,Annuelle,USA,États-Unis,S1,Economie totale,S1,Economie totale,B1GQ_POP,"Produit intérieur brut, par tête",_Z,Non applicable,_Z,Non applicable,_Z,Non-applicable,USD_PPP_PS,"Dollars des É-U par personne, PPA convertis",V,Prix courants,N,Données non transformées,T0102,Tableau 0102 - PIB selon l'approche de la dépense,2021,,71354.679507,,,,F,Libre (libre pour publication),1,,A,Valeur normale,0,,_Z,N'est pas applicable
DATAFLOW,OECD.SDD.NAD:DSD_NAMAIN10@DF_TABLE1_EXPENDITURE_HCPC(2.0),"PIB et consommation, annuel, par tête, $ É-U, prix courants, PPA courantes",I,A,Annuelle,ESP,Espagne,S1,Economie totale,S1,Economie totale,B1GQ_POP,"Produit intérieur brut, par tête",_Z,Non applicable,_Z,Non applicable,_Z,Non-applicable,USD_PPP_PS,"Dollars des É-U par personne, PPA convertis",V,Prix courants,N,Données non transformées,T0102,Tableau 0102 - PIB selon l'approche de la dépense,2021,,44342.314837,,,,F,Libre (libre pour publication),1,,A,Valeur normale,0,,_Z,N'est pas applicable
DATAFLOW,OECD.SDD.NAD:DSD_NAMAIN10@DF_TABLE1_EXPENDITURE_HCPC(2.0),"PIB et consommation, annuel, par tête, $ É-U, prix courants, PPA courantes",I,A,Annuelle,ITA,Italie,S1,Economie totale,S1,Economie totale,B1GQ_POP,"Produit intérieur brut, par tête",_Z,Non applicable,_Z,Non applicable,_Z,Non-applicable,USD_PPP_PS,"Dollars des É-U par personne, PPA convertis",V,Prix courants,N,Données non transformées,T0102,Tableau 0102 - PIB selon l'approche de la dépense,2021,,49825.333453,,,,F,Libre (libre pour publication),1,,A,Valeur normale,0,,_Z,N'est pas applicable
DATAFLOW,OECD.SDD.NAD:DSD_NAMAIN10@DF_TABLE1_EXPENDITURE_HCPC(2.0),"PIB et consommation, annuel, par tête, $ É-U, prix courants, PPA courantes",I,A,Annuelle,DEU,Allemagne,S1,Economie totale,S1,Economie totale,B1GQ_POP,"Produit intérieur brut, par tête",_Z,Non applicable,_Z,Non applicable,_Z,Non-applicable,USD_PPP_PS,"Dollars des É-U par personne, PPA convertis",V,Prix courants,N,Données non transformées,T0102,Tableau 0102 - PIB selon l'approche de la dépense,2021,,63548.21742,,,,F,Libre (libre pour publication),1,,A,Valeur normale,0,,_Z,N'est pas applicable
DATAFLOW,OECD.SDD.NAD:DSD_NAMAIN10@DF_TABLE1_EXPENDITURE_HCPC(2.0),"PIB et consommation, annuel, par tête, $ É-U, prix courants, PPA courantes",I,A,Annuelle,FRA,France,S1,Economie totale,S1,Economie totale,B1GQ_POP,"Produit intérieur brut, par tête",_Z,Non applicable,_Z,Non applicable,_Z,Non-applicable,USD_PPP_PS,"Dollars des É-U par personne, PPA convertis",V,Prix courants,N,Données non transformées,T0102,Tableau 0102 - PIB selon l'approche de la dépense,2021,,52442.948742,,,,F,Libre (libre pour publication),1,,A,Valeur normale,0,,_Z,N'est pas applicable
DATAFLOW,OECD.SDD.NAD:DSD_NAMAIN10@DF_TABLE1_EXPENDITURE_HCPC(2.0),"PIB et consommation, annuel, par tête, $ É-U, prix courants, PPA courantes",I,A,Annuelle,AUT,Autriche,S1,Economie totale,S1,Economie totale,B1GQ_POP,"Produit intérieur brut, par tête",_Z,Non applicable,_Z,Non applicable,_Z,Non-applicable,USD_PPP_PS,"Dollars des É-U par personne, PPA convertis",V,Prix courants,N,Données non transformées,T0102,Tableau 0102 - PIB selon l'approche de la dépense,2001,,29553.244532,,,,F,Libre (libre pour publication),1,,A,Valeur normale,0,,_Z,N'est pas applicable
DATAFLOW,OECD.SDD.NAD:DSD_NAMAIN10@DF_TABLE1_EXPENDITURE_HCPC(2.0),"PIB et consommation, annuel, par tête, $ É-U, prix courants, PPA courantes",I,A,Annuelle,ESP,Espagne,S1,Economie totale,S1,Economie totale,B1GQ_POP,"Produit intérieur brut, par tête",_Z,Non applicable,_Z,Non applicable,_Z,Non-applicable,USD_PPP_PS,"Dollars des É-U par personne, PPA convertis",V,Prix courants,N,Données non transformées,T0102,Tableau 0102 - PIB selon l'approche de la dépense,2000,,21589.390536,,,,F,Libre (libre pour publication),1,,A,Valeur normale,0,,_Z,N'est pas applicable
DATAFLOW,OECD.SDD.NAD:DSD_NAMAIN10@DF_TABLE1_EXPENDITURE_HCPC(2.0),"PIB et consommation, annuel, par tête, $ É-U, prix courants, PPA courantes",I,A,Annuelle,ITA,Italie,S1,Economie totale,S1,Economie totale,B1GQ_POP,"Produit intérieur brut, par tête",_Z,Non applicable,_Z,Non applicable,_Z,Non-applicable,USD_PPP_PS,"Dollars des É-U par personne, PPA convertis",V,Prix courants,N,Données non transformées,T0102,Tableau 0102 - PIB selon l'approche de la dépense,2000,,27152.142319,,,,F,Libre (libre pour publication),1,,A,Valeur normale,0,,_Z,N'est pas applicable
DATAFLOW,OECD.SDD.NAD:DSD_NAMAIN10@DF_TABLE1_EXPENDITURE_HCPC(2.0),"PIB et consommation, annuel, par tête, $ É-U, prix courants, PPA courantes",I,A,Annuelle,DEU,Allemagne,S1,Economie totale,S1,Economie totale,B1GQ_POP,"Produit intérieur brut, par tête",_Z,Non applicable,_Z,Non applicable,_Z,Non-applicable,USD_PPP_PS,"Dollars des É-U par personne, PPA convertis",V,Prix courants,N,Données non transformées,T0102,Tableau 0102 - PIB selon l'approche de la dépense,2000,,27728.148898,,,,F,Libre (libre pour publication),1,,A,Valeur normale,0,,_Z,N'est pas applicable
DATAFLOW,OECD.SDD.NAD:DSD_NAMAIN10@DF_TABLE1_EXPENDITURE_HCPC(2.0),"PIB et consommation, annuel, par tête, $ É-U, prix courants, PPA courantes",I,A,Annuelle,FRA,France,S1,Economie totale,S1,Economie totale,B1GQ_POP,"Produit intérieur brut, par tête",_Z,Non applicable,_Z,Non applicable,_Z,Non-applicable,USD_PPP_PS,"Dollars des É-U par personne, PPA convertis",V,Prix courants,N,Données non transformées,T0102,Tableau 0102 - PIB selon l'approche de la dépense,2000,,26081.366244,,,,F,Libre (libre pour publication),1,,A,Valeur normale,0,,_Z,N'est pas applicable
DATAFLOW,OECD.SDD.NAD:DSD_NAMAIN10@DF_TABLE1_EXPENDITURE_HCPC(2.0),"PIB et consommation, annuel, par tête, $ É-U, prix courants, PPA courantes",I,A,Annuelle,BEL,Belgique,S1,Economie totale,S1,Economie totale,B1GQ_POP,"Produit intérieur brut, par tête",_Z,Non applicable,_Z,Non applicable,_Z,Non-applicable,USD_PPP_PS,"Dollars des É-U par personne, PPA convertis",V,Prix courants,N,Données non transformées,T0102,Tableau 0102 - PIB selon l'approche de la dépense,2021,,60668.644835,,,,F,Libre (libre pour publication),1,,A,Valeur normale,0,,_Z,N'est pas applicable
DATAFLOW,OECD.SDD.NAD:DSD_NAMAIN10@DF_TABLE1_EXPENDITURE_HCPC(2.0),"PIB et consommation, annuel, par tête, $ É-U, prix courants, PPA courantes",I,A,Annuelle,AUT,Autriche,S1,Economie totale,S1,Economie totale,B1GQ_POP,"Produit intérieur brut, par tête",_Z,Non applicable,_Z,Non applicable,_Z,Non-applicable,USD_PPP_PS,"Dollars des É-U par personne, PPA convertis",V,Prix courants,N,Données non transformées,T0102,Tableau 0102 - PIB selon l'approche de la dépense,2021,,62998.849713,,,,F,Libre (libre pour publication),1,,A,Valeur normale,0,,_Z,N'est pas applicable
DATAFLOW,OECD.SDD.NAD:DSD_NAMAIN10@DF_TABLE1_EXPENDITURE_HCPC(2.0),"PIB et consommation, annuel, par tête, $ É-U, prix courants, PPA courantes",I,A,Annuelle,ESP,Espagne,S1,Economie totale,S1,Economie totale,B1GQ_POP,"Produit intérieur brut, par tête",_Z,Non applicable,_Z,Non applicable,_Z,Non-applicable,USD_PPP_PS,"Dollars des É-U par personne, PPA convertis",V,Prix courants,N,Données non transformées,T0102,Tableau 0102 - PIB selon l'approche de la dépense,1996,,16973.642317,,,,F,Libre (libre pour publication),1,,A,Valeur normale,0,,_Z,N'est pas applicable
DATAFLOW,OECD.SDD.NAD:DSD_NAMAIN10@DF_TABLE1_EXPENDITURE_HCPC(2.0),"PIB et consommation, annuel, par tête, $ É-U, prix courants, PPA courantes",I,A,Annuelle,BEL,Belgique,S1,Economie totale,S1,Economie totale,B1GQ_POP,"Produit intérieur brut, par tête",_Z,Non applicable,_Z,Non applicable,_Z,Non-applicable,USD_PPP_PS,"Dollars des É-U par personne, PPA convertis",V,Prix courants,N,Données non transformées,T0102,Tableau 0102 - PIB selon l'approche de la dépense,1997,,23734.715282,,,,F,Libre (libre pour publication),1,,A,Valeur normale,0,,_Z,N'est pas applicable
DATAFLOW,OECD.SDD.NAD:DSD_NAMAIN10@DF_TABLE1_EXPENDITURE_HCPC(2.0),"PIB et consommation, annuel, par tête, $ É-U, prix courants, PPA courantes",I,A,Annuelle,AUT,Autriche,S1,Economie totale,S1,Economie totale,B1GQ_POP,"Produit intérieur brut, par tête",_Z,Non applicable,_Z,Non applicable,_Z,Non-applicable,USD_PPP_PS,"Dollars des É-U par personne, PPA convertis",V,Prix courants,N,Données non transformées,T0102,Tableau 0102 - PIB selon l'approche de la dépense,1997,,25300.646323,,,,F,Libre (libre pour publication),1,,A,Valeur normale,0,,_Z,N'est pas applicable
DATAFLOW,OECD.SDD.NAD:DSD_NAMAIN10@DF_TABLE1_EXPENDITURE_HCPC(2.0),"PIB et consommation, annuel, par tête, $ É-U, prix courants, PPA courantes",I,A,Annuelle,ESP,Espagne,S1,Economie totale,S1,Economie totale,B1GQ_POP,"Produit intérieur brut, par tête",_Z,Non applicable,_Z,Non applicable,_Z,Non-applicable,USD_PPP_PS,"Dollars des É-U par personne, PPA convertis",V,Prix courants,N,Données non transformées,T0102,Tableau 0102 - PIB selon l'approche de la dépense,2024,,58054.487225,,,,F,Libre (libre pour publication),1,,P,Valeur provisoire,0,,_Z,N'est pas applicable
DATAFLOW,OECD.SDD.NAD:DSD_NAMAIN10@DF_TABLE1_EXPENDITURE_HCPC(2.0),"PIB et consommation, annuel, par tête, $ É-U, prix courants, PPA courantes",I,A,Annuelle,AUT,Autriche,S1,Economie totale,S1,Economie totale,B1GQ_POP,"Produit intérieur brut, par tête",_Z,Non applicable,_Z,Non applicable,_Z,Non-applicable,USD_PPP_PS,"Dollars des É-U par personne, PPA convertis",V,Prix courants,N,Données non transformées,T0102,Tableau 0102 - PIB selon l'approche de la dépense,2018,,56654.552532,,,,F,Libre (libre pour publication),1,,A,Valeur normale,0,,_Z,N'est pas applicable
DATAFLOW,OECD.SDD.NAD:DSD_NAMAIN10@DF_TABLE1_EXPENDITURE_HCPC(2.0),"PIB et consommation, annuel, par tête, $ É-U, prix courants, PPA courantes",I,A,Annuelle,USA,États-Unis,S1,Economie totale,S1,Economie totale,B1GQ_POP,"Produit intérieur brut, par tête",_Z,Non applicable,_Z,Non applicable,_Z,Non-applicable,USD_PPP_PS,"Dollars des É-U par personne, PPA convertis",V,Prix courants,N,Données non transformées,T0102,Tableau 0102 - PIB selon l'approche de la dépense,2017,,60001.581167,,,,F,Libre (libre pour publication),1,,A,Valeur normale,0,,_Z,N'est pas applicable
DATAFLOW,OECD.SDD.NAD:DSD_NAMAIN10@DF_TABLE1_EXPENDITURE_HCPC(2.0),"PIB et consommation, annuel, par tête, $ É-U, prix courants, PPA courantes",I,A,Annuelle,DEU,Allemagne,S1,Economie totale,S1,Economie totale,B1GQ_POP,"Produit intérieur brut, par tête",_Z,Non applicable,_Z,Non applicable,_Z,Non-applicable,USD_PPP_PS,"Dollars des É-U par personne, PPA convertis",V,Prix courants,N,Données non transformées,T0102,Tableau 0102 - PIB selon l'approche de la dépense,2017,,54551.287282,,,,F,Libre (libre pour publication),1,,A,Valeur normale,0,,_Z,N'est pas applicable
DATAFLOW,OECD.SDD.NAD:DSD_NAMAIN10@DF_TABLE1_EXPENDITURE_HCPC(2.0),"PIB et consommation, annuel, par tête, $ É-U, prix courants, PPA courantes",I,A,Annuelle,FRA,France,S1,Economie totale,S1,Economie totale,B1GQ_POP,"Produit intérieur brut, par tête",_Z,Non applicable,_Z,Non applicable,_Z,Non-applicable,USD_PPP_PS,"Dollars des É-U par personne, PPA convertis",V,Prix courants,N,Données non transformées,T0102,Tableau 0102 - PIB selon l'approche de la dépense,2017,,44527.741486,,,,F,Libre (libre pour publication),1,,A,Valeur normale,0,,_Z,N'est pas applicable
DATAFLOW,OECD.SDD.NAD:DSD_NAMAIN10@DF_TABLE1_EXPENDITURE_HCPC(2.0),"PIB et consommation, annuel, par tête, $ É-U, prix courants, PPA courantes",I,A,Annuelle,BEL,Belgique,S1,Economie totale,S1,Economie totale,B1GQ_POP,"Produit intérieur brut, par tête",_Z,Non applicable,_Z,Non applicable,_Z,Non-applicable,USD_PPP_PS,"Dollars des É-U par personne, PPA convertis",V,Prix courants,N,Données non transformées,T0102,Tableau 0102 - PIB selon l'approche de la dépense,2017,,50255.854035,,,,F,Libre (libre pour publication),1,,A,Valeur normale,0,,_Z,N'est pas applicable
DATAFLOW,OECD.SDD.NAD:DSD_NAMAIN10@DF_TABLE1_EXPENDITURE_HCPC(2.0),"PIB et consommation, annuel, par tête, $ É-U, prix courants, PPA courantes",I,A,Annuelle,AUT,Autriche,S1,Economie totale,S1,Economie totale,B1GQ_POP,"Produit intérieur brut, par tête",_Z,Non applicable,_Z,Non applicable,_Z,Non-applicable,USD_PPP_PS,"Dollars des É-U par personne, PPA convertis",V,Prix courants,N,Données non transformées,T0102,Tableau 0102 - PIB selon l'approche de la dépense,2017,,53884.923911,,,,F,Libre (libre pour publication),1,,A,Valeur normale,0,,_Z,N'est pas applicable
DATAFLOW,OECD.SDD.NAD:DSD_NAMAIN10@DF_TABLE1_EXPENDITURE_HCPC(2.0),"PIB et consommation, annuel, par tête, $ É-U, prix courants, PPA courantes",I,A,Annuelle,USA,États-Unis,S1,Economie totale,S1,Economie totale,B1GQ_POP,"Produit intérieur brut, par tête",_Z,Non applicable,_Z,Non applicable,_Z,Non-applicable,USD_PPP_PS,"Dollars des É-U par personne, PPA convertis",V,Prix courants,N,Données non transformées,T0102,Tableau 0102 - PIB selon l'approche de la dépense,2016,,57930.913353,,,,F,Libre (libre pour publication),1,,A,Valeur normale,0,,_Z,N'est pas applicable
DATAFLOW,OECD.SDD.NAD:DSD_NAMAIN10@DF_TABLE1_EXPENDITURE_HCPC(2.0),"PIB et consommation, annuel, par tête, $ É-U, prix courants, PPA courantes",I,A,Annuelle,DEU,Allemagne,S1,Economie totale,S1,Economie totale,B1GQ_POP,"Produit intérieur brut, par tête",_Z,Non applicable,_Z,Non applicable,_Z,Non-applicable,USD_PPP_PS,"Dollars des É-U par personne, PPA convertis",V,Prix courants,N,Données non transformées,T0102,Tableau 0102 - PIB selon l'approche de la dépense,2016,,51858.712082,,,,F,Libre (libre pour publication),1,,A,Valeur normale,0,,_Z,N'est pas applicable
DATAFLOW,OECD.SDD.NAD:DSD_NAMAIN10@DF_TABLE1_EXPENDITURE_HCPC(2.0),"PIB et consommation, annuel, par tête, $ É-U, prix courants, PPA courantes",I,A,Annuelle,FRA,France,S1,Economie totale,S1,Economie totale,B1GQ_POP,"Produit intérieur brut, par tête",_Z,Non applicable,_Z,Non applicable,_Z,Non-applicable,USD_PPP_PS,"Dollars des É-U par personne, PPA convertis",V,Prix courants,N,Données non transformées,T0102,Tableau 0102 - PIB selon l'approche de la dépense,2016,,42984.007884,,,,F,Libre (libre pour publication),1,,A,Valeur normale,0,,_Z,N'est pas applicable
DATAFLOW,OECD.SDD.NAD:DSD_NAMAIN10@DF_TABLE1_EXPENDITURE_HCPC(2.0),"PIB et consommation, annuel, par tête, $ É-U, prix courants, PPA courantes",I,A,Annuelle,BEL,Belgique,S1,Economie totale,S1,Economie totale,B1GQ_POP,"Produit intérieur brut, par tête",_Z,Non applicable,_Z,Non applicable,_Z,Non-applicable,USD_PPP_PS,"Dollars des É-U par personne, PPA convertis",V,Prix courants,N,Données non transformées,T0102,Tableau 0102 - PIB selon l'approche de la dépense,2016,,48414.638613,,,,F,Libre (libre pour publication),1,,A,Valeur normale,0,,_Z,N'est pas applicable
DATAFLOW,OECD.SDD.NAD:DSD_NAMAIN10@DF_TABLE1_EXPENDITURE_HCPC(2.0),"PIB et consommation, annuel, par tête, $ É-U, prix courants, PPA courantes",I,A,Annuelle,AUT,Autriche,S1,Economie totale,S1,Economie totale,B1GQ_POP,"Produit intérieur brut, par tête",_Z,Non applicable,_Z,Non applicable,_Z,Non-applicable,USD_PPP_PS,"Dollars des É-U par personne, PPA convertis",V,Prix courants,N,Données non transformées,T0102,Tableau 0102 - PIB selon l'approche de la dépense,2016,,52379.02475,,,,F,Libre (libre pour publication),1,,A,Valeur normale,0,,_Z,N'est pas applicable
DATAFLOW,OECD.SDD.NAD:DSD_NAMAIN10@DF_TABLE1_EXPENDITURE_HCPC(2.0),"PIB et consommation, annuel, par tête, $ É-U, prix courants, PPA courantes",I,A,Annuelle,USA,États-Unis,S1,Economie totale,S1,Economie totale,B1GQ_POP,"Produit intérieur brut, par tête",_Z,Non applicable,_Z,Non applicable,_Z,Non-applicable,USD_PPP_PS,"Dollars des É-U par personne, PPA convertis",V,Prix courants,N,Données non transformées,T0102,Tableau 0102 - PIB selon l'approche de la dépense,2015,,56796.977767,,,,F,Libre (libre pour publication),1,,A,Valeur normale,0,,_Z,N'est pas applicable
DATAFLOW,OECD.SDD.NAD:DSD_NAMAIN10@DF_TABLE1_EXPENDITURE_HCPC(2.0),"PIB et consommation, annuel, par tête, $ É-U, prix courants, PPA courantes",I,A,Annuelle,USA,États-Unis,S1,Economie totale,S1,Economie totale,B1GQ_POP,"Produit intérieur brut, par tête",_Z,Non applicable,_Z,Non applicable,_Z,Non-applicable,USD_PPP_PS,"Dollars des É-U par personne, PPA convertis",V,Prix courants,N,Données non transformées,T0102,Tableau 0102 - PIB selon l'approche de la dépense,2014,,55094.20052,,,,F,Libre (libre pour publication),1,,A,Valeur normale,0,,_Z,N'est pas applicable
DATAFLOW,OECD.SDD.NAD:DSD_NAMAIN10@DF_TABLE1_EXPENDITURE_HCPC(2.0),"PIB et consommation, annuel, par tête, $ É-U, prix courants, PPA courantes",I,A,Annuelle,DEU,Allemagne,S1,Economie totale,S1,Economie totale,B1GQ_POP,"Produit intérieur brut, par tête",_Z,Non applicable,_Z,Non applicable,_Z,Non-applicable,USD_PPP_PS,"Dollars des É-U par personne, PPA convertis",V,Prix courants,N,Données non transformées,T0102,Tableau 0102 - PIB selon l'approche de la dépense,2014,,48060.809841,,,,F,Libre (libre pour publication),1,,A,Valeur normale,0,,_Z,N'est pas applicable
DATAFLOW,OECD.SDD.NAD:DSD_NAMAIN10@DF_TABLE1_EXPENDITURE_HCPC(2.0),"PIB et consommation, annuel, par tête, $ É-U, prix courants, PPA courantes",I,A,Annuelle,FRA,France,S1,Economie totale,S1,Economie totale,B1GQ_POP,"Produit intérieur brut, par tête",_Z,Non applicable,_Z,Non applicable,_Z,Non-applicable,USD_PPP_PS,"Dollars des É-U par personne, PPA convertis",V,Prix courants,N,Données non transformées,T0102,Tableau 0102 - PIB selon l'approche de la dépense,2014,,40395.427694,,,,F,Libre (libre pour publication),1,,A,Valeur normale,0,,_Z,N'est pas applicable
DATAFLOW,OECD.SDD.NAD:DSD_NAMAIN10@DF_TABLE1_EXPENDITURE_HCPC(2.0),"PIB et consommation, annuel, par tête, $ É-U, prix courants, PPA courantes",I,A,Annuelle,BEL,Belgique,S1,Economie totale,S1,Economie totale,B1GQ_POP,"Produit intérieur brut, par tête",_Z,Non applicable,_Z,Non applicable,_Z,Non-applicable,USD_PPP_PS,"Dollars des É-U par personne, PPA convertis",V,Prix courants,N,Données non transformées,T0102,Tableau 0102 - PIB selon l'approche de la dépense,2014,,45147.489111,,,,F,Libre (libre pour publication),1,,A,Valeur normale,0,,_Z,N'est pas applicable
DATAFLOW,OECD.SDD.NAD:DSD_NAMAIN10@DF_TABLE1_EXPENDITURE_HCPC(2.0),"PIB et consommation, annuel, par tête, $ É-U, prix courants, PPA courantes",I,A,Annuelle,AUT,Autriche,S1,Economie totale,S1,Economie totale,B1GQ_POP,"Produit intérieur brut, par tête",_Z,Non applicable,_Z,Non applicable,_Z,Non-applicable,USD_PPP_PS,"Dollars des É-U par personne, PPA convertis",V,Prix courants,N,Données non transformées,T0102,Tableau 0102 - PIB selon l'approche de la dépense,2014,,48368.953154,,,,F,Libre (libre pour publication),1,,A,Valeur normale,0,,_Z,N'est pas applicable
DATAFLOW,OECD.SDD.NAD:DSD_NAMAIN10@DF_TABLE1_EXPENDITURE_HCPC(2.0),"PIB et consommation, annuel, par tête, $ É-U, prix courants, PPA courantes",I,A,Annuelle,USA,États-Unis,S1,Economie totale,S1,Economie totale,B1GQ_POP,"Produit intérieur brut, par tête",_Z,Non applicable,_Z,Non applicable,_Z,Non-applicable,USD_PPP_PS,"Dollars des É-U par personne, PPA convertis",V,Prix courants,N,Données non transformées,T0102,Tableau 0102 - PIB selon l'approche de la dépense,2013,,53234.733183,,,,F,Libre (libre pour publication),1,,A,Valeur normale,0,,_Z,N'est pas applicable
DATAFLOW,OECD.SDD.NAD:DSD_NAMAIN10@DF_TABLE1_EXPENDITURE_HCPC(2.0),"PIB et consommation, annuel, par tête, $ É-U, prix courants, PPA courantes",I,A,Annuelle,DEU,Allemagne,S1,Economie totale,S1,Economie totale,B1GQ_POP,"Produit intérieur brut, par tête",_Z,Non applicable,_Z,Non applicable,_Z,Non-applicable,USD_PPP_PS,"Dollars des É-U par personne, PPA convertis",V,Prix courants,N,Données non transformées,T0102,Tableau 0102 - PIB selon l'approche de la dépense,2013,,45949.484517,,,,F,Libre (libre pour publication),1,,A,Valeur normale,0,,_Z,N'est pas applicable
DATAFLOW,OECD.SDD.NAD:DSD_NAMAIN10@DF_TABLE1_EXPENDITURE_HCPC(2.0),"PIB et consommation, annuel, par tête, $ É-U, prix courants, PPA courantes",I,A,Annuelle,FRA,France,S1,Economie totale,S1,Economie totale,B1GQ_POP,"Produit intérieur brut, par tête",_Z,Non applicable,_Z,Non applicable,_Z,Non-applicable,USD_PPP_PS,"Dollars des É-U par personne, PPA convertis",V,Prix courants,N,Données non transformées,T0102,Tableau 0102 - PIB selon l'approche de la dépense,2013,,39772.553683,,,,F,Libre (libre pour publication),1,,A,Valeur normale,0,,_Z,N'est pas applicable
DATAFLOW,OECD.SDD.NAD:DSD_NAMAIN10@DF_TABLE1_EXPENDITURE_HCPC(2.0),"PIB et consommation, annuel, par tête, $ É-U, prix courants, PPA courantes",I,A,Annuelle,BEL,Belgique,S1,Economie totale,S1,Economie totale,B1GQ_POP,"Produit intérieur brut, par tête",_Z,Non applicable,_Z,Non applicable,_Z,Non-applicable,USD_PPP_PS,"Dollars des É-U par personne, PPA convertis",V,Prix courants,N,Données non transformées,T0102,Tableau 0102 - PIB selon l'approche de la dépense,2013,,43864.147826,,,,F,Libre (libre pour publication),1,,A,Valeur normale,0,,_Z,N'est pas applicable
DATAFLOW,OECD.SDD.NAD:DSD_NAMAIN10@DF_TABLE1_EXPENDITURE_HCPC(2.0),"PIB et consommation, annuel, par tête, $ É-U, prix courants, PPA courantes",I,A,Annuelle,AUT,Autriche,S1,Economie totale,S1,Economie totale,B1GQ_POP,"Produit intérieur brut, par tête",_Z,Non applicable,_Z,Non applicable,_Z,Non-applicable,USD_PPP_PS,"Dollars des É-U par personne, PPA convertis",V,Prix courants,N,Données non transformées,T0102,Tableau 0102 - PIB selon l'approche de la dépense,2013,,47534.19572,,,,F,Libre (libre pour publication),1,,A,Valeur normale,0,,_Z,N'est pas applicable
DATAFLOW,OECD.SDD.NAD:DSD_NAMAIN10@DF_TABLE1_EXPENDITURE_HCPC(2.0),"PIB et consommation, annuel, par tête, $ É-U, prix courants, PPA courantes",I,A,Annuelle,USA,États-Unis,S1,Economie totale,S1,Economie totale,B1GQ_POP,"Produit intérieur brut, par tête",_Z,Non applicable,_Z,Non applicable,_Z,Non-applicable,USD_PPP_PS,"Dollars des É-U par personne, PPA convertis",V,Prix courants,N,Données non transformées,T0102,Tableau 0102 - PIB selon l'approche de la dépense,2012,,51644.919129,,,,F,Libre (libre pour publication),1,,A,Valeur normale,0,,_Z,N'est pas applicable
DATAFLOW,OECD.SDD.NAD:DSD_NAMAIN10@DF_TABLE1_EXPENDITURE_HCPC(2.0),"PIB et consommation, annuel, par tête, $ É-U, prix courants, PPA courantes",I,A,Annuelle,DEU,Allemagne,S1,Economie totale,S1,Economie totale,B1GQ_POP,"Produit intérieur brut, par tête",_Z,Non applicable,_Z,Non applicable,_Z,Non-applicable,USD_PPP_PS,"Dollars des É-U par personne, PPA convertis",V,Prix courants,N,Données non transformées,T0102,Tableau 0102 - PIB selon l'approche de la dépense,2012,,44234.495586,,,,F,Libre (libre pour publication),1,,A,Valeur normale,0,,_Z,N'est pas applicable
DATAFLOW,OECD.SDD.NAD:DSD_NAMAIN10@DF_TABLE1_EXPENDITURE_HCPC(2.0),"PIB et consommation, annuel, par tête, $ É-U, prix courants, PPA courantes",I,A,Annuelle,FRA,France,S1,Economie totale,S1,Economie totale,B1GQ_POP,"Produit intérieur brut, par tête",_Z,Non applicable,_Z,Non applicable,_Z,Non-applicable,USD_PPP_PS,"Dollars des É-U par personne, PPA convertis",V,Prix courants,N,Données non transformées,T0102,Tableau 0102 - PIB selon l'approche de la dépense,2012,,37841.445959,,,,F,Libre (libre pour publication),1,,A,Valeur normale,0,,_Z,N'est pas applicable
DATAFLOW,OECD.SDD.NAD:DSD_NAMAIN10@DF_TABLE1_EXPENDITURE_HCPC(2.0),"PIB et consommation, annuel, par tête, $ É-U, prix courants, PPA courantes",I,A,Annuelle,BEL,Belgique,S1,Economie totale,S1,Economie totale,B1GQ_POP,"Produit intérieur brut, par tête",_Z,Non applicable,_Z,Non applicable,_Z,Non-applicable,USD_PPP_PS,"Dollars des É-U par personne, PPA convertis",V,Prix courants,N,Données non transformées,T0102,Tableau 0102 - PIB selon l'approche de la dépense,2012,,42483.621887,,,,F,Libre (libre pour publication),1,,A,Valeur normale,0,,_Z,N'est pas applicable
DATAFLOW,OECD.SDD.NAD:DSD_NAMAIN10@DF_TABLE1_EXPENDITURE_HCPC(2.0),"PIB et consommation, annuel, par tête, $ É-U, prix courants, PPA courantes",I,A,Annuelle,AUT,Autriche,S1,Economie totale,S1,Economie totale,B1GQ_POP,"Produit intérieur brut, par tête",_Z,Non applicable,_Z,Non applicable,_Z,Non-applicable,USD_PPP_PS,"Dollars des É-U par personne, PPA convertis",V,Prix courants,N,Données non transformées,T0102,Tableau 0102 - PIB selon l'approche de la dépense,2012,,46176.644612,,,,F,Libre (libre pour publication),1,,A,Valeur normale,0,,_Z,N'est pas applicable
DATAFLOW,OECD.SDD.NAD:DSD_NAMAIN10@DF_TABLE1_EXPENDITURE_HCPC(2.0),"PIB et consommation, annuel, par tête, $ É-U, prix courants, PPA courantes",I,A,Annuelle,USA,États-Unis,S1,Economie totale,S1,Economie totale,B1GQ_POP,"Produit intérieur brut, par tête",_Z,Non applicable,_Z,Non applicable,_Z,Non-applicable,USD_PPP_PS,"Dollars des É-U par personne, PPA convertis",V,Prix courants,N,Données non transformées,T0102,Tableau 0102 - PIB selon l'approche de la dépense,2011,,49951.892299,,,,F,Libre (libre pour publication),1,,A,Valeur normale,0,,_Z,N'est pas applicable
DATAFLOW,OECD.SDD.NAD:DSD_NAMAIN10@DF_TABLE1_EXPENDITURE_HCPC(2.0),"PIB et consommation, annuel, par tête, $ É-U, prix courants, PPA courantes",I,A,Annuelle,DEU,Allemagne,S1,Economie totale,S1,Economie totale,B1GQ_POP,"Produit intérieur brut, par tête",_Z,Non applicable,_Z,Non applicable,_Z,Non-applicable,USD_PPP_PS,"Dollars des É-U par personne, PPA convertis",V,Prix courants,N,Données non transformées,T0102,Tableau 0102 - PIB selon l'approche de la dépense,2011,,43384.111667,,,,F,Libre (libre pour publication),1,,A,Valeur normale,0,,_Z,N'est pas applicable
DATAFLOW,OECD.SDD.NAD:DSD_NAMAIN10@DF_TABLE1_EXPENDITURE_HCPC(2.0),"PIB et consommation, annuel, par tête, $ É-U, prix courants, PPA courantes",I,A,Annuelle,FRA,France,S1,Economie totale,S1,Economie totale,B1GQ_POP,"Produit intérieur brut, par tête",_Z,Non applicable,_Z,Non applicable,_Z,Non-applicable,USD_PPP_PS,"Dollars des É-U par personne, PPA convertis",V,Prix courants,N,Données non transformées,T0102,Tableau 0102 - PIB selon l'approche de la dépense,2011,,37675.170698,,,,F,Libre (libre pour publication),1,,A,Valeur normale,0,,_Z,N'est pas applicable
DATAFLOW,OECD.SDD.NAD:DSD_NAMAIN10@DF_TABLE1_EXPENDITURE_HCPC(2.0),"PIB et consommation, annuel, par tête, $ É-U, prix courants, PPA courantes",I,A,Annuelle,BEL,Belgique,S1,Economie totale,S1,Economie totale,B1GQ_POP,"Produit intérieur brut, par tête",_Z,Non applicable,_Z,Non applicable,_Z,Non-applicable,USD_PPP_PS,"Dollars des É-U par personne, PPA convertis",V,Prix courants,N,Données non transformées,T0102,Tableau 0102 - PIB selon l'approche de la dépense,2011,,41244.706461,,,,F,Libre (libre pour publication),1,,A,Valeur normale,0,,_Z,N'est pas applicable
DATAFLOW,OECD.SDD.NAD:DSD_NAMAIN10@DF_TABLE1_EXPENDITURE_HCPC(2.0),"PIB et consommation, annuel, par tête, $ É-U, prix courants, PPA courantes",I,A,Annuelle,AUT,Autriche,S1,Economie totale,S1,Economie totale,B1GQ_POP,"Produit intérieur brut, par tête",_Z,Non applicable,_Z,Non applicable,_Z,Non-applicable,USD_PPP_PS,"Dollars des É-U par personne, PPA convertis",V,Prix courants,N,Données non transformées,T0102,Tableau 0102 - PIB selon l'approche de la dépense,2011,,44187.866099,,,,F,Libre (libre pour publication),1,,A,Valeur normale,0,,_Z,N'est pas applicable
DATAFLOW,OECD.SDD.NAD:DSD_NAMAIN10@DF_TABLE1_EXPENDITURE_HCPC(2.0),"PIB et consommation, annuel, par tête, $ É-U, prix courants, PPA courantes",I,A,Annuelle,USA,États-Unis,S1,Economie totale,S1,Economie totale,B1GQ_POP,"Produit intérieur brut, par tête",_Z,Non applicable,_Z,Non applicable,_Z,Non-applicable,USD_PPP_PS,"Dollars des É-U par personne, PPA convertis",V,Prix courants,N,Données non transformées,T0102,Tableau 0102 - PIB selon l'approche de la dépense,2010,,48570.346571,,,,F,Libre (libre pour publication),1,,A,Valeur normale,0,,_Z,N'est pas applicable
DATAFLOW,OECD.SDD.NAD:DSD_NAMAIN10@DF_TABLE1_EXPENDITURE_HCPC(2.0),"PIB et consommation, annuel, par tête, $ É-U, prix courants, PPA courantes",I,A,Annuelle,USA,États-Unis,S1,Economie totale,S1,Economie totale,B1GQ_POP,"Produit intérieur brut, par tête",_Z,Non applicable,_Z,Non applicable,_Z,Non-applicable,USD_PPP_PS,"Dollars des É-U par personne, PPA convertis",V,Prix courants,N,Données non transformées,T0102,Tableau 0102 - PIB selon l'approche de la dépense,2009,,47122.976733,,,,F,Libre (libre pour publication),1,,A,Valeur normale,0,,_Z,N'est pas applicable
DATAFLOW,OECD.SDD.NAD:DSD_NAMAIN10@DF_TABLE1_EXPENDITURE_HCPC(2.0),"PIB et consommation, annuel, par tête, $ É-U, prix courants, PPA courantes",I,A,Annuelle,USA,États-Unis,S1,Economie totale,S1,Economie totale,B1GQ_POP,"Produit intérieur brut, par tête",_Z,Non applicable,_Z,Non applicable,_Z,Non-applicable,USD_PPP_PS,"Dollars des É-U par personne, PPA convertis",V,Prix courants,N,Données non transformées,T0102,Tableau 0102 - PIB selon l'approche de la dépense,2008,,48498.453811,,,,F,Libre (libre pour publication),1,,A,Valeur normale,0,,_Z,N'est pas applicable
DATAFLOW,OECD.SDD.NAD:DSD_NAMAIN10@DF_TABLE1_EXPENDITURE_HCPC(2.0),"PIB et consommation, annuel, par tête, $ É-U, prix courants, PPA courantes",I,A,Annuelle,DEU,Allemagne,S1,Economie totale,S1,Economie totale,B1GQ_POP,"Produit intérieur brut, par tête",_Z,Non applicable,_Z,Non applicable,_Z,Non-applicable,USD_PPP_PS,"Dollars des É-U par personne, PPA convertis",V,Prix courants,N,Données non transformées,T0102,Tableau 0102 - PIB selon l'approche de la dépense,2008,,39078.248689,,,,F,Libre (libre pour publication),1,,A,Valeur normale,0,,_Z,N'est pas applicable
DATAFLOW,OECD.SDD.NAD:DSD_NAMAIN10@DF_TABLE1_EXPENDITURE_HCPC(2.0),"PIB et consommation, annuel, par tête, $ É-U, prix courants, PPA courantes",I,A,Annuelle,FRA,France,S1,Economie totale,S1,Economie totale,B1GQ_POP,"Produit intérieur brut, par tête",_Z,Non applicable,_Z,Non applicable,_Z,Non-applicable,USD_PPP_PS,"Dollars des É-U par personne, PPA convertis",V,Prix courants,N,Données non transformées,T0102,Tableau 0102 - PIB selon l'approche de la dépense,2008,,35192.163357,,,,F,Libre (libre pour publication),1,,A,Valeur normale,0,,_Z,N'est pas applicable
DATAFLOW,OECD.SDD.NAD:DSD_NAMAIN10@DF_TABLE1_EXPENDITURE_HCPC(2.0),"PIB et consommation, annuel, par tête, $ É-U, prix courants, PPA courantes",I,A,Annuelle,AUT,Autriche,S1,Economie totale,S1,Economie totale,B1GQ_POP,"Produit intérieur brut, par tête",_Z,Non applicable,_Z,Non applicable,_Z,Non-applicable,USD_PPP_PS,"Dollars des É-U par personne, PPA convertis",V,Prix courants,N,Données non transformées,T0102,Tableau 0102 - PIB selon l'approche de la dépense,2008,,41046.495054,,,,F,Libre (libre pour publication),1,,A,Valeur normale,0,,_Z,N'est pas applicable
DATAFLOW,OECD.SDD.NAD:DSD_NAMAIN10@DF_TABLE1_EXPENDITURE_HCPC(2.0),"PIB et consommation, annuel, par tête, $ É-U, prix courants, PPA courantes",I,A,Annuelle,USA,États-Unis,S1,Economie totale,S1,Economie totale,B1GQ_POP,"Produit intérieur brut, par tête",_Z,Non applicable,_Z,Non applicable,_Z,Non-applicable,USD_PPP_PS,"Dollars des É-U par personne, PPA convertis",V,Prix courants,N,Données non transformées,T0102,Tableau 0102 - PIB selon l'approche de la dépense,2007,,47976.184512,,,,F,Libre (libre pour publication),1,,A,Valeur normale,0,,_Z,N'est pas applicable
DATAFLOW,OECD.SDD.NAD:DSD_NAMAIN10@DF_TABLE1_EXPENDITURE_HCPC(2.0),"PIB et consommation, annuel, par tête, $ É-U, prix courants, PPA courantes",I,A,Annuelle,USA,États-Unis,S1,Economie totale,S1,Economie totale,B1GQ_POP,"Produit intérieur brut, par tête",_Z,Non applicable,_Z,Non applicable,_Z,Non-applicable,USD_PPP_PS,"Dollars des É-U par personne, PPA convertis",V,Prix courants,N,Données non transformées,T0102,Tableau 0102 - PIB selon l'approche de la dépense,2006,,46234.163576,,,,F,Libre (libre pour publication),1,,A,Valeur normale,0,,_Z,N'est pas applicable
DATAFLOW,OECD.SDD.NAD:DSD_NAMAIN10@DF_TABLE1_EXPENDITURE_HCPC(2.0),"PIB et consommation, annuel, par tête, $ É-U, prix courants, PPA courantes",I,A,Annuelle,USA,États-Unis,S1,Economie totale,S1,Economie totale,B1GQ_POP,"Produit intérieur brut, par tête",_Z,Non applicable,_Z,Non applicable,_Z,Non-applicable,USD_PPP_PS,"Dollars des É-U par personne, PPA convertis",V,Prix courants,N,Données non transformées,T0102,Tableau 0102 - PIB selon l'approche de la dépense,2005,,44052.400557,,,,F,Libre (libre pour publication),1,,A,Valeur normale,0,,_Z,N'est pas applicable
DATAFLOW,OECD.SDD.NAD:DSD_NAMAIN10@DF_TABLE1_EXPENDITURE_HCPC(2.0),"PIB et consommation, annuel, par tête, $ É-U, prix courants, PPA courantes",I,A,Annuelle,FRA,France,S1,Economie totale,S1,Economie totale,B1GQ_POP,"Produit intérieur brut, par tête",_Z,Non applicable,_Z,Non applicable,_Z,Non-applicable,USD_PPP_PS,"Dollars des É-U par personne, PPA convertis",V,Prix courants,N,Données non transformées,T0102,Tableau 0102 - PIB selon l'approche de la dépense,2005,,30536.043829,,,,F,Libre (libre pour publication),1,,A,Valeur normale,0,,_Z,N'est pas applicable
DATAFLOW,OECD.SDD.NAD:DSD_NAMAIN10@DF_TABLE1_EXPENDITURE_HCPC(2.0),"PIB et consommation, annuel, par tête, $ É-U, prix courants, PPA courantes",I,A,Annuelle,BEL,Belgique,S1,Economie totale,S1,Economie totale,B1GQ_POP,"Produit intérieur brut, par tête",_Z,Non applicable,_Z,Non applicable,_Z,Non-applicable,USD_PPP_PS,"Dollars des É-U par personne, PPA convertis",V,Prix courants,N,Données non transformées,T0102,Tableau 0102 - PIB selon l'approche de la dépense,2005,,33177.947339,,,,F,Libre (libre pour publication),1,,A,Valeur normale,0,,_Z,N'est pas applicable
DATAFLOW,OECD.SDD.NAD:DSD_NAMAIN10@DF_TABLE1_EXPENDITURE_HCPC(2.0),"PIB et consommation, annuel, par tête, $ É-U, prix courants, PPA courantes",I,A,Annuelle,AUT,Autriche,S1,Economie totale,S1,Economie totale,B1GQ_POP,"Produit intérieur brut, par tête",_Z,Non applicable,_Z,Non applicable,_Z,Non-applicable,USD_PPP_PS,"Dollars des É-U par personne, PPA convertis",V,Prix courants,N,Données non transformées,T0102,Tableau 0102 - PIB selon l'approche de la dépense,2005,,34787.456837,,,,F,Libre (libre pour publication),1,,A,Valeur normale,0,,_Z,N'est pas applicable
DATAFLOW,OECD.SDD.NAD:DSD_NAMAIN10@DF_TABLE1_EXPENDITURE_HCPC(2.0),"PIB et consommation, annuel, par tête, $ É-U, prix courants, PPA courantes",I,A,Annuelle,USA,États-Unis,S1,Economie totale,S1,Economie totale,B1GQ_POP,"Produit intérieur brut, par tête",_Z,Non applicable,_Z,Non applicable,_Z,Non-applicable,USD_PPP_PS,"Dollars des É-U par personne, PPA convertis",V,Prix courants,N,Données non transformées,T0102,Tableau 0102 - PIB selon l'approche de la dépense,2004,,41659.613397,,,,F,Libre (libre pour publication),1,,A,Valeur normale,0,,_Z,N'est pas applicable
DATAFLOW,OECD.SDD.NAD:DSD_NAMAIN10@DF_TABLE1_EXPENDITURE_HCPC(2.0),"PIB et consommation, annuel, par tête, $ É-U, prix courants, PPA courantes",I,A,Annuelle,USA,États-Unis,S1,Economie totale,S1,Economie totale,B1GQ_POP,"Produit intérieur brut, par tête",_Z,Non applicable,_Z,Non applicable,_Z,Non-applicable,USD_PPP_PS,"Dollars des É-U par personne, PPA convertis",V,Prix courants,N,Données non transformées,T0102,Tableau 0102 - PIB selon l'approche de la dépense,2003,,39419.885806,,,,F,Libre (libre pour publication),1,,A,Valeur normale,0,,_Z,N'est pas applicable
DATAFLOW,OECD.SDD.NAD:DSD_NAMAIN10@DF_TABLE1_EXPENDITURE_HCPC(2.0),"PIB et consommation, annuel, par tête, $ É-U, prix courants, PPA courantes",I,A,Annuelle,USA,États-Unis,S1,Economie totale,S1,Economie totale,B1GQ_POP,"Produit intérieur brut, par tête",_Z,Non applicable,_Z,Non applicable,_Z,Non-applicable,USD_PPP_PS,"Dollars des É-U par personne, PPA convertis",V,Prix courants,N,Données non transformées,T0102,Tableau 0102 - PIB selon l'approche de la dépense,2002,,37954.255361,,,,F,Libre (libre pour publication),1,,A,Valeur normale,0,,_Z,N'est pas applicable
DATAFLOW,OECD.SDD.NAD:DSD_NAMAIN10@DF_TABLE1_EXPENDITURE_HCPC(2.0),"PIB et consommation, annuel, par tête, $ É-U, prix courants, PPA courantes",I,A,Annuelle,FRA,France,S1,Economie totale,S1,Economie totale,B1GQ_POP,"Produit intérieur brut, par tête",_Z,Non applicable,_Z,Non applicable,_Z,Non-applicable,USD_PPP_PS,"Dollars des É-U par personne, PPA convertis",V,Prix courants,N,Données non transformées,T0102,Tableau 0102 - PIB selon l'approche de la dépense,2002,,28436.646146,,,,F,Libre (libre pour publication),1,,A,Valeur normale,0,,_Z,N'est pas applicable
DATAFLOW,OECD.SDD.NAD:DSD_NAMAIN10@DF_TABLE1_EXPENDITURE_HCPC(2.0),"PIB et consommation, annuel, par tête, $ É-U, prix courants, PPA courantes",I,A,Annuelle,BEL,Belgique,S1,Economie totale,S1,Economie totale,B1GQ_POP,"Produit intérieur brut, par tête",_Z,Non applicable,_Z,Non applicable,_Z,Non-applicable,USD_PPP_PS,"Dollars des É-U par personne, PPA convertis",V,Prix courants,N,Données non transformées,T0102,Tableau 0102 - PIB selon l'approche de la dépense,2002,,30282.254116,,,,F,Libre (libre pour publication),1,,A,Valeur normale,0,,_Z,N'est pas applicable
DATAFLOW,OECD.SDD.NAD:DSD_NAMAIN10@DF_TABLE1_EXPENDITURE_HCPC(2.0),"PIB et consommation, annuel, par tête, $ É-U, prix courants, PPA courantes",I,A,Annuelle,AUT,Autriche,S1,Economie totale,S1,Economie totale,B1GQ_POP,"Produit intérieur brut, par tête",_Z,Non applicable,_Z,Non applicable,_Z,Non-applicable,USD_PPP_PS,"Dollars des É-U par personne, PPA convertis",V,Prix courants,N,Données non transformées,T0102,Tableau 0102 - PIB selon l'approche de la dépense,2002,,30951.59869,,,,F,Libre (libre pour publication),1,,A,Valeur normale,0,,_Z,N'est pas applicable
DATAFLOW,OECD.SDD.NAD:DSD_NAMAIN10@DF_TABLE1_EXPENDITURE_HCPC(2.0),"PIB et consommation, annuel, par tête, $ É-U, prix courants, PPA courantes",I,A,Annuelle,USA,États-Unis,S1,Economie totale,S1,Economie totale,B1GQ_POP,"Produit intérieur brut, par tête",_Z,Non applicable,_Z,Non applicable,_Z,Non-applicable,USD_PPP_PS,"Dollars des É-U par personne, PPA convertis",V,Prix courants,N,Données non transformées,T0102,Tableau 0102 - PIB selon l'approche de la dépense,2001,,37100.259855,,,,F,Libre (libre pour publication),1,,A,Valeur normale,0,,_Z,N'est pas applicable
DATAFLOW,OECD.SDD.NAD:DSD_NAMAIN10@DF_TABLE1_EXPENDITURE_HCPC(2.0),"PIB et consommation, annuel, par tête, $ É-U, prix courants, PPA courantes",I,A,Annuelle,FRA,France,S1,Economie totale,S1,Economie totale,B1GQ_POP,"Produit intérieur brut, par tête",_Z,Non applicable,_Z,Non applicable,_Z,Non-applicable,USD_PPP_PS,"Dollars des É-U par personne, PPA convertis",V,Prix courants,N,Données non transformées,T0102,Tableau 0102 - PIB selon l'approche de la dépense,1999,,24270.460892,,,,F,Libre (libre pour publication),1,,A,Valeur normale,0,,_Z,N'est pas applicable
DATAFLOW,OECD.SDD.NAD:DSD_NAMAIN10@DF_TABLE1_EXPENDITURE_HCPC(2.0),"PIB et consommation, annuel, par tête, $ É-U, prix courants, PPA courantes",I,A,Annuelle,BEL,Belgique,S1,Economie totale,S1,Economie totale,B1GQ_POP,"Produit intérieur brut, par tête",_Z,Non applicable,_Z,Non applicable,_Z,Non-applicable,USD_PPP_PS,"Dollars des É-U par personne, PPA convertis",V,Prix courants,N,Données non transformées,T0102,Tableau 0102 - PIB selon l'approche de la dépense,1999,,25440.896241,,,,F,Libre (libre pour publication),1,,A,Valeur normale,0,,_Z,N'est pas applicable
DATAFLOW,OECD.SDD.NAD:DSD_NAMAIN10@DF_TABLE1_EXPENDITURE_HCPC(2.0),"PIB et consommation, annuel, par tête, $ É-U, prix courants, PPA courantes",I,A,Annuelle,ITA,Italie,S1,Economie totale,S1,Economie totale,B1GQ_POP,"Produit intérieur brut, par tête",_Z,Non applicable,_Z,Non applicable,_Z,Non-applicable,USD_PPP_PS,"Dollars des É-U par personne, PPA convertis",V,Prix courants,N,Données non transformées,T0102,Tableau 0102 - PIB selon l'approche de la dépense,2025,,63203.314646,,,,F,Libre (libre pour publication),1,,E,Valeur estimée,0,,_Z,N'est pas applicable
DATAFLOW,OECD.SDD.NAD:DSD_NAMAIN10@DF_TABLE1_EXPENDITURE_HCPC(2.0),"PIB et consommation, annuel, par tête, $ É-U, prix courants, PPA courantes",I,A,Annuelle,ESP,Espagne,S1,Economie totale,S1,Economie totale,B1GQ_POP,"Produit intérieur brut, par tête",_Z,Non applicable,_Z,Non applicable,_Z,Non-applicable,USD_PPP_PS,"Dollars des É-U par personne, PPA convertis",V,Prix courants,N,Données non transformées,T0102,Tableau 0102 - PIB selon l'approche de la dépense,2025,,60443.482051,,,,F,Libre (libre pour publication),1,,P,Valeur provisoire,0,,_Z,N'est pas applicable
DATAFLOW,OECD.SDD.NAD:DSD_NAMAIN10@DF_TABLE1_EXPENDITURE_HCPC(2.0),"PIB et consommation, annuel, par tête, $ É-U, prix courants, PPA courantes",I,A,Annuelle,CZE,Tchéquie,S1,Economie totale,S1,Economie totale,B1GQ_POP,"Produit intérieur brut, par tête",_Z,Non applicable,_Z,Non applicable,_Z,Non-applicable,USD_PPP_PS,"Dollars des É-U par personne, PPA convertis",V,Prix courants,N,Données non transformées,T0102,Tableau 0102 - PIB selon l'approche de la dépense,2023,,55990.244416,,,,F,Libre (libre pour publication),1,,A,Valeur normale,0,,_Z,N'est pas applicable
DATAFLOW,OECD.SDD.NAD:DSD_NAMAIN10@DF_TABLE1_EXPENDITURE_HCPC(2.0),"PIB et consommation, annuel, par tête, $ É-U, prix courants, PPA courantes",I,A,Annuelle,BEL,Belgique,S1,Economie totale,S1,Economie totale,B1GQ_POP,"Produit intérieur brut, par tête",_Z,Non applicable,_Z,Non applicable,_Z,Non-applicable,USD_PPP_PS,"Dollars des É-U par personne, PPA convertis",V,Prix courants,N,Données non transformées,T0102,Tableau 0102 - PIB selon l'approche de la dépense,2023,,72690.78942,,,,F,Libre (libre pour publication),1,,A,Valeur normale,0,,_Z,N'est pas applicable
DATAFLOW,OECD.SDD.NAD:DSD_NAMAIN10@DF_TABLE1_EXPENDITURE_HCPC(2.0),"PIB et consommation, annuel, par tête, $ É-U, prix courants, PPA courantes",I,A,Annuelle,AUT,Autriche,S1,Economie totale,S1,Economie totale,B1GQ_POP,"Produit intérieur brut, par tête",_Z,Non applicable,_Z,Non applicable,_Z,Non-applicable,USD_PPP_PS,"Dollars des É-U par personne, PPA convertis",V,Prix courants,N,Données non transformées,T0102,Tableau 0102 - PIB selon l'approche de la dépense,2023,,74269.587905,,,,F,Libre (libre pour publication),1,,A,Valeur normale,0,,_Z,N'est pas applicable
DATAFLOW,OECD.SDD.NAD:DSD_NAMAIN10@DF_TABLE1_EXPENDITURE_HCPC(2.0),"PIB et consommation, annuel, par tête, $ É-U, prix courants, PPA courantes",I,A,Annuelle,ESP,Espagne,S1,Economie totale,S1,Economie totale,B1GQ_POP,"Produit intérieur brut, par tête",_Z,Non applicable,_Z,Non applicable,_Z,Non-applicable,USD_PPP_PS,"Dollars des É-U par personne, PPA convertis",V,Prix courants,N,Données non transformées,T0102,Tableau 0102 - PIB selon l'approche de la dépense,2022,,51482.627914,,,,F,Libre (libre pour publication),1,,A,Valeur normale,0,,_Z,N'est pas applicable
DATAFLOW,OECD.SDD.NAD:DSD_NAMAIN10@DF_TABLE1_EXPENDITURE_HCPC(2.0),"PIB et consommation, annuel, par tête, $ É-U, prix courants, PPA courantes",I,A,Annuelle,ITA,Italie,S1,Economie totale,S1,Economie totale,B1GQ_POP,"Produit intérieur brut, par tête",_Z,Non applicable,_Z,Non applicable,_Z,Non-applicable,USD_PPP_PS,"Dollars des É-U par personne, PPA convertis",V,Prix courants,N,Données non transformées,T0102,Tableau 0102 - PIB selon l'approche de la dépense,2022,,57260.873654,,,,F,Libre (libre pour publication),1,,A,Valeur normale,0,,_Z,N'est pas applicable
DATAFLOW,OECD.SDD.NAD:DSD_NAMAIN10@DF_TABLE1_EXPENDITURE_HCPC(2.0),"PIB et consommation, annuel, par tête, $ É-U, prix courants, PPA courantes",I,A,Annuelle,FRA,France,S1,Economie totale,S1,Economie totale,B1GQ_POP,"Produit intérieur brut, par tête",_Z,Non applicable,_Z,Non applicable,_Z,Non-applicable,USD_PPP_PS,"Dollars des É-U par personne, PPA convertis",V,Prix courants,N,Données non transformées,T0102,Tableau 0102 - PIB selon l'approche de la dépense,2022,,57001.58454,,,,F,Libre (libre pour publication),1,,A,Valeur normale,0,,_Z,N'est pas applicable
DATAFLOW,OECD.SDD.NAD:DSD_NAMAIN10@DF_TABLE1_EXPENDITURE_HCPC(2.0),"PIB et consommation, annuel, par tête, $ É-U, prix courants, PPA courantes",I,A,Annuelle,CZE,Tchéquie,S1,Economie totale,S1,Economie totale,B1GQ_POP,"Produit intérieur brut, par tête",_Z,Non applicable,_Z,Non applicable,_Z,Non-applicable,USD_PPP_PS,"Dollars des É-U par personne, PPA convertis",V,Prix courants,N,Données non transformées,T0102,Tableau 0102 - PIB selon l'approche de la dépense,2022,,52516.841992,,,,F,Libre (libre pour publication),1,,A,Valeur normale,0,,_Z,N'est pas applicable
DATAFLOW,OECD.SDD.NAD:DSD_NAMAIN10@DF_TABLE1_EXPENDITURE_HCPC(2.0),"PIB et consommation, annuel, par tête, $ É-U, prix courants, PPA courantes",I,A,Annuelle,BEL,Belgique,S1,Economie totale,S1,Economie totale,B1GQ_POP,"Produit intérieur brut, par tête",_Z,Non applicable,_Z,Non applicable,_Z,Non-applicable,USD_PPP_PS,"Dollars des É-U par personne, PPA convertis",V,Prix courants,N,Données non transformées,T0102,Tableau 0102 - PIB selon l'approche de la dépense,2022,,68833.732098,,,,F,Libre (libre pour publication),1,,A,Valeur normale,0,,_Z,N'est pas applicable
DATAFLOW,OECD.SDD.NAD:DSD_NAMAIN10@DF_TABLE1_EXPENDITURE_HCPC(2.0),"PIB et consommation, annuel, par tête, $ É-U, prix courants, PPA courantes",I,A,Annuelle,AUT,Autriche,S1,Economie totale,S1,Economie totale,B1GQ_POP,"Produit intérieur brut, par tête",_Z,Non applicable,_Z,Non applicable,_Z,Non-applicable,USD_PPP_PS,"Dollars des É-U par personne, PPA convertis",V,Prix courants,N,Données non transformées,T0102,Tableau 0102 - PIB selon l'approche de la dépense,2022,,72198.693654,,,,F,Libre (libre pour publication),1,,A,Valeur normale,0,,_Z,N'est pas applicable
DATAFLOW,OECD.SDD.NAD:DSD_NAMAIN10@DF_TABLE1_EXPENDITURE_HCPC(2.0),"PIB et consommation, annuel, par tête, $ É-U, prix courants, PPA courantes",I,A,Annuelle,ESP,Espagne,S1,Economie totale,S1,Economie totale,B1GQ_POP,"Produit intérieur brut, par tête",_Z,Non applicable,_Z,Non applicable,_Z,Non-applicable,USD_PPP_PS,"Dollars des É-U par personne, PPA convertis",V,Prix courants,N,Données non transformées,T0102,Tableau 0102 - PIB selon l'approche de la dépense,2015,,35257.434902,,,,F,Libre (libre pour publication),1,,A,Valeur normale,0,,_Z,N'est pas applicable
DATAFLOW,OECD.SDD.NAD:DSD_NAMAIN10@DF_TABLE1_EXPENDITURE_HCPC(2.0),"PIB et consommation, annuel, par tête, $ É-U, prix courants, PPA courantes",I,A,Annuelle,ITA,Italie,S1,Economie totale,S1,Economie totale,B1GQ_POP,"Produit intérieur brut, par tête",_Z,Non applicable,_Z,Non applicable,_Z,Non-applicable,USD_PPP_PS,"Dollars des É-U par personne, PPA convertis",V,Prix courants,N,Données non transformées,T0102,Tableau 0102 - PIB selon l'approche de la dépense,2015,,37384.405169,,,,F,Libre (libre pour publication),1,,A,Valeur normale,0,,_Z,N'est pas applicable
DATAFLOW,OECD.SDD.NAD:DSD_NAMAIN10@DF_TABLE1_EXPENDITURE_HCPC(2.0),"PIB et consommation, annuel, par tête, $ É-U, prix courants, PPA courantes",I,A,Annuelle,DEU,Allemagne,S1,Economie totale,S1,Economie totale,B1GQ_POP,"Produit intérieur brut, par tête",_Z,Non applicable,_Z,Non applicable,_Z,Non-applicable,USD_PPP_PS,"Dollars des É-U par personne, PPA convertis",V,Prix courants,N,Données non transformées,T0102,Tableau 0102 - PIB selon l'approche de la dépense,2015,,48770.474333,,,,F,Libre (libre pour publication),1,,A,Valeur normale,0,,_Z,N'est pas applicable
DATAFLOW,OECD.SDD.NAD:DSD_NAMAIN10@DF_TABLE1_EXPENDITURE_HCPC(2.0),"PIB et consommation, annuel, par tête, $ É-U, prix courants, PPA courantes",I,A,Annuelle,FRA,France,S1,Economie totale,S1,Economie totale,B1GQ_POP,"Produit intérieur brut, par tête",_Z,Non applicable,_Z,Non applicable,_Z,Non-applicable,USD_PPP_PS,"Dollars des É-U par personne, PPA convertis",V,Prix courants,N,Données non transformées,T0102,Tableau 0102 - PIB selon l'approche de la dépense,2015,,41049.660974,,,,F,Libre (libre pour publication),1,,A,Valeur normale,0,,_Z,N'est pas applicable
DATAFLOW,OECD.SDD.NAD:DSD_NAMAIN10@DF_TABLE1_EXPENDITURE_HCPC(2.0),"PIB et consommation, annuel, par tête, $ É-U, prix courants, PPA courantes",I,A,Annuelle,CZE,Tchéquie,S1,Economie totale,S1,Economie totale,B1GQ_POP,"Produit intérieur brut, par tête",_Z,Non applicable,_Z,Non applicable,_Z,Non-applicable,USD_PPP_PS,"Dollars des É-U par personne, PPA convertis",V,Prix courants,N,Données non transformées,T0102,Tableau 0102 - PIB selon l'approche de la dépense,2015,,34217.975632,,,,F,Libre (libre pour publication),1,,A,Valeur normale,0,,_Z,N'est pas applicable
DATAFLOW,OECD.SDD.NAD:DSD_NAMAIN10@DF_TABLE1_EXPENDITURE_HCPC(2.0),"PIB et consommation, annuel, par tête, $ É-U, prix courants, PPA courantes",I,A,Annuelle,BEL,Belgique,S1,Economie totale,S1,Economie totale,B1GQ_POP,"Produit intérieur brut, par tête",_Z,Non applicable,_Z,Non applicable,_Z,Non-applicable,USD_PPP_PS,"Dollars des É-U par personne, PPA convertis",V,Prix courants,N,Données non transformées,T0102,Tableau 0102 - PIB selon l'approche de la dépense,2015,,46071.876832,,,,F,Libre (libre pour publication),1,,A,Valeur normale,0,,_Z,N'est pas applicable
DATAFLOW,OECD.SDD.NAD:DSD_NAMAIN10@DF_TABLE1_EXPENDITURE_HCPC(2.0),"PIB et consommation, annuel, par tête, $ É-U, prix courants, PPA courantes",I,A,Annuelle,AUT,Autriche,S1,Economie totale,S1,Economie totale,B1GQ_POP,"Produit intérieur brut, par tête",_Z,Non applicable,_Z,Non applicable,_Z,Non-applicable,USD_PPP_PS,"Dollars des É-U par personne, PPA convertis",V,Prix courants,N,Données non transformées,T0102,Tableau 0102 - PIB selon l'approche de la dépense,2015,,49625.117401,,,,F,Libre (libre pour publication),1,,A,Valeur normale,0,,_Z,N'est pas applicable
DATAFLOW,OECD.SDD.NAD:DSD_NAMAIN10@DF_TABLE1_EXPENDITURE_HCPC(2.0),"PIB et consommation, annuel, par tête, $ É-U, prix courants, PPA courantes",I,A,Annuelle,ESP,Espagne,S1,Economie totale,S1,Economie totale,B1GQ_POP,"Produit intérieur brut, par tête",_Z,Non applicable,_Z,Non applicable,_Z,Non-applicable,USD_PPP_PS,"Dollars des É-U par personne, PPA convertis",V,Prix courants,N,Données non transformées,T0102,Tableau 0102 - PIB selon l'approche de la dépense,2010,,31814.519318,,,,F,Libre (libre pour publication),1,,A,Valeur normale,0,,_Z,N'est pas applicable
DATAFLOW,OECD.SDD.NAD:DSD_NAMAIN10@DF_TABLE1_EXPENDITURE_HCPC(2.0),"PIB et consommation, annuel, par tête, $ É-U, prix courants, PPA courantes",I,A,Annuelle,ITA,Italie,S1,Economie totale,S1,Economie totale,B1GQ_POP,"Produit intérieur brut, par tête",_Z,Non applicable,_Z,Non applicable,_Z,Non-applicable,USD_PPP_PS,"Dollars des É-U par personne, PPA convertis",V,Prix courants,N,Données non transformées,T0102,Tableau 0102 - PIB selon l'approche de la dépense,2010,,34974.091511,,,,F,Libre (libre pour publication),1,,A,Valeur normale,0,,_Z,N'est pas applicable
DATAFLOW,OECD.SDD.NAD:DSD_NAMAIN10@DF_TABLE1_EXPENDITURE_HCPC(2.0),"PIB et consommation, annuel, par tête, $ É-U, prix courants, PPA courantes",I,A,Annuelle,DEU,Allemagne,S1,Economie totale,S1,Economie totale,B1GQ_POP,"Produit intérieur brut, par tête",_Z,Non applicable,_Z,Non applicable,_Z,Non-applicable,USD_PPP_PS,"Dollars des É-U par personne, PPA convertis",V,Prix courants,N,Données non transformées,T0102,Tableau 0102 - PIB selon l'approche de la dépense,2010,,40452.445425,,,,F,Libre (libre pour publication),1,,A,Valeur normale,0,,_Z,N'est pas applicable
DATAFLOW,OECD.SDD.NAD:DSD_NAMAIN10@DF_TABLE1_EXPENDITURE_HCPC(2.0),"PIB et consommation, annuel, par tête, $ É-U, prix courants, PPA courantes",I,A,Annuelle,FRA,France,S1,Economie totale,S1,Economie totale,B1GQ_POP,"Produit intérieur brut, par tête",_Z,Non applicable,_Z,Non applicable,_Z,Non-applicable,USD_PPP_PS,"Dollars des É-U par personne, PPA convertis",V,Prix courants,N,Données non transformées,T0102,Tableau 0102 - PIB selon l'approche de la dépense,2010,,36061.853652,,,,F,Libre (libre pour publication),1,,A,Valeur normale,0,,_Z,N'est pas applicable
DATAFLOW,OECD.SDD.NAD:DSD_NAMAIN10@DF_TABLE1_EXPENDITURE_HCPC(2.0),"PIB et consommation, annuel, par tête, $ É-U, prix courants, PPA courantes",I,A,Annuelle,CZE,Tchéquie,S1,Economie totale,S1,Economie totale,B1GQ_POP,"Produit intérieur brut, par tête",_Z,Non applicable,_Z,Non applicable,_Z,Non-applicable,USD_PPP_PS,"Dollars des É-U par personne, PPA convertis",V,Prix courants,N,Données non transformées,T0102,Tableau 0102 - PIB selon l'approche de la dépense,2010,,28039.179541,,,,F,Libre (libre pour publication),1,,A,Valeur normale,0,,_Z,N'est pas applicable
DATAFLOW,OECD.SDD.NAD:DSD_NAMAIN10@DF_TABLE1_EXPENDITURE_HCPC(2.0),"PIB et consommation, annuel, par tête, $ É-U, prix courants, PPA courantes",I,A,Annuelle,BEL,Belgique,S1,Economie totale,S1,Economie totale,B1GQ_POP,"Produit intérieur brut, par tête",_Z,Non applicable,_Z,Non applicable,_Z,Non-applicable,USD_PPP_PS,"Dollars des É-U par personne, PPA convertis",V,Prix courants,N,Données non transformées,T0102,Tableau 0102 - PIB selon l'approche de la dépense,2010,,39839.926324,,,,F,Libre (libre pour publication),1,,A,Valeur normale,0,,_Z,N'est pas applicable
DATAFLOW,OECD.SDD.NAD:DSD_NAMAIN10@DF_TABLE1_EXPENDITURE_HCPC(2.0),"PIB et consommation, annuel, par tête, $ É-U, prix courants, PPA courantes",I,A,Annuelle,AUT,Autriche,S1,Economie totale,S1,Economie totale,B1GQ_POP,"Produit intérieur brut, par tête",_Z,Non applicable,_Z,Non applicable,_Z,Non-applicable,USD_PPP_PS,"Dollars des É-U par personne, PPA convertis",V,Prix courants,N,Données non transformées,T0102,Tableau 0102 - PIB selon l'approche de la dépense,2010,,41747.191275,,,,F,Libre (libre pour publication),1,,A,Valeur normale,0,,_Z,N'est pas applicable
DATAFLOW,OECD.SDD.NAD:DSD_NAMAIN10@DF_TABLE1_EXPENDITURE_HCPC(2.0),"PIB et consommation, annuel, par tête, $ É-U, prix courants, PPA courantes",I,A,Annuelle,ESP,Espagne,S1,Economie totale,S1,Economie totale,B1GQ_POP,"Produit intérieur brut, par tête",_Z,Non applicable,_Z,Non applicable,_Z,Non-applicable,USD_PPP_PS,"Dollars des É-U par personne, PPA convertis",V,Prix courants,N,Données non transformées,T0102,Tableau 0102 - PIB selon l'approche de la dépense,2009,,32215.07231,,,,F,Libre (libre pour publication),1,,A,Valeur normale,0,,_Z,N'est pas applicable
DATAFLOW,OECD.SDD.NAD:DSD_NAMAIN10@DF_TABLE1_EXPENDITURE_HCPC(2.0),"PIB et consommation, annuel, par tête, $ É-U, prix courants, PPA courantes",I,A,Annuelle,ITA,Italie,S1,Economie totale,S1,Economie totale,B1GQ_POP,"Produit intérieur brut, par tête",_Z,Non applicable,_Z,Non applicable,_Z,Non-applicable,USD_PPP_PS,"Dollars des É-U par personne, PPA convertis",V,Prix courants,N,Données non transformées,T0102,Tableau 0102 - PIB selon l'approche de la dépense,2009,,34501.666695,,,,F,Libre (libre pour publication),1,,A,Valeur normale,0,,_Z,N'est pas applicable
DATAFLOW,OECD.SDD.NAD:DSD_NAMAIN10@DF_TABLE1_EXPENDITURE_HCPC(2.0),"PIB et consommation, annuel, par tête, $ É-U, prix courants, PPA courantes",I,A,Annuelle,CZE,Tchéquie,S1,Economie totale,S1,Economie totale,B1GQ_POP,"Produit intérieur brut, par tête",_Z,Non applicable,_Z,Non applicable,_Z,Non-applicable,USD_PPP_PS,"Dollars des É-U par personne, PPA convertis",V,Prix courants,N,Données non transformées,T0102,Tableau 0102 - PIB selon l'approche de la dépense,1995,,13952.533942,,,,F,Libre (libre pour publication),1,,A,Valeur normale,0,,_Z,N'est pas applicable
DATAFLOW,OECD.SDD.NAD:DSD_NAMAIN10@DF_TABLE1_EXPENDITURE_HCPC(2.0),"PIB et consommation, annuel, par tête, $ É-U, prix courants, PPA courantes",I,A,Annuelle,BEL,Belgique,S1,Economie totale,S1,Economie totale,B1GQ_POP,"Produit intérieur brut, par tête",_Z,Non applicable,_Z,Non applicable,_Z,Non-applicable,USD_PPP_PS,"Dollars des É-U par personne, PPA convertis",V,Prix courants,N,Données non transformées,T0102,Tableau 0102 - PIB selon l'approche de la dépense,2025,,75572.824007,,,,F,Libre (libre pour publication),1,,P,Valeur provisoire,0,,_Z,N'est pas applicable
DATAFLOW,OECD.SDD.NAD:DSD_NAMAIN10@DF_TABLE1_EXPENDITURE_HCPC(2.0),"PIB et consommation, annuel, par tête, $ É-U, prix courants, PPA courantes",I,A,Annuelle,BEL,Belgique,S1,Economie totale,S1,Economie totale,B1GQ_POP,"Produit intérieur brut, par tête",_Z,Non applicable,_Z,Non applicable,_Z,Non-applicable,USD_PPP_PS,"Dollars des É-U par personne, PPA convertis",V,Prix courants,N,Données non transformées,T0102,Tableau 0102 - PIB selon l'approche de la dépense,2024,,74319.393227,,,,F,Libre (libre pour publication),1,,P,Valeur provisoire,0,,_Z,N'est pas applicable
DATAFLOW,OECD.SDD.NAD:DSD_NAMAIN10@DF_TABLE1_EXPENDITURE_HCPC(2.0),"PIB et consommation, annuel, par tête, $ É-U, prix courants, PPA courantes",I,A,Annuelle,DEU,Allemagne,S1,Economie totale,S1,Economie totale,B1GQ_POP,"Produit intérieur brut, par tête",_Z,Non applicable,_Z,Non applicable,_Z,Non-applicable,USD_PPP_PS,"Dollars des É-U par personne, PPA convertis",V,Prix courants,N,Données non transformées,T0102,Tableau 0102 - PIB selon l'approche de la dépense,1993,,21957.121287,,,,F,Libre (libre pour publication),1,,A,Valeur normale,0,,_Z,N'est pas applicable
DATAFLOW,OECD.SDD.NAD:DSD_NAMAIN10@DF_TABLE1_EXPENDITURE_HCPC(2.0),"PIB et consommation, annuel, par tête, $ É-U, prix courants, PPA courantes",I,A,Annuelle,CZE,Tchéquie,S1,Economie totale,S1,Economie totale,B1GQ_POP,"Produit intérieur brut, par tête",_Z,Non applicable,_Z,Non applicable,_Z,Non-applicable,USD_PPP_PS,"Dollars des É-U par personne, PPA convertis",V,Prix courants,N,Données non transformées,T0102,Tableau 0102 - PIB selon l'approche de la dépense,2004,,20967.923167,,,,F,Libre (libre pour publication),1,,A,Valeur normale,0,,_Z,N'est pas applicable
DATAFLOW,OECD.SDD.NAD:DSD_NAMAIN10@DF_TABLE1_EXPENDITURE_HCPC(2.0),"PIB et consommation, annuel, par tête, $ É-U, prix courants, PPA courantes",I,A,Annuelle,BEL,Belgique,S1,Economie totale,S1,Economie totale,B1GQ_POP,"Produit intérieur brut, par tête",_Z,Non applicable,_Z,Non applicable,_Z,Non-applicable,USD_PPP_PS,"Dollars des É-U par personne, PPA convertis",V,Prix courants,N,Données non transformées,T0102,Tableau 0102 - PIB selon l'approche de la dépense,2004,,32059.811471,,,,F,Libre (libre pour publication),1,,A,Valeur normale,0,,_Z,N'est pas applicable
DATAFLOW,OECD.SDD.NAD:DSD_NAMAIN10@DF_TABLE1_EXPENDITURE_HCPC(2.0),"PIB et consommation, annuel, par tête, $ É-U, prix courants, PPA courantes",I,A,Annuelle,FRA,France,S1,Economie totale,S1,Economie totale,B1GQ_POP,"Produit intérieur brut, par tête",_Z,Non applicable,_Z,Non applicable,_Z,Non-applicable,USD_PPP_PS,"Dollars des É-U par personne, PPA convertis",V,Prix courants,N,Données non transformées,T0102,Tableau 0102 - PIB selon l'approche de la dépense,2009,,34827.880811,,,,F,Libre (libre pour publication),1,,A,Valeur normale,0,,_Z,N'est pas applicable
DATAFLOW,OECD.SDD.NAD:DSD_NAMAIN10@DF_TABLE1_EXPENDITURE_HCPC(2.0),"PIB et consommation, annuel, par tête, $ É-U, prix courants, PPA courantes",I,A,Annuelle,CZE,Tchéquie,S1,Economie totale,S1,Economie totale,B1GQ_POP,"Produit intérieur brut, par tête",_Z,Non applicable,_Z,Non applicable,_Z,Non-applicable,USD_PPP_PS,"Dollars des É-U par personne, PPA convertis",V,Prix courants,N,Données non transformées,T0102,Tableau 0102 - PIB selon l'approche de la dépense,2009,,27587.624613,,,,F,Libre (libre pour publication),1,,A,Valeur normale,0,,_Z,N'est pas applicable
DATAFLOW,OECD.SDD.NAD:DSD_NAMAIN10@DF_TABLE1_EXPENDITURE_HCPC(2.0),"PIB et consommation, annuel, par tête, $ É-U, prix courants, PPA courantes",I,A,Annuelle,AUT,Autriche,S1,Economie totale,S1,Economie totale,B1GQ_POP,"Produit intérieur brut, par tête",_Z,Non applicable,_Z,Non applicable,_Z,Non-applicable,USD_PPP_PS,"Dollars des É-U par personne, PPA convertis",V,Prix courants,N,Données non transformées,T0102,Tableau 0102 - PIB selon l'approche de la dépense,2009,,40695.706319,,,,F,Libre (libre pour publication),1,,A,Valeur normale,0,,_Z,N'est pas applicable
DATAFLOW,OECD.SDD.NAD:DSD_NAMAIN10@DF_TABLE1_EXPENDITURE_HCPC(2.0),"PIB et consommation, annuel, par tête, $ É-U, prix courants, PPA courantes",I,A,Annuelle,ESP,Espagne,S1,Economie totale,S1,Economie totale,B1GQ_POP,"Produit intérieur brut, par tête",_Z,Non applicable,_Z,Non applicable,_Z,Non-applicable,USD_PPP_PS,"Dollars des É-U par personne, PPA convertis",V,Prix courants,N,Données non transformées,T0102,Tableau 0102 - PIB selon l'approche de la dépense,2007,,32529.56037,,,,F,Libre (libre pour publication),1,,A,Valeur normale,0,,_Z,N'est pas applicable
DATAFLOW,OECD.SDD.NAD:DSD_NAMAIN10@DF_TABLE1_EXPENDITURE_HCPC(2.0),"PIB et consommation, annuel, par tête, $ É-U, prix courants, PPA courantes",I,A,Annuelle,BEL,Belgique,S1,Economie totale,S1,Economie totale,B1GQ_POP,"Produit intérieur brut, par tête",_Z,Non applicable,_Z,Non applicable,_Z,Non-applicable,USD_PPP_PS,"Dollars des É-U par personne, PPA convertis",V,Prix courants,N,Données non transformées,T0102,Tableau 0102 - PIB selon l'approche de la dépense,1995,,22446.303387,,,,F,Libre (libre pour publication),1,,A,Valeur normale,0,,_Z,N'est pas applicable
DATAFLOW,OECD.SDD.NAD:DSD_NAMAIN10@DF_TABLE1_EXPENDITURE_HCPC(2.0),"PIB et consommation, annuel, par tête, $ É-U, prix courants, PPA courantes",I,A,Annuelle,AUT,Autriche,S1,Economie totale,S1,Economie totale,B1GQ_POP,"Produit intérieur brut, par tête",_Z,Non applicable,_Z,Non applicable,_Z,Non-applicable,USD_PPP_PS,"Dollars des É-U par personne, PPA convertis",V,Prix courants,N,Données non transformées,T0102,Tableau 0102 - PIB selon l'approche de la dépense,1995,,23604.028016,,,,F,Libre (libre pour publication),1,,A,Valeur normale,0,,_Z,N'est pas applicable
DATAFLOW,OECD.SDD.NAD:DSD_NAMAIN10@DF_TABLE1_EXPENDITURE_HCPC(2.0),"PIB et consommation, annuel, par tête, $ É-U, prix courants, PPA courantes",I,A,Annuelle,DEU,Allemagne,S1,Economie totale,S1,Economie totale,B1GQ_POP,"Produit intérieur brut, par tête",_Z,Non applicable,_Z,Non applicable,_Z,Non-applicable,USD_PPP_PS,"Dollars des É-U par personne, PPA convertis",V,Prix courants,N,Données non transformées,T0102,Tableau 0102 - PIB selon l'approche de la dépense,1994,,22951.327727,,,,F,Libre (libre pour publication),1,,A,Valeur normale,0,,_Z,N'est pas applicable
DATAFLOW,OECD.SDD.NAD:DSD_NAMAIN10@DF_TABLE1_EXPENDITURE_HCPC(2.0),"PIB et consommation, annuel, par tête, $ É-U, prix courants, PPA courantes",I,A,Annuelle,FRA,France,S1,Economie totale,S1,Economie totale,B1GQ_POP,"Produit intérieur brut, par tête",_Z,Non applicable,_Z,Non applicable,_Z,Non-applicable,USD_PPP_PS,"Dollars des É-U par personne, PPA convertis",V,Prix courants,N,Données non transformées,T0102,Tableau 0102 - PIB selon l'approche de la dépense,1994,,19934.046079,,,,F,Libre (libre pour publication),1,,A,Valeur normale,0,,_Z,N'est pas applicable
DATAFLOW,OECD.SDD.NAD:DSD_NAMAIN10@DF_TABLE1_EXPENDITURE_HCPC(2.0),"PIB et consommation, annuel, par tête, $ É-U, prix courants, PPA courantes",I,A,Annuelle,FRA,France,S1,Economie totale,S1,Economie totale,B1GQ_POP,"Produit intérieur brut, par tête",_Z,Non applicable,_Z,Non applicable,_Z,Non-applicable,USD_PPP_PS,"Dollars des É-U par personne, PPA convertis",V,Prix courants,N,Données non transformées,T0102,Tableau 0102 - PIB selon l'approche de la dépense,2007,,34195.447103,,,,F,Libre (libre pour publication),1,,A,Valeur normale,0,,_Z,N'est pas applicable
DATAFLOW,OECD.SDD.NAD:DSD_NAMAIN10@DF_TABLE1_EXPENDITURE_HCPC(2.0),"PIB et consommation, annuel, par tête, $ É-U, prix courants, PPA courantes",I,A,Annuelle,CZE,Tchéquie,S1,Economie totale,S1,Economie totale,B1GQ_POP,"Produit intérieur brut, par tête",_Z,Non applicable,_Z,Non applicable,_Z,Non-applicable,USD_PPP_PS,"Dollars des É-U par personne, PPA convertis",V,Prix courants,N,Données non transformées,T0102,Tableau 0102 - PIB selon l'approche de la dépense,2007,,26206.889497,,,,F,Libre (libre pour publication),1,,A,Valeur normale,0,,_Z,N'est pas applicable
DATAFLOW,OECD.SDD.NAD:DSD_NAMAIN10@DF_TABLE1_EXPENDITURE_HCPC(2.0),"PIB et consommation, annuel, par tête, $ É-U, prix courants, PPA courantes",I,A,Annuelle,BEL,Belgique,S1,Economie totale,S1,Economie totale,B1GQ_POP,"Produit intérieur brut, par tête",_Z,Non applicable,_Z,Non applicable,_Z,Non-applicable,USD_PPP_PS,"Dollars des É-U par personne, PPA convertis",V,Prix courants,N,Données non transformées,T0102,Tableau 0102 - PIB selon l'approche de la dépense,2007,,36798.208635,,,,F,Libre (libre pour publication),1,,A,Valeur normale,0,,_Z,N'est pas applicable
DATAFLOW,OECD.SDD.NAD:DSD_NAMAIN10@DF_TABLE1_EXPENDITURE_HCPC(2.0),"PIB et consommation, annuel, par tête, $ É-U, prix courants, PPA courantes",I,A,Annuelle,AUT,Autriche,S1,Economie totale,S1,Economie totale,B1GQ_POP,"Produit intérieur brut, par tête",_Z,Non applicable,_Z,Non applicable,_Z,Non-applicable,USD_PPP_PS,"Dollars des É-U par personne, PPA convertis",V,Prix courants,N,Données non transformées,T0102,Tableau 0102 - PIB selon l'approche de la dépense,2007,,39193.789618,,,,F,Libre (libre pour publication),1,,A,Valeur normale,0,,_Z,N'est pas applicable
DATAFLOW,OECD.SDD.NAD:DSD_NAMAIN10@DF_TABLE1_EXPENDITURE_HCPC(2.0),"PIB et consommation, annuel, par tête, $ É-U, prix courants, PPA courantes",I,A,Annuelle,ESP,Espagne,S1,Economie totale,S1,Economie totale,B1GQ_POP,"Produit intérieur brut, par tête",_Z,Non applicable,_Z,Non applicable,_Z,Non-applicable,USD_PPP_PS,"Dollars des É-U par personne, PPA convertis",V,Prix courants,N,Données non transformées,T0102,Tableau 0102 - PIB selon l'approche de la dépense,2006,,30774.252891,,,,F,Libre (libre pour publication),1,,A,Valeur normale,0,,_Z,N'est pas applicable
DATAFLOW,OECD.SDD.NAD:DSD_NAMAIN10@DF_TABLE1_EXPENDITURE_HCPC(2.0),"PIB et consommation, annuel, par tête, $ É-U, prix courants, PPA courantes",I,A,Annuelle,ITA,Italie,S1,Economie totale,S1,Economie totale,B1GQ_POP,"Produit intérieur brut, par tête",_Z,Non applicable,_Z,Non applicable,_Z,Non-applicable,USD_PPP_PS,"Dollars des É-U par personne, PPA convertis",V,Prix courants,N,Données non transformées,T0102,Tableau 0102 - PIB selon l'approche de la dépense,2006,,32453.612053,,,,F,Libre (libre pour publication),1,,A,Valeur normale,0,,_Z,N'est pas applicable
DATAFLOW,OECD.SDD.NAD:DSD_NAMAIN10@DF_TABLE1_EXPENDITURE_HCPC(2.0),"PIB et consommation, annuel, par tête, $ É-U, prix courants, PPA courantes",I,A,Annuelle,DEU,Allemagne,S1,Economie totale,S1,Economie totale,B1GQ_POP,"Produit intérieur brut, par tête",_Z,Non applicable,_Z,Non applicable,_Z,Non-applicable,USD_PPP_PS,"Dollars des É-U par personne, PPA convertis",V,Prix courants,N,Données non transformées,T0102,Tableau 0102 - PIB selon l'approche de la dépense,2006,,35256.416836,,,,F,Libre (libre pour publication),1,,A,Valeur normale,0,,_Z,N'est pas applicable
DATAFLOW,OECD.SDD.NAD:DSD_NAMAIN10@DF_TABLE1_EXPENDITURE_HCPC(2.0),"PIB et consommation, annuel, par tête, $ É-U, prix courants, PPA courantes",I,A,Annuelle,FRA,France,S1,Economie totale,S1,Economie totale,B1GQ_POP,"Produit intérieur brut, par tête",_Z,Non applicable,_Z,Non applicable,_Z,Non-applicable,USD_PPP_PS,"Dollars des É-U par personne, PPA convertis",V,Prix courants,N,Données non transformées,T0102,Tableau 0102 - PIB selon l'approche de la dépense,2006,,32540.301896,,,,F,Libre (libre pour publication),1,,A,Valeur normale,0,,_Z,N'est pas applicable
DATAFLOW,OECD.SDD.NAD:DSD_NAMAIN10@DF_TABLE1_EXPENDITURE_HCPC(2.0),"PIB et consommation, annuel, par tête, $ É-U, prix courants, PPA courantes",I,A,Annuelle,CZE,Tchéquie,S1,Economie totale,S1,Economie totale,B1GQ_POP,"Produit intérieur brut, par tête",_Z,Non applicable,_Z,Non applicable,_Z,Non-applicable,USD_PPP_PS,"Dollars des É-U par personne, PPA convertis",V,Prix courants,N,Données non transformées,T0102,Tableau 0102 - PIB selon l'approche de la dépense,2006,,23849.56878,,,,F,Libre (libre pour publication),1,,A,Valeur normale,0,,_Z,N'est pas applicable
DATAFLOW,OECD.SDD.NAD:DSD_NAMAIN10@DF_TABLE1_EXPENDITURE_HCPC(2.0),"PIB et consommation, annuel, par tête, $ É-U, prix courants, PPA courantes",I,A,Annuelle,BEL,Belgique,S1,Economie totale,S1,Economie totale,B1GQ_POP,"Produit intérieur brut, par tête",_Z,Non applicable,_Z,Non applicable,_Z,Non-applicable,USD_PPP_PS,"Dollars des É-U par personne, PPA convertis",V,Prix courants,N,Données non transformées,T0102,Tableau 0102 - PIB selon l'approche de la dépense,2006,,35251.307931,,,,F,Libre (libre pour publication),1,,A,Valeur normale,0,,_Z,N'est pas applicable
DATAFLOW,OECD.SDD.NAD:DSD_NAMAIN10@DF_TABLE1_EXPENDITURE_HCPC(2.0),"PIB et consommation, annuel, par tête, $ É-U, prix courants, PPA courantes",I,A,Annuelle,FRA,France,S1,Economie totale,S1,Economie totale,B1GQ_POP,"Produit intérieur brut, par tête",_Z,Non applicable,_Z,Non applicable,_Z,Non-applicable,USD_PPP_PS,"Dollars des É-U par personne, PPA convertis",V,Prix courants,N,Données non transformées,T0102,Tableau 0102 - PIB selon l'approche de la dépense,1998,,23324.220065,,,,F,Libre (libre pour publication),1,,A,Valeur normale,0,,_Z,N'est pas applicable
DATAFLOW,OECD.SDD.NAD:DSD_NAMAIN10@DF_TABLE1_EXPENDITURE_HCPC(2.0),"PIB et consommation, annuel, par tête, $ É-U, prix courants, PPA courantes",I,A,Annuelle,CZE,Tchéquie,S1,Economie totale,S1,Economie totale,B1GQ_POP,"Produit intérieur brut, par tête",_Z,Non applicable,_Z,Non applicable,_Z,Non-applicable,USD_PPP_PS,"Dollars des É-U par personne, PPA convertis",V,Prix courants,N,Données non transformées,T0102,Tableau 0102 - PIB selon l'approche de la dépense,1998,,15062.925926,,,,F,Libre (libre pour publication),1,,A,Valeur normale,0,,_Z,N'est pas applicable
DATAFLOW,OECD.SDD.NAD:DSD_NAMAIN10@DF_TABLE1_EXPENDITURE_HCPC(2.0),"PIB et consommation, annuel, par tête, $ É-U, prix courants, PPA courantes",I,A,Annuelle,BEL,Belgique,S1,Economie totale,S1,Economie totale,B1GQ_POP,"Produit intérieur brut, par tête",_Z,Non applicable,_Z,Non applicable,_Z,Non-applicable,USD_PPP_PS,"Dollars des É-U par personne, PPA convertis",V,Prix courants,N,Données non transformées,T0102,Tableau 0102 - PIB selon l'approche de la dépense,1998,,24371.811822,,,,F,Libre (libre pour publication),1,,A,Valeur normale,0,,_Z,N'est pas applicable
DATAFLOW,OECD.SDD.NAD:DSD_NAMAIN10@DF_TABLE1_EXPENDITURE_HCPC(2.0),"PIB et consommation, annuel, par tête, $ É-U, prix courants, PPA courantes",I,A,Annuelle,AUT,Autriche,S1,Economie totale,S1,Economie totale,B1GQ_POP,"Produit intérieur brut, par tête",_Z,Non applicable,_Z,Non applicable,_Z,Non-applicable,USD_PPP_PS,"Dollars des É-U par personne, PPA convertis",V,Prix courants,N,Données non transformées,T0102,Tableau 0102 - PIB selon l'approche de la dépense,1998,,26530.941179,,,,F,Libre (libre pour publication),1,,A,Valeur normale,0,,_Z,N'est pas applicable
DATAFLOW,OECD.SDD.NAD:DSD_NAMAIN10@DF_TABLE1_EXPENDITURE_HCPC(2.0),"PIB et consommation, annuel, par tête, $ É-U, prix courants, PPA courantes",I,A,Annuelle,ESP,Espagne,S1,Economie totale,S1,Economie totale,B1GQ_POP,"Produit intérieur brut, par tête",_Z,Non applicable,_Z,Non applicable,_Z,Non-applicable,USD_PPP_PS,"Dollars des É-U par personne, PPA convertis",V,Prix courants,N,Données non transformées,T0102,Tableau 0102 - PIB selon l'approche de la dépense,1997,,17906.709955,,,,F,Libre (libre pour publication),1,,A,Valeur normale,0,,_Z,N'est pas applicable
DATAFLOW,OECD.SDD.NAD:DSD_NAMAIN10@DF_TABLE1_EXPENDITURE_HCPC(2.0),"PIB et consommation, annuel, par tête, $ É-U, prix courants, PPA courantes",I,A,Annuelle,ITA,Italie,S1,Economie totale,S1,Economie totale,B1GQ_POP,"Produit intérieur brut, par tête",_Z,Non applicable,_Z,Non applicable,_Z,Non-applicable,USD_PPP_PS,"Dollars des É-U par personne, PPA convertis",V,Prix courants,N,Données non transformées,T0102,Tableau 0102 - PIB selon l'approche de la dépense,1997,,23936.771248,,,,F,Libre (libre pour publication),1,,A,Valeur normale,0,,_Z,N'est pas applicable
DATAFLOW,OECD.SDD.NAD:DSD_NAMAIN10@DF_TABLE1_EXPENDITURE_HCPC(2.0),"PIB et consommation, annuel, par tête, $ É-U, prix courants, PPA courantes",I,A,Annuelle,USA,États-Unis,S1,Economie totale,S1,Economie totale,B1GQ_POP,"Produit intérieur brut, par tête",_Z,Non applicable,_Z,Non applicable,_Z,Non-applicable,USD_PPP_PS,"Dollars des É-U par personne, PPA convertis",V,Prix courants,N,Données non transformées,T0102,Tableau 0102 - PIB selon l'approche de la dépense,2020,,64414.422123,,,,F,Libre (libre pour publication),1,,A,Valeur normale,0,,_Z,N'est pas applicable
DATAFLOW,OECD.SDD.NAD:DSD_NAMAIN10@DF_TABLE1_EXPENDITURE_HCPC(2.0),"PIB et consommation, annuel, par tête, $ É-U, prix courants, PPA courantes",I,A,Annuelle,DEU,Allemagne,S1,Economie totale,S1,Economie totale,B1GQ_POP,"Produit intérieur brut, par tête",_Z,Non applicable,_Z,Non applicable,_Z,Non-applicable,USD_PPP_PS,"Dollars des É-U par personne, PPA convertis",V,Prix courants,N,Données non transformées,T0102,Tableau 0102 - PIB selon l'approche de la dépense,2020,,59444.321161,,,,F,Libre (libre pour publication),1,,A,Valeur normale,0,,_Z,N'est pas applicable
DATAFLOW,OECD.SDD.NAD:DSD_NAMAIN10@DF_TABLE1_EXPENDITURE_HCPC(2.0),"PIB et consommation, annuel, par tête, $ É-U, prix courants, PPA courantes",I,A,Annuelle,FRA,France,S1,Economie totale,S1,Economie totale,B1GQ_POP,"Produit intérieur brut, par tête",_Z,Non applicable,_Z,Non applicable,_Z,Non-applicable,USD_PPP_PS,"Dollars des É-U par personne, PPA convertis",V,Prix courants,N,Données non transformées,T0102,Tableau 0102 - PIB selon l'approche de la dépense,2020,,49462.885531,,,,F,Libre (libre pour publication),1,,A,Valeur normale,0,,_Z,N'est pas applicable
DATAFLOW,OECD.SDD.NAD:DSD_NAMAIN10@DF_TABLE1_EXPENDITURE_HCPC(2.0),"PIB et consommation, annuel, par tête, $ É-U, prix courants, PPA courantes",I,A,Annuelle,BEL,Belgique,S1,Economie totale,S1,Economie totale,B1GQ_POP,"Produit intérieur brut, par tête",_Z,Non applicable,_Z,Non applicable,_Z,Non-applicable,USD_PPP_PS,"Dollars des É-U par personne, PPA convertis",V,Prix courants,N,Données non transformées,T0102,Tableau 0102 - PIB selon l'approche de la dépense,2020,,56119.616238,,,,F,Libre (libre pour publication),1,,A,Valeur normale,0,,_Z,N'est pas applicable
DATAFLOW,OECD.SDD.NAD:DSD_NAMAIN10@DF_TABLE1_EXPENDITURE_HCPC(2.0),"PIB et consommation, annuel, par tête, $ É-U, prix courants, PPA courantes",I,A,Annuelle,AUT,Autriche,S1,Economie totale,S1,Economie totale,B1GQ_POP,"Produit intérieur brut, par tête",_Z,Non applicable,_Z,Non applicable,_Z,Non-applicable,USD_PPP_PS,"Dollars des É-U par personne, PPA convertis",V,Prix courants,N,Données non transformées,T0102,Tableau 0102 - PIB selon l'approche de la dépense,2020,,58522.842298,,,,F,Libre (libre pour publication),1,,A,Valeur normale,0,,_Z,N'est pas applicable
DATAFLOW,OECD.SDD.NAD:DSD_NAMAIN10@DF_TABLE1_EXPENDITURE_HCPC(2.0),"PIB et consommation, annuel, par tête, $ É-U, prix courants, PPA courantes",I,A,Annuelle,USA,États-Unis,S1,Economie totale,S1,Economie totale,B1GQ_POP,"Produit intérieur brut, par tête",_Z,Non applicable,_Z,Non applicable,_Z,Non-applicable,USD_PPP_PS,"Dollars des É-U par personne, PPA convertis",V,Prix courants,N,Données non transformées,T0102,Tableau 0102 - PIB selon l'approche de la dépense,2019,,65171.438574,,,,F,Libre (libre pour publication),1,,A,Valeur normale,0,,_Z,N'est pas applicable
DATAFLOW,OECD.SDD.NAD:DSD_NAMAIN10@DF_TABLE1_EXPENDITURE_HCPC(2.0),"PIB et consommation, annuel, par tête, $ É-U, prix courants, PPA courantes",I,A,Annuelle,DEU,Allemagne,S1,Economie totale,S1,Economie totale,B1GQ_POP,"Produit intérieur brut, par tête",_Z,Non applicable,_Z,Non applicable,_Z,Non-applicable,USD_PPP_PS,"Dollars des É-U par personne, PPA convertis",V,Prix courants,N,Données non transformées,T0102,Tableau 0102 - PIB selon l'approche de la dépense,2019,,59953.085922,,,,F,Libre (libre pour publication),1,,A,Valeur normale,0,,_Z,N'est pas applicable
DATAFLOW,OECD.SDD.NAD:DSD_NAMAIN10@DF_TABLE1_EXPENDITURE_HCPC(2.0),"PIB et consommation, annuel, par tête, $ É-U, prix courants, PPA courantes",I,A,Annuelle,FRA,France,S1,Economie totale,S1,Economie totale,B1GQ_POP,"Produit intérieur brut, par tête",_Z,Non applicable,_Z,Non applicable,_Z,Non-applicable,USD_PPP_PS,"Dollars des É-U par personne, PPA convertis",V,Prix courants,N,Données non transformées,T0102,Tableau 0102 - PIB selon l'approche de la dépense,2019,,51119.874507,,,,F,Libre (libre pour publication),1,,A,Valeur normale,0,,_Z,N'est pas applicable
DATAFLOW,OECD.SDD.NAD:DSD_NAMAIN10@DF_TABLE1_EXPENDITURE_HCPC(2.0),"PIB et consommation, annuel, par tête, $ É-U, prix courants, PPA courantes",I,A,Annuelle,AUT,Autriche,S1,Economie totale,S1,Economie totale,B1GQ_POP,"Produit intérieur brut, par tête",_Z,Non applicable,_Z,Non applicable,_Z,Non-applicable,USD_PPP_PS,"Dollars des É-U par personne, PPA convertis",V,Prix courants,N,Données non transformées,T0102,Tableau 0102 - PIB selon l'approche de la dépense,2019,,60370.464416,,,,F,Libre (libre pour publication),1,,A,Valeur normale,0,,_Z,N'est pas applicable
DATAFLOW,OECD.SDD.NAD:DSD_NAMAIN10@DF_TABLE1_EXPENDITURE_HCPC(2.0),"PIB et consommation, annuel, par tête, $ É-U, prix courants, PPA courantes",I,A,Annuelle,USA,États-Unis,S1,Economie totale,S1,Economie totale,B1GQ_POP,"Produit intérieur brut, par tête",_Z,Non applicable,_Z,Non applicable,_Z,Non-applicable,USD_PPP_PS,"Dollars des É-U par personne, PPA convertis",V,Prix courants,N,Données non transformées,T0102,Tableau 0102 - PIB selon l'approche de la dépense,2018,,62825.006014,,,,F,Libre (libre pour publication),1,,A,Valeur normale,0,,_Z,N'est pas applicable
DATAFLOW,OECD.SDD.NAD:DSD_NAMAIN10@DF_TABLE1_EXPENDITURE_HCPC(2.0),"PIB et consommation, annuel, par tête, $ É-U, prix courants, PPA courantes",I,A,Annuelle,DEU,Allemagne,S1,Economie totale,S1,Economie totale,B1GQ_POP,"Produit intérieur brut, par tête",_Z,Non applicable,_Z,Non applicable,_Z,Non-applicable,USD_PPP_PS,"Dollars des É-U par personne, PPA convertis",V,Prix courants,N,Données non transformées,T0102,Tableau 0102 - PIB selon l'approche de la dépense,2018,,56833.938216,,,,F,Libre (libre pour publication),1,,A,Valeur normale,0,,_Z,N'est pas applicable
DATAFLOW,OECD.SDD.NAD:DSD_NAMAIN10@DF_TABLE1_EXPENDITURE_HCPC(2.0),"PIB et consommation, annuel, par tête, $ É-U, prix courants, PPA courantes",I,A,Annuelle,FRA,France,S1,Economie totale,S1,Economie totale,B1GQ_POP,"Produit intérieur brut, par tête",_Z,Non applicable,_Z,Non applicable,_Z,Non-applicable,USD_PPP_PS,"Dollars des É-U par personne, PPA convertis",V,Prix courants,N,Données non transformées,T0102,Tableau 0102 - PIB selon l'approche de la dépense,2018,,46397.189077,,,,F,Libre (libre pour publication),1,,A,Valeur normale,0,,_Z,N'est pas applicable
DATAFLOW,OECD.SDD.NAD:DSD_NAMAIN10@DF_TABLE1_EXPENDITURE_HCPC(2.0),"PIB et consommation, annuel, par tête, $ É-U, prix courants, PPA courantes",I,A,Annuelle,CZE,Tchéquie,S1,Economie totale,S1,Economie totale,B1GQ_POP,"Produit intérieur brut, par tête",_Z,Non applicable,_Z,Non applicable,_Z,Non-applicable,USD_PPP_PS,"Dollars des É-U par personne, PPA convertis",V,Prix courants,N,Données non transformées,T0102,Tableau 0102 - PIB selon l'approche de la dépense,2000,,16304.563506,,,,F,Libre (libre pour publication),1,,A,Valeur normale,0,,_Z,N'est pas applicable
DATAFLOW,OECD.SDD.NAD:DSD_NAMAIN10@DF_TABLE1_EXPENDITURE_HCPC(2.0),"PIB et consommation, annuel, par tête, $ É-U, prix courants, PPA courantes",I,A,Annuelle,BEL,Belgique,S1,Economie totale,S1,Economie totale,B1GQ_POP,"Produit intérieur brut, par tête",_Z,Non applicable,_Z,Non applicable,_Z,Non-applicable,USD_PPP_PS,"Dollars des É-U par personne, PPA convertis",V,Prix courants,N,Données non transformées,T0102,Tableau 0102 - PIB selon l'approche de la dépense,2000,,27794.178511,,,,F,Libre (libre pour publication),1,,A,Valeur normale,0,,_Z,N'est pas applicable
DATAFLOW,OECD.SDD.NAD:DSD_NAMAIN10@DF_TABLE1_EXPENDITURE_HCPC(2.0),"PIB et consommation, annuel, par tête, $ É-U, prix courants, PPA courantes",I,A,Annuelle,AUT,Autriche,S1,Economie totale,S1,Economie totale,B1GQ_POP,"Produit intérieur brut, par tête",_Z,Non applicable,_Z,Non applicable,_Z,Non-applicable,USD_PPP_PS,"Dollars des É-U par personne, PPA convertis",V,Prix courants,N,Données non transformées,T0102,Tableau 0102 - PIB selon l'approche de la dépense,2000,,29220.983881,,,,F,Libre (libre pour publication),1,,A,Valeur normale,0,,_Z,N'est pas applicable
DATAFLOW,OECD.SDD.NAD:DSD_NAMAIN10@DF_TABLE1_EXPENDITURE_HCPC(2.0),"PIB et consommation, annuel, par tête, $ É-U, prix courants, PPA courantes",I,A,Annuelle,ESP,Espagne,S1,Economie totale,S1,Economie totale,B1GQ_POP,"Produit intérieur brut, par tête",_Z,Non applicable,_Z,Non applicable,_Z,Non-applicable,USD_PPP_PS,"Dollars des É-U par personne, PPA convertis",V,Prix courants,N,Données non transformées,T0102,Tableau 0102 - PIB selon l'approche de la dépense,1998,,19087.32137,,,,F,Libre (libre pour publication),1,,A,Valeur normale,0,,_Z,N'est pas applicable
DATAFLOW,OECD.SDD.NAD:DSD_NAMAIN10@DF_TABLE1_EXPENDITURE_HCPC(2.0),"PIB et consommation, annuel, par tête, $ É-U, prix courants, PPA courantes",I,A,Annuelle,FRA,France,S1,Economie totale,S1,Economie totale,B1GQ_POP,"Produit intérieur brut, par tête",_Z,Non applicable,_Z,Non applicable,_Z,Non-applicable,USD_PPP_PS,"Dollars des É-U par personne, PPA convertis",V,Prix courants,N,Données non transformées,T0102,Tableau 0102 - PIB selon l'approche de la dépense,1991,,18227.183906,,,,F,Libre (libre pour publication),1,,A,Valeur normale,0,,_Z,N'est pas applicable
DATAFLOW,OECD.SDD.NAD:DSD_NAMAIN10@DF_TABLE1_EXPENDITURE_HCPC(2.0),"PIB et consommation, annuel, par tête, $ É-U, prix courants, PPA courantes",I,A,Annuelle,FRA,France,S1,Economie totale,S1,Economie totale,B1GQ_POP,"Produit intérieur brut, par tête",_Z,Non applicable,_Z,Non applicable,_Z,Non-applicable,USD_PPP_PS,"Dollars des É-U par personne, PPA convertis",V,Prix courants,N,Données non transformées,T0102,Tableau 0102 - PIB selon l'approche de la dépense,1990,,17500.285711,,,,F,Libre (libre pour publication),1,,A,Valeur normale,0,,_Z,N'est pas applicable
DATAFLOW,OECD.SDD.NAD:DSD_NAMAIN10@DF_TABLE1_EXPENDITURE_HCPC(2.0),"PIB et consommation, annuel, par tête, $ É-U, prix courants, PPA courantes",I,A,Annuelle,DEU,Allemagne,S1,Economie totale,S1,Economie totale,B1GQ_POP,"Produit intérieur brut, par tête",_Z,Non applicable,_Z,Non applicable,_Z,Non-applicable,USD_PPP_PS,"Dollars des É-U par personne, PPA convertis",V,Prix courants,N,Données non transformées,T0102,Tableau 0102 - PIB selon l'approche de la dépense,1997,,24808.149134,,,,F,Libre (libre pour publication),1,,A,Valeur normale,0,,_Z,N'est pas applicable
DATAFLOW,OECD.SDD.NAD:DSD_NAMAIN10@DF_TABLE1_EXPENDITURE_HCPC(2.0),"PIB et consommation, annuel, par tête, $ É-U, prix courants, PPA courantes",I,A,Annuelle,FRA,France,S1,Economie totale,S1,Economie totale,B1GQ_POP,"Produit intérieur brut, par tête",_Z,Non applicable,_Z,Non applicable,_Z,Non-applicable,USD_PPP_PS,"Dollars des É-U par personne, PPA convertis",V,Prix courants,N,Données non transformées,T0102,Tableau 0102 - PIB selon l'approche de la dépense,1997,,22246.208477,,,,F,Libre (libre pour publication),1,,A,Valeur normale,0,,_Z,N'est pas applicable
