STRUCTURE,STRUCTURE_ID,STRUCTURE_NAME,freq,Time frequency,unit,Unit of measure,mot_nrg,Motor energy,engine,Engine capacity of vehicle,geo,Geopolitical entity (reporting),TIME_PERIOD,Time,OBS_VALUE,Observation value,OBS_FLAG,Observation status (Flag) V2 structure,CONF_STATUS,Confidentiality status (flag)
dataflow,ESTAT:ROAD_EQS_CARMOT$DEFAULTVIEW(1.0),"Passenger cars, by type of motor energy and size of engine",A,Annual,NR,Number,DIE,Diesel,CC1400-1999,From 1 400 to 1 999 cm³,AL,Albania,2021,,233368,,,,,
dataflow,ESTAT:ROAD_EQS_CARMOT$DEFAULTVIEW(1.0),"Passenger cars, by type of motor energy and size of engine",A,Annual,NR,Number,DIE,Diesel,CC1400-1999,From 1 400 to 1 999 cm³,AL,Albania,2022,,252775,,,,,
dataflow,ESTAT:ROAD_EQS_CARMOT$DEFAULTVIEW(1.0),"Passenger cars, by type of motor energy and size of engine",A,Annual,NR,Number,DIE,Diesel,CC1400-1999,From 1 400 to 1 999 cm³,AL,Albania,2023,,277611,,,,,
dataflow,ESTAT:ROAD_EQS_CARMOT$DEFAULTVIEW(1.0),"Passenger cars, by type of motor energy and size of engine",A,Annual,NR,Number,DIE,Diesel,CC1400-1999,From 1 400 to 1 999 cm³,AL,Albania,2024,,308635,,,,,
dataflow,ESTAT:ROAD_EQS_CARMOT$DEFAULTVIEW(1.0),"Passenger cars, by type of motor energy and size of engine",A,Annual,NR,Number,DIE,Diesel,CC1400-1999,From 1 400 to 1 999 cm³,AT,Austria,2015,,2114381,,,,,
dataflow,ESTAT:ROAD_EQS_CARMOT$DEFAULTVIEW(1.0),"Passenger cars, by type of motor energy and size of engine",A,Annual,NR,Number,DIE,Diesel,CC1400-1999,From 1 400 to 1 999 cm³,AT,Austria,2016,,2161479,,,,,
dataflow,ESTAT:ROAD_EQS_CARMOT$DEFAULTVIEW(1.0),"Passenger cars, by type of motor energy and size of engine",A,Annual,NR,Number,DIE,Diesel,CC1400-1999,From 1 400 to 1 999 cm³,AT,Austria,2017,,2189040,,,,,
dataflow,ESTAT:ROAD_EQS_CARMOT$DEFAULTVIEW(1.0),"Passenger cars, by type of motor energy and size of engine",A,Annual,NR,Number,DIE,Diesel,CC1400-1999,From 1 400 to 1 999 cm³,AT,Austria,2018,,2205012,,,,,
dataflow,ESTAT:ROAD_EQS_CARMOT$DEFAULTVIEW(1.0),"Passenger cars, by type of motor energy and size of engine",A,Annual,NR,Number,DIE,Diesel,CC1400-1999,From 1 400 to 1 999 cm³,AT,Austria,2019,,2218877,,,,,
dataflow,ESTAT:ROAD_EQS_CARMOT$DEFAULTVIEW(1.0),"Passenger cars, by type of motor energy and size of engine",A,Annual,NR,Number,DIE,Diesel,CC1400-1999,From 1 400 to 1 999 cm³,AT,Austria,2020,,2232277,,,,,
dataflow,ESTAT:ROAD_EQS_CARMOT$DEFAULTVIEW(1.0),"Passenger cars, by type of motor energy and size of engine",A,Annual,NR,Number,DIE,Diesel,CC1400-1999,From 1 400 to 1 999 cm³,AT,Austria,2021,,2220991,,,,,
dataflow,ESTAT:ROAD_EQS_CARMOT$DEFAULTVIEW(1.0),"Passenger cars, by type of motor energy and size of engine",A,Annual,NR,Number,DIE,Diesel,CC1400-1999,From 1 400 to 1 999 cm³,AT,Austria,2022,,2189120,,,,,
dataflow,ESTAT:ROAD_EQS_CARMOT$DEFAULTVIEW(1.0),"Passenger cars, by type of motor energy and size of engine",A,Annual,NR,Number,DIE,Diesel,CC1400-1999,From 1 400 to 1 999 cm³,AT,Austria,2023,,2157405,,,,,
dataflow,ESTAT:ROAD_EQS_CARMOT$DEFAULTVIEW(1.0),"Passenger cars, by type of motor energy and size of engine",A,Annual,NR,Number,DIE,Diesel,CC1400-1999,From 1 400 to 1 999 cm³,AT,Austria,2024,,2121538,,,,,
dataflow,ESTAT:ROAD_EQS_CARMOT$DEFAULTVIEW(1.0),"Passenger cars, by type of motor energy and size of engine",A,Annual,NR,Number,DIE,Diesel,CC1400-1999,From 1 400 to 1 999 cm³,BA,Bosnia and Herzegovina,2015,,475081,,,,,
dataflow,ESTAT:ROAD_EQS_CARMOT$DEFAULTVIEW(1.0),"Passenger cars, by type of motor energy and size of engine",A,Annual,NR,Number,DIE,Diesel,CC1400-1999,From 1 400 to 1 999 cm³,BA,Bosnia and Herzegovina,2016,,502914,,,,,
dataflow,ESTAT:ROAD_EQS_CARMOT$DEFAULTVIEW(1.0),"Passenger cars, by type of motor energy and size of engine",A,Annual,NR,Number,DIE,Diesel,CC1400-1999,From 1 400 to 1 999 cm³,BA,Bosnia and Herzegovina,2017,,520360,,,,,
dataflow,ESTAT:ROAD_EQS_CARMOT$DEFAULTVIEW(1.0),"Passenger cars, by type of motor energy and size of engine",A,Annual,NR,Number,DIE,Diesel,CC1400-1999,From 1 400 to 1 999 cm³,BA,Bosnia and Herzegovina,2018,,548988,,,,,
dataflow,ESTAT:ROAD_EQS_CARMOT$DEFAULTVIEW(1.0),"Passenger cars, by type of motor energy and size of engine",A,Annual,NR,Number,DIE,Diesel,CC1400-1999,From 1 400 to 1 999 cm³,BA,Bosnia and Herzegovina,2019,,573425,,,,,
dataflow,ESTAT:ROAD_EQS_CARMOT$DEFAULTVIEW(1.0),"Passenger cars, by type of motor energy and size of engine",A,Annual,NR,Number,DIE,Diesel,CC1400-1999,From 1 400 to 1 999 cm³,BA,Bosnia and Herzegovina,2020,,580679,,,,,
dataflow,ESTAT:ROAD_EQS_CARMOT$DEFAULTVIEW(1.0),"Passenger cars, by type of motor energy and size of engine",A,Annual,NR,Number,DIE,Diesel,CC1400-1999,From 1 400 to 1 999 cm³,BA,Bosnia and Herzegovina,2021,,619808,,,,,
dataflow,ESTAT:ROAD_EQS_CARMOT$DEFAULTVIEW(1.0),"Passenger cars, by type of motor energy and size of engine",A,Annual,NR,Number,DIE,Diesel,CC1400-1999,From 1 400 to 1 999 cm³,BA,Bosnia and Herzegovina,2022,,641894,,,,,
dataflow,ESTAT:ROAD_EQS_CARMOT$DEFAULTVIEW(1.0),"Passenger cars, by type of motor energy and size of engine",A,Annual,NR,Number,DIE,Diesel,CC1400-1999,From 1 400 to 1 999 cm³,BA,Bosnia and Herzegovina,2023,,674227,,,,,
dataflow,ESTAT:ROAD_EQS_CARMOT$DEFAULTVIEW(1.0),"Passenger cars, by type of motor energy and size of engine",A,Annual,NR,Number,DIE,Diesel,CC1400-1999,From 1 400 to 1 999 cm³,BA,Bosnia and Herzegovina,2024,,716246,,,,,
dataflow,ESTAT:ROAD_EQS_CARMOT$DEFAULTVIEW(1.0),"Passenger cars, by type of motor energy and size of engine",A,Annual,NR,Number,DIE,Diesel,CC1400-1999,From 1 400 to 1 999 cm³,BE,Belgium,2015,,2614895,,,,,
dataflow,ESTAT:ROAD_EQS_CARMOT$DEFAULTVIEW(1.0),"Passenger cars, by type of motor energy and size of engine",A,Annual,NR,Number,DIE,Diesel,CC1400-1999,From 1 400 to 1 999 cm³,BE,Belgium,2016,,2585063,,,,,
dataflow,ESTAT:ROAD_EQS_CARMOT$DEFAULTVIEW(1.0),"Passenger cars, by type of motor energy and size of engine",A,Annual,NR,Number,DIE,Diesel,CC1400-1999,From 1 400 to 1 999 cm³,BE,Belgium,2017,,2531891,,,,,
dataflow,ESTAT:ROAD_EQS_CARMOT$DEFAULTVIEW(1.0),"Passenger cars, by type of motor energy and size of engine",A,Annual,NR,Number,DIE,Diesel,CC1400-1999,From 1 400 to 1 999 cm³,BE,Belgium,2018,,2417197,,,,,
dataflow,ESTAT:ROAD_EQS_CARMOT$DEFAULTVIEW(1.0),"Passenger cars, by type of motor energy and size of engine",A,Annual,NR,Number,DIE,Diesel,CC1400-1999,From 1 400 to 1 999 cm³,BE,Belgium,2019,,2285481,,,,,
dataflow,ESTAT:ROAD_EQS_CARMOT$DEFAULTVIEW(1.0),"Passenger cars, by type of motor energy and size of engine",A,Annual,NR,Number,DIE,Diesel,CC1400-1999,From 1 400 to 1 999 cm³,BE,Belgium,2020,,2180034,,,,,
dataflow,ESTAT:ROAD_EQS_CARMOT$DEFAULTVIEW(1.0),"Passenger cars, by type of motor energy and size of engine",A,Annual,NR,Number,DIE,Diesel,CC1400-1999,From 1 400 to 1 999 cm³,BE,Belgium,2021,,2054569,,,,,
dataflow,ESTAT:ROAD_EQS_CARMOT$DEFAULTVIEW(1.0),"Passenger cars, by type of motor energy and size of engine",A,Annual,NR,Number,DIE,Diesel,CC1400-1999,From 1 400 to 1 999 cm³,BE,Belgium,2022,,1915037,,,,,
dataflow,ESTAT:ROAD_EQS_CARMOT$DEFAULTVIEW(1.0),"Passenger cars, by type of motor energy and size of engine",A,Annual,NR,Number,DIE,Diesel,CC1400-1999,From 1 400 to 1 999 cm³,BE,Belgium,2023,,1735682,,,,,
dataflow,ESTAT:ROAD_EQS_CARMOT$DEFAULTVIEW(1.0),"Passenger cars, by type of motor energy and size of engine",A,Annual,NR,Number,DIE,Diesel,CC1400-1999,From 1 400 to 1 999 cm³,BE,Belgium,2024,,1536825,,,,,
dataflow,ESTAT:ROAD_EQS_CARMOT$DEFAULTVIEW(1.0),"Passenger cars, by type of motor energy and size of engine",A,Annual,NR,Number,DIE,Diesel,CC1400-1999,From 1 400 to 1 999 cm³,CH,Switzerland,2015,,797901,,,,,
dataflow,ESTAT:ROAD_EQS_CARMOT$DEFAULTVIEW(1.0),"Passenger cars, by type of motor energy and size of engine",A,Annual,NR,Number,DIE,Diesel,CC1400-1999,From 1 400 to 1 999 cm³,CH,Switzerland,2016,,858486,,,,,
dataflow,ESTAT:ROAD_EQS_CARMOT$DEFAULTVIEW(1.0),"Passenger cars, by type of motor energy and size of engine",A,Annual,NR,Number,DIE,Diesel,CC1400-1999,From 1 400 to 1 999 cm³,CH,Switzerland,2017,,905411,,,,,
dataflow,ESTAT:ROAD_EQS_CARMOT$DEFAULTVIEW(1.0),"Passenger cars, by type of motor energy and size of engine",A,Annual,NR,Number,DIE,Diesel,CC1400-1999,From 1 400 to 1 999 cm³,CH,Switzerland,2018,,935758,,,,,
dataflow,ESTAT:ROAD_EQS_CARMOT$DEFAULTVIEW(1.0),"Passenger cars, by type of motor energy and size of engine",A,Annual,NR,Number,DIE,Diesel,CC1400-1999,From 1 400 to 1 999 cm³,CH,Switzerland,2019,,956015,,,,,
dataflow,ESTAT:ROAD_EQS_CARMOT$DEFAULTVIEW(1.0),"Passenger cars, by type of motor energy and size of engine",A,Annual,NR,Number,DIE,Diesel,CC1400-1999,From 1 400 to 1 999 cm³,CH,Switzerland,2020,,970437,,,,,
dataflow,ESTAT:ROAD_EQS_CARMOT$DEFAULTVIEW(1.0),"Passenger cars, by type of motor energy and size of engine",A,Annual,NR,Number,DIE,Diesel,CC1400-1999,From 1 400 to 1 999 cm³,CH,Switzerland,2021,,978426,,,,,
dataflow,ESTAT:ROAD_EQS_CARMOT$DEFAULTVIEW(1.0),"Passenger cars, by type of motor energy and size of engine",A,Annual,NR,Number,DIE,Diesel,CC1400-1999,From 1 400 to 1 999 cm³,CH,Switzerland,2022,,970533,,,,,
dataflow,ESTAT:ROAD_EQS_CARMOT$DEFAULTVIEW(1.0),"Passenger cars, by type of motor energy and size of engine",A,Annual,NR,Number,DIE,Diesel,CC1400-1999,From 1 400 to 1 999 cm³,CH,Switzerland,2023,,959398,,,,,
dataflow,ESTAT:ROAD_EQS_CARMOT$DEFAULTVIEW(1.0),"Passenger cars, by type of motor energy and size of engine",A,Annual,NR,Number,DIE,Diesel,CC1400-1999,From 1 400 to 1 999 cm³,CH,Switzerland,2024,,942830,,,,,
dataflow,ESTAT:ROAD_EQS_CARMOT$DEFAULTVIEW(1.0),"Passenger cars, by type of motor energy and size of engine",A,Annual,NR,Number,DIE,Diesel,CC1400-1999,From 1 400 to 1 999 cm³,CY,Cyprus,2015,,27342,,,,,
dataflow,ESTAT:ROAD_EQS_CARMOT$DEFAULTVIEW(1.0),"Passenger cars, by type of motor energy and size of engine",A,Annual,NR,Number,DIE,Diesel,CC1400-1999,From 1 400 to 1 999 cm³,CY,Cyprus,2016,,33169,,,,,
dataflow,ESTAT:ROAD_EQS_CARMOT$DEFAULTVIEW(1.0),"Passenger cars, by type of motor energy and size of engine",A,Annual,NR,Number,DIE,Diesel,CC1400-1999,From 1 400 to 1 999 cm³,CY,Cyprus,2017,,41527,,,,,
dataflow,ESTAT:ROAD_EQS_CARMOT$DEFAULTVIEW(1.0),"Passenger cars, by type of motor energy and size of engine",A,Annual,NR,Number,DIE,Diesel,CC1400-1999,From 1 400 to 1 999 cm³,CY,Cyprus,2018,,51410,,,,,
dataflow,ESTAT:ROAD_EQS_CARMOT$DEFAULTVIEW(1.0),"Passenger cars, by type of motor energy and size of engine",A,Annual,NR,Number,DIE,Diesel,CC1400-1999,From 1 400 to 1 999 cm³,CY,Cyprus,2019,,60689,,,,,
dataflow,ESTAT:ROAD_EQS_CARMOT$DEFAULTVIEW(1.0),"Passenger cars, by type of motor energy and size of engine",A,Annual,NR,Number,DIE,Diesel,CC1400-1999,From 1 400 to 1 999 cm³,CY,Cyprus,2020,,66767,,,,,
dataflow,ESTAT:ROAD_EQS_CARMOT$DEFAULTVIEW(1.0),"Passenger cars, by type of motor energy and size of engine",A,Annual,NR,Number,DIE,Diesel,CC1400-1999,From 1 400 to 1 999 cm³,CY,Cyprus,2021,,70762,,,,,
dataflow,ESTAT:ROAD_EQS_CARMOT$DEFAULTVIEW(1.0),"Passenger cars, by type of motor energy and size of engine",A,Annual,NR,Number,DIE,Diesel,CC1400-1999,From 1 400 to 1 999 cm³,CY,Cyprus,2022,,70973,,,,,
dataflow,ESTAT:ROAD_EQS_CARMOT$DEFAULTVIEW(1.0),"Passenger cars, by type of motor energy and size of engine",A,Annual,NR,Number,DIE,Diesel,CC1400-1999,From 1 400 to 1 999 cm³,CY,Cyprus,2023,,73688,,,,,
dataflow,ESTAT:ROAD_EQS_CARMOT$DEFAULTVIEW(1.0),"Passenger cars, by type of motor energy and size of engine",A,Annual,NR,Number,DIE,Diesel,CC1400-1999,From 1 400 to 1 999 cm³,CY,Cyprus,2024,,75269,,,,,
dataflow,ESTAT:ROAD_EQS_CARMOT$DEFAULTVIEW(1.0),"Passenger cars, by type of motor energy and size of engine",A,Annual,NR,Number,DIE,Diesel,CC1400-1999,From 1 400 to 1 999 cm³,CZ,Czechia,2015,,1493930,,,,,
dataflow,ESTAT:ROAD_EQS_CARMOT$DEFAULTVIEW(1.0),"Passenger cars, by type of motor energy and size of engine",A,Annual,NR,Number,DIE,Diesel,CC1400-1999,From 1 400 to 1 999 cm³,CZ,Czechia,2016,,1619965,,,,,
dataflow,ESTAT:ROAD_EQS_CARMOT$DEFAULTVIEW(1.0),"Passenger cars, by type of motor energy and size of engine",A,Annual,NR,Number,DIE,Diesel,CC1400-1999,From 1 400 to 1 999 cm³,CZ,Czechia,2017,,1741830,,,,,
dataflow,ESTAT:ROAD_EQS_CARMOT$DEFAULTVIEW(1.0),"Passenger cars, by type of motor energy and size of engine",A,Annual,NR,Number,DIE,Diesel,CC1400-1999,From 1 400 to 1 999 cm³,CZ,Czechia,2018,,1833329,,,,,
dataflow,ESTAT:ROAD_EQS_CARMOT$DEFAULTVIEW(1.0),"Passenger cars, by type of motor energy and size of engine",A,Annual,NR,Number,DIE,Diesel,CC1400-1999,From 1 400 to 1 999 cm³,CZ,Czechia,2019,,1923730,,,,,
dataflow,ESTAT:ROAD_EQS_CARMOT$DEFAULTVIEW(1.0),"Passenger cars, by type of motor energy and size of engine",A,Annual,NR,Number,DIE,Diesel,CC1400-1999,From 1 400 to 1 999 cm³,CZ,Czechia,2020,,1988496,,,,,
dataflow,ESTAT:ROAD_EQS_CARMOT$DEFAULTVIEW(1.0),"Passenger cars, by type of motor energy and size of engine",A,Annual,NR,Number,DIE,Diesel,CC1400-1999,From 1 400 to 1 999 cm³,CZ,Czechia,2021,,2010376,,,,,
dataflow,ESTAT:ROAD_EQS_CARMOT$DEFAULTVIEW(1.0),"Passenger cars, by type of motor energy and size of engine",A,Annual,NR,Number,DIE,Diesel,CC1400-1999,From 1 400 to 1 999 cm³,CZ,Czechia,2022,,2086471,,,,,
dataflow,ESTAT:ROAD_EQS_CARMOT$DEFAULTVIEW(1.0),"Passenger cars, by type of motor energy and size of engine",A,Annual,NR,Number,DIE,Diesel,CC1400-1999,From 1 400 to 1 999 cm³,CZ,Czechia,2023,,1995696,,b,break in time series,,
dataflow,ESTAT:ROAD_EQS_CARMOT$DEFAULTVIEW(1.0),"Passenger cars, by type of motor energy and size of engine",A,Annual,NR,Number,DIE,Diesel,CC1400-1999,From 1 400 to 1 999 cm³,CZ,Czechia,2024,,2043982,,,,,
dataflow,ESTAT:ROAD_EQS_CARMOT$DEFAULTVIEW(1.0),"Passenger cars, by type of motor energy and size of engine",A,Annual,NR,Number,DIE,Diesel,CC1400-1999,From 1 400 to 1 999 cm³,DE,Germany,2015,,10061000,,,,,
dataflow,ESTAT:ROAD_EQS_CARMOT$DEFAULTVIEW(1.0),"Passenger cars, by type of motor energy and size of engine",A,Annual,NR,Number,DIE,Diesel,CC1400-1999,From 1 400 to 1 999 cm³,DE,Germany,2016,,10535913,,,,,
dataflow,ESTAT:ROAD_EQS_CARMOT$DEFAULTVIEW(1.0),"Passenger cars, by type of motor energy and size of engine",A,Annual,NR,Number,DIE,Diesel,CC1400-1999,From 1 400 to 1 999 cm³,DE,Germany,2017,,10707306,,,,,
dataflow,ESTAT:ROAD_EQS_CARMOT$DEFAULTVIEW(1.0),"Passenger cars, by type of motor energy and size of engine",A,Annual,NR,Number,DIE,Diesel,CC1400-1999,From 1 400 to 1 999 cm³,DE,Germany,2018,,10730517,,,,,
dataflow,ESTAT:ROAD_EQS_CARMOT$DEFAULTVIEW(1.0),"Passenger cars, by type of motor energy and size of engine",A,Annual,NR,Number,DIE,Diesel,CC1400-1999,From 1 400 to 1 999 cm³,DE,Germany,2019,,10853677,,,,,
dataflow,ESTAT:ROAD_EQS_CARMOT$DEFAULTVIEW(1.0),"Passenger cars, by type of motor energy and size of engine",A,Annual,NR,Number,DIE,Diesel,CC1400-1999,From 1 400 to 1 999 cm³,DE,Germany,2020,,10960879,,,,,
dataflow,ESTAT:ROAD_EQS_CARMOT$DEFAULTVIEW(1.0),"Passenger cars, by type of motor energy and size of engine",A,Annual,NR,Number,DIE,Diesel,CC1400-1999,From 1 400 to 1 999 cm³,DE,Germany,2021,,10922204,,,,,
dataflow,ESTAT:ROAD_EQS_CARMOT$DEFAULTVIEW(1.0),"Passenger cars, by type of motor energy and size of engine",A,Annual,NR,Number,DIE,Diesel,CC1400-1999,From 1 400 to 1 999 cm³,DE,Germany,2022,,10770171,,,,,
dataflow,ESTAT:ROAD_EQS_CARMOT$DEFAULTVIEW(1.0),"Passenger cars, by type of motor energy and size of engine",A,Annual,NR,Number,DIE,Diesel,CC1400-1999,From 1 400 to 1 999 cm³,DE,Germany,2023,,10700495,,,,,
dataflow,ESTAT:ROAD_EQS_CARMOT$DEFAULTVIEW(1.0),"Passenger cars, by type of motor energy and size of engine",A,Annual,NR,Number,DIE,Diesel,CC1400-1999,From 1 400 to 1 999 cm³,DE,Germany,2024,,10601424,,,,,
dataflow,ESTAT:ROAD_EQS_CARMOT$DEFAULTVIEW(1.0),"Passenger cars, by type of motor energy and size of engine",A,Annual,NR,Number,DIE,Diesel,CC1400-1999,From 1 400 to 1 999 cm³,EE,Estonia,2015,,129451,,,,,
dataflow,ESTAT:ROAD_EQS_CARMOT$DEFAULTVIEW(1.0),"Passenger cars, by type of motor energy and size of engine",A,Annual,NR,Number,DIE,Diesel,CC1400-1999,From 1 400 to 1 999 cm³,EE,Estonia,2016,,138870,,,,,
dataflow,ESTAT:ROAD_EQS_CARMOT$DEFAULTVIEW(1.0),"Passenger cars, by type of motor energy and size of engine",A,Annual,NR,Number,DIE,Diesel,CC1400-1999,From 1 400 to 1 999 cm³,EE,Estonia,2017,,147910,,,,,
dataflow,ESTAT:ROAD_EQS_CARMOT$DEFAULTVIEW(1.0),"Passenger cars, by type of motor energy and size of engine",A,Annual,NR,Number,DIE,Diesel,CC1400-1999,From 1 400 to 1 999 cm³,EE,Estonia,2018,,157133,,,,,
dataflow,ESTAT:ROAD_EQS_CARMOT$DEFAULTVIEW(1.0),"Passenger cars, by type of motor energy and size of engine",A,Annual,NR,Number,DIE,Diesel,CC1400-1999,From 1 400 to 1 999 cm³,EE,Estonia,2019,,170481,,,,,
dataflow,ESTAT:ROAD_EQS_CARMOT$DEFAULTVIEW(1.0),"Passenger cars, by type of motor energy and size of engine",A,Annual,NR,Number,DIE,Diesel,CC1400-1999,From 1 400 to 1 999 cm³,EE,Estonia,2020,,177603,,,,,
dataflow,ESTAT:ROAD_EQS_CARMOT$DEFAULTVIEW(1.0),"Passenger cars, by type of motor energy and size of engine",A,Annual,NR,Number,DIE,Diesel,CC1400-1999,From 1 400 to 1 999 cm³,EE,Estonia,2021,,185920,,,,,
dataflow,ESTAT:ROAD_EQS_CARMOT$DEFAULTVIEW(1.0),"Passenger cars, by type of motor energy and size of engine",A,Annual,NR,Number,DIE,Diesel,CC1400-1999,From 1 400 to 1 999 cm³,EE,Estonia,2022,,196237,,,,,
dataflow,ESTAT:ROAD_EQS_CARMOT$DEFAULTVIEW(1.0),"Passenger cars, by type of motor energy and size of engine",A,Annual,NR,Number,DIE,Diesel,CC1400-1999,From 1 400 to 1 999 cm³,EE,Estonia,2023,,203224,,,,,
dataflow,ESTAT:ROAD_EQS_CARMOT$DEFAULTVIEW(1.0),"Passenger cars, by type of motor energy and size of engine",A,Annual,NR,Number,DIE,Diesel,CC1400-1999,From 1 400 to 1 999 cm³,EE,Estonia,2024,,204263,,,,,
dataflow,ESTAT:ROAD_EQS_CARMOT$DEFAULTVIEW(1.0),"Passenger cars, by type of motor energy and size of engine",A,Annual,NR,Number,DIE,Diesel,CC1400-1999,From 1 400 to 1 999 cm³,ES,Spain,2015,,10268676,,,,,
dataflow,ESTAT:ROAD_EQS_CARMOT$DEFAULTVIEW(1.0),"Passenger cars, by type of motor energy and size of engine",A,Annual,NR,Number,DIE,Diesel,CC1400-1999,From 1 400 to 1 999 cm³,ES,Spain,2016,,10439265,,i,value imputed by Eurostat or other receiving agencies,,
dataflow,ESTAT:ROAD_EQS_CARMOT$DEFAULTVIEW(1.0),"Passenger cars, by type of motor energy and size of engine",A,Annual,NR,Number,DIE,Diesel,CC1400-1999,From 1 400 to 1 999 cm³,ES,Spain,2017,,11205009,,,,,
dataflow,ESTAT:ROAD_EQS_CARMOT$DEFAULTVIEW(1.0),"Passenger cars, by type of motor energy and size of engine",A,Annual,NR,Number,DIE,Diesel,CC1400-1999,From 1 400 to 1 999 cm³,ES,Spain,2018,,11369449,,,,,
dataflow,ESTAT:ROAD_EQS_CARMOT$DEFAULTVIEW(1.0),"Passenger cars, by type of motor energy and size of engine",A,Annual,NR,Number,DIE,Diesel,CC1400-1999,From 1 400 to 1 999 cm³,ES,Spain,2019,,11427657,,,,,
dataflow,ESTAT:ROAD_EQS_CARMOT$DEFAULTVIEW(1.0),"Passenger cars, by type of motor energy and size of engine",A,Annual,NR,Number,DIE,Diesel,CC1400-1999,From 1 400 to 1 999 cm³,ES,Spain,2020,,11425219,,,,,
dataflow,ESTAT:ROAD_EQS_CARMOT$DEFAULTVIEW(1.0),"Passenger cars, by type of motor energy and size of engine",A,Annual,NR,Number,DIE,Diesel,CC1400-1999,From 1 400 to 1 999 cm³,ES,Spain,2021,,11379597,,,,,
dataflow,ESTAT:ROAD_EQS_CARMOT$DEFAULTVIEW(1.0),"Passenger cars, by type of motor energy and size of engine",A,Annual,NR,Number,DIE,Diesel,CC1400-1999,From 1 400 to 1 999 cm³,ES,Spain,2022,,11329148,,,,,
dataflow,ESTAT:ROAD_EQS_CARMOT$DEFAULTVIEW(1.0),"Passenger cars, by type of motor energy and size of engine",A,Annual,NR,Number,DIE,Diesel,CC1400-1999,From 1 400 to 1 999 cm³,ES,Spain,2023,,11253491,,,,,
dataflow,ESTAT:ROAD_EQS_CARMOT$DEFAULTVIEW(1.0),"Passenger cars, by type of motor energy and size of engine",A,Annual,NR,Number,DIE,Diesel,CC1400-1999,From 1 400 to 1 999 cm³,ES,Spain,2024,,11123943,,,,,
dataflow,ESTAT:ROAD_EQS_CARMOT$DEFAULTVIEW(1.0),"Passenger cars, by type of motor energy and size of engine",A,Annual,NR,Number,DIE,Diesel,CC1400-1999,From 1 400 to 1 999 cm³,FI,Finland,2015,,466060,,,,,
dataflow,ESTAT:ROAD_EQS_CARMOT$DEFAULTVIEW(1.0),"Passenger cars, by type of motor energy and size of engine",A,Annual,NR,Number,DIE,Diesel,CC1400-1999,From 1 400 to 1 999 cm³,FI,Finland,2016,,495161,,,,,
dataflow,ESTAT:ROAD_EQS_CARMOT$DEFAULTVIEW(1.0),"Passenger cars, by type of motor energy and size of engine",A,Annual,NR,Number,DIE,Diesel,CC1400-1999,From 1 400 to 1 999 cm³,FI,Finland,2017,,521686,,,,,
dataflow,ESTAT:ROAD_EQS_CARMOT$DEFAULTVIEW(1.0),"Passenger cars, by type of motor energy and size of engine",A,Annual,NR,Number,DIE,Diesel,CC1400-1999,From 1 400 to 1 999 cm³,FI,Finland,2018,,543154,,,,,
dataflow,ESTAT:ROAD_EQS_CARMOT$DEFAULTVIEW(1.0),"Passenger cars, by type of motor energy and size of engine",A,Annual,NR,Number,DIE,Diesel,CC1400-1999,From 1 400 to 1 999 cm³,FI,Finland,2019,,558368,,,,,
dataflow,ESTAT:ROAD_EQS_CARMOT$DEFAULTVIEW(1.0),"Passenger cars, by type of motor energy and size of engine",A,Annual,NR,Number,DIE,Diesel,CC1400-1999,From 1 400 to 1 999 cm³,FI,Finland,2020,,566755,,,,,
dataflow,ESTAT:ROAD_EQS_CARMOT$DEFAULTVIEW(1.0),"Passenger cars, by type of motor energy and size of engine",A,Annual,NR,Number,DIE,Diesel,CC1400-1999,From 1 400 to 1 999 cm³,FI,Finland,2021,,566602,,,,,
dataflow,ESTAT:ROAD_EQS_CARMOT$DEFAULTVIEW(1.0),"Passenger cars, by type of motor energy and size of engine",A,Annual,NR,Number,DIE,Diesel,CC1400-1999,From 1 400 to 1 999 cm³,FI,Finland,2022,,561686,,,,,
dataflow,ESTAT:ROAD_EQS_CARMOT$DEFAULTVIEW(1.0),"Passenger cars, by type of motor energy and size of engine",A,Annual,NR,Number,DIE,Diesel,CC1400-1999,From 1 400 to 1 999 cm³,FI,Finland,2023,,552577,,,,,
dataflow,ESTAT:ROAD_EQS_CARMOT$DEFAULTVIEW(1.0),"Passenger cars, by type of motor energy and size of engine",A,Annual,NR,Number,DIE,Diesel,CC1400-1999,From 1 400 to 1 999 cm³,FI,Finland,2024,,541977,,,,,
dataflow,ESTAT:ROAD_EQS_CARMOT$DEFAULTVIEW(1.0),"Passenger cars, by type of motor energy and size of engine",A,Annual,NR,Number,DIE,Diesel,CC1400-1999,From 1 400 to 1 999 cm³,FR,France,2015,,15883296,,,,,
dataflow,ESTAT:ROAD_EQS_CARMOT$DEFAULTVIEW(1.0),"Passenger cars, by type of motor energy and size of engine",A,Annual,NR,Number,DIE,Diesel,CC1400-1999,From 1 400 to 1 999 cm³,FR,France,2016,,16457446,,,,,
dataflow,ESTAT:ROAD_EQS_CARMOT$DEFAULTVIEW(1.0),"Passenger cars, by type of motor energy and size of engine",A,Annual,NR,Number,DIE,Diesel,CC1400-1999,From 1 400 to 1 999 cm³,FR,France,2017,,16828045,,,,,
dataflow,ESTAT:ROAD_EQS_CARMOT$DEFAULTVIEW(1.0),"Passenger cars, by type of motor energy and size of engine",A,Annual,NR,Number,DIE,Diesel,CC1400-1999,From 1 400 to 1 999 cm³,FR,France,2018,,16898811,,,,,
dataflow,ESTAT:ROAD_EQS_CARMOT$DEFAULTVIEW(1.0),"Passenger cars, by type of motor energy and size of engine",A,Annual,NR,Number,DIE,Diesel,CC1400-1999,From 1 400 to 1 999 cm³,FR,France,2019,,16935788,,,,,
dataflow,ESTAT:ROAD_EQS_CARMOT$DEFAULTVIEW(1.0),"Passenger cars, by type of motor energy and size of engine",A,Annual,NR,Number,DIE,Diesel,CC1400-1999,From 1 400 to 1 999 cm³,FR,France,2020,,16851202,,,,,
dataflow,ESTAT:ROAD_EQS_CARMOT$DEFAULTVIEW(1.0),"Passenger cars, by type of motor energy and size of engine",A,Annual,NR,Number,DIE,Diesel,CC1400-1999,From 1 400 to 1 999 cm³,FR,France,2021,,16631002,,,,,
dataflow,ESTAT:ROAD_EQS_CARMOT$DEFAULTVIEW(1.0),"Passenger cars, by type of motor energy and size of engine",A,Annual,NR,Number,DIE,Diesel,CC1400-1999,From 1 400 to 1 999 cm³,FR,France,2022,,16220766,,,,,
dataflow,ESTAT:ROAD_EQS_CARMOT$DEFAULTVIEW(1.0),"Passenger cars, by type of motor energy and size of engine",A,Annual,NR,Number,DIE,Diesel,CC1400-1999,From 1 400 to 1 999 cm³,FR,France,2023,,15785177,,,,,
dataflow,ESTAT:ROAD_EQS_CARMOT$DEFAULTVIEW(1.0),"Passenger cars, by type of motor energy and size of engine",A,Annual,NR,Number,DIE,Diesel,CC1400-1999,From 1 400 to 1 999 cm³,FR,France,2024,,15313469,,,,,
dataflow,ESTAT:ROAD_EQS_CARMOT$DEFAULTVIEW(1.0),"Passenger cars, by type of motor energy and size of engine",A,Annual,NR,Number,DIE,Diesel,CC1400-1999,From 1 400 to 1 999 cm³,GE,Georgia,2017,,17241,,,,,
dataflow,ESTAT:ROAD_EQS_CARMOT$DEFAULTVIEW(1.0),"Passenger cars, by type of motor energy and size of engine",A,Annual,NR,Number,DIE,Diesel,CC1400-1999,From 1 400 to 1 999 cm³,GE,Georgia,2018,,21758,,,,,
dataflow,ESTAT:ROAD_EQS_CARMOT$DEFAULTVIEW(1.0),"Passenger cars, by type of motor energy and size of engine",A,Annual,NR,Number,DIE,Diesel,CC1400-1999,From 1 400 to 1 999 cm³,GE,Georgia,2019,,27276,,,,,
dataflow,ESTAT:ROAD_EQS_CARMOT$DEFAULTVIEW(1.0),"Passenger cars, by type of motor energy and size of engine",A,Annual,NR,Number,DIE,Diesel,CC1400-1999,From 1 400 to 1 999 cm³,GE,Georgia,2020,,19526,,,,,
dataflow,ESTAT:ROAD_EQS_CARMOT$DEFAULTVIEW(1.0),"Passenger cars, by type of motor energy and size of engine",A,Annual,NR,Number,DIE,Diesel,CC1400-1999,From 1 400 to 1 999 cm³,GE,Georgia,2021,,39986,,,,,
dataflow,ESTAT:ROAD_EQS_CARMOT$DEFAULTVIEW(1.0),"Passenger cars, by type of motor energy and size of engine",A,Annual,NR,Number,DIE,Diesel,CC1400-1999,From 1 400 to 1 999 cm³,GE,Georgia,2022,,47173,,,,,
dataflow,ESTAT:ROAD_EQS_CARMOT$DEFAULTVIEW(1.0),"Passenger cars, by type of motor energy and size of engine",A,Annual,NR,Number,DIE,Diesel,CC1400-1999,From 1 400 to 1 999 cm³,GE,Georgia,2023,,54596,,,,,
dataflow,ESTAT:ROAD_EQS_CARMOT$DEFAULTVIEW(1.0),"Passenger cars, by type of motor energy and size of engine",A,Annual,NR,Number,DIE,Diesel,CC1400-1999,From 1 400 to 1 999 cm³,GE,Georgia,2024,,59978,,,,,
dataflow,ESTAT:ROAD_EQS_CARMOT$DEFAULTVIEW(1.0),"Passenger cars, by type of motor energy and size of engine",A,Annual,NR,Number,DIE,Diesel,CC1400-1999,From 1 400 to 1 999 cm³,HR,Croatia,2015,,522724,,,,,
dataflow,ESTAT:ROAD_EQS_CARMOT$DEFAULTVIEW(1.0),"Passenger cars, by type of motor energy and size of engine",A,Annual,NR,Number,DIE,Diesel,CC1400-1999,From 1 400 to 1 999 cm³,HR,Croatia,2016,,574585,,,,,
dataflow,ESTAT:ROAD_EQS_CARMOT$DEFAULTVIEW(1.0),"Passenger cars, by type of motor energy and size of engine",A,Annual,NR,Number,DIE,Diesel,CC1400-1999,From 1 400 to 1 999 cm³,HR,Croatia,2017,,622358,,,,,
dataflow,ESTAT:ROAD_EQS_CARMOT$DEFAULTVIEW(1.0),"Passenger cars, by type of motor energy and size of engine",A,Annual,NR,Number,DIE,Diesel,CC1400-1999,From 1 400 to 1 999 cm³,HR,Croatia,2018,,688317,,,,,
dataflow,ESTAT:ROAD_EQS_CARMOT$DEFAULTVIEW(1.0),"Passenger cars, by type of motor energy and size of engine",A,Annual,NR,Number,DIE,Diesel,CC1400-1999,From 1 400 to 1 999 cm³,HR,Croatia,2019,,748599,,,,,
dataflow,ESTAT:ROAD_EQS_CARMOT$DEFAULTVIEW(1.0),"Passenger cars, by type of motor energy and size of engine",A,Annual,NR,Number,DIE,Diesel,CC1400-1999,From 1 400 to 1 999 cm³,HR,Croatia,2020,,782441,,,,,
dataflow,ESTAT:ROAD_EQS_CARMOT$DEFAULTVIEW(1.0),"Passenger cars, by type of motor energy and size of engine",A,Annual,NR,Number,DIE,Diesel,CC1400-1999,From 1 400 to 1 999 cm³,HR,Croatia,2021,,821776,,,,,
dataflow,ESTAT:ROAD_EQS_CARMOT$DEFAULTVIEW(1.0),"Passenger cars, by type of motor energy and size of engine",A,Annual,NR,Number,DIE,Diesel,CC1400-1999,From 1 400 to 1 999 cm³,HR,Croatia,2022,,850627,,,,,
dataflow,ESTAT:ROAD_EQS_CARMOT$DEFAULTVIEW(1.0),"Passenger cars, by type of motor energy and size of engine",A,Annual,NR,Number,DIE,Diesel,CC1400-1999,From 1 400 to 1 999 cm³,HR,Croatia,2023,,889969,,,,,
dataflow,ESTAT:ROAD_EQS_CARMOT$DEFAULTVIEW(1.0),"Passenger cars, by type of motor energy and size of engine",A,Annual,NR,Number,DIE,Diesel,CC1400-1999,From 1 400 to 1 999 cm³,HR,Croatia,2024,,929015,,,,,
dataflow,ESTAT:ROAD_EQS_CARMOT$DEFAULTVIEW(1.0),"Passenger cars, by type of motor energy and size of engine",A,Annual,NR,Number,DIE,Diesel,CC1400-1999,From 1 400 to 1 999 cm³,HU,Hungary,2015,,646755,,,,,
dataflow,ESTAT:ROAD_EQS_CARMOT$DEFAULTVIEW(1.0),"Passenger cars, by type of motor energy and size of engine",A,Annual,NR,Number,DIE,Diesel,CC1400-1999,From 1 400 to 1 999 cm³,HU,Hungary,2016,,710117,,,,,
dataflow,ESTAT:ROAD_EQS_CARMOT$DEFAULTVIEW(1.0),"Passenger cars, by type of motor energy and size of engine",A,Annual,NR,Number,DIE,Diesel,CC1400-1999,From 1 400 to 1 999 cm³,HU,Hungary,2017,,773817,,,,,
dataflow,ESTAT:ROAD_EQS_CARMOT$DEFAULTVIEW(1.0),"Passenger cars, by type of motor energy and size of engine",A,Annual,NR,Number,DIE,Diesel,CC1400-1999,From 1 400 to 1 999 cm³,HU,Hungary,2018,,830536,,,,,
dataflow,ESTAT:ROAD_EQS_CARMOT$DEFAULTVIEW(1.0),"Passenger cars, by type of motor energy and size of engine",A,Annual,NR,Number,DIE,Diesel,CC1400-1999,From 1 400 to 1 999 cm³,HU,Hungary,2019,,880362,,,,,
dataflow,ESTAT:ROAD_EQS_CARMOT$DEFAULTVIEW(1.0),"Passenger cars, by type of motor energy and size of engine",A,Annual,NR,Number,DIE,Diesel,CC1400-1999,From 1 400 to 1 999 cm³,HU,Hungary,2020,,913450,,,,,
dataflow,ESTAT:ROAD_EQS_CARMOT$DEFAULTVIEW(1.0),"Passenger cars, by type of motor energy and size of engine",A,Annual,NR,Number,DIE,Diesel,CC1400-1999,From 1 400 to 1 999 cm³,HU,Hungary,2021,,936213,,,,,
dataflow,ESTAT:ROAD_EQS_CARMOT$DEFAULTVIEW(1.0),"Passenger cars, by type of motor energy and size of engine",A,Annual,NR,Number,DIE,Diesel,CC1400-1999,From 1 400 to 1 999 cm³,HU,Hungary,2022,,953255,,,,,
dataflow,ESTAT:ROAD_EQS_CARMOT$DEFAULTVIEW(1.0),"Passenger cars, by type of motor energy and size of engine",A,Annual,NR,Number,DIE,Diesel,CC1400-1999,From 1 400 to 1 999 cm³,HU,Hungary,2023,,970676,,,,,
dataflow,ESTAT:ROAD_EQS_CARMOT$DEFAULTVIEW(1.0),"Passenger cars, by type of motor energy and size of engine",A,Annual,NR,Number,DIE,Diesel,CC1400-1999,From 1 400 to 1 999 cm³,HU,Hungary,2024,,1007552,,,,,
dataflow,ESTAT:ROAD_EQS_CARMOT$DEFAULTVIEW(1.0),"Passenger cars, by type of motor energy and size of engine",A,Annual,NR,Number,DIE,Diesel,CC1400-1999,From 1 400 to 1 999 cm³,IE,Ireland,2015,,739860,,,,,
dataflow,ESTAT:ROAD_EQS_CARMOT$DEFAULTVIEW(1.0),"Passenger cars, by type of motor energy and size of engine",A,Annual,NR,Number,DIE,Diesel,CC1400-1999,From 1 400 to 1 999 cm³,IE,Ireland,2016,,835680,,,,,
dataflow,ESTAT:ROAD_EQS_CARMOT$DEFAULTVIEW(1.0),"Passenger cars, by type of motor energy and size of engine",A,Annual,NR,Number,DIE,Diesel,CC1400-1999,From 1 400 to 1 999 cm³,IE,Ireland,2017,,928650,,,,,
dataflow,ESTAT:ROAD_EQS_CARMOT$DEFAULTVIEW(1.0),"Passenger cars, by type of motor energy and size of engine",A,Annual,NR,Number,DIE,Diesel,CC1400-1999,From 1 400 to 1 999 cm³,IE,Ireland,2018,,1006290,,,,,
dataflow,ESTAT:ROAD_EQS_CARMOT$DEFAULTVIEW(1.0),"Passenger cars, by type of motor energy and size of engine",A,Annual,NR,Number,DIE,Diesel,CC1400-1999,From 1 400 to 1 999 cm³,IE,Ireland,2019,,1083890,,,,,
dataflow,ESTAT:ROAD_EQS_CARMOT$DEFAULTVIEW(1.0),"Passenger cars, by type of motor energy and size of engine",A,Annual,NR,Number,DIE,Diesel,CC1400-1999,From 1 400 to 1 999 cm³,IE,Ireland,2020,,1133330,,,,,
dataflow,ESTAT:ROAD_EQS_CARMOT$DEFAULTVIEW(1.0),"Passenger cars, by type of motor energy and size of engine",A,Annual,NR,Number,DIE,Diesel,CC1400-1999,From 1 400 to 1 999 cm³,IE,Ireland,2021,,1146400,,,,,
dataflow,ESTAT:ROAD_EQS_CARMOT$DEFAULTVIEW(1.0),"Passenger cars, by type of motor energy and size of engine",A,Annual,NR,Number,DIE,Diesel,CC1400-1999,From 1 400 to 1 999 cm³,IE,Ireland,2022,,1136610,,,,,
dataflow,ESTAT:ROAD_EQS_CARMOT$DEFAULTVIEW(1.0),"Passenger cars, by type of motor energy and size of engine",A,Annual,NR,Number,DIE,Diesel,CC1400-1999,From 1 400 to 1 999 cm³,IE,Ireland,2023,,1141590,,,,,
dataflow,ESTAT:ROAD_EQS_CARMOT$DEFAULTVIEW(1.0),"Passenger cars, by type of motor energy and size of engine",A,Annual,NR,Number,DIE,Diesel,CC1400-1999,From 1 400 to 1 999 cm³,IT,Italy,2015,,13412347,,,,,
dataflow,ESTAT:ROAD_EQS_CARMOT$DEFAULTVIEW(1.0),"Passenger cars, by type of motor energy and size of engine",A,Annual,NR,Number,DIE,Diesel,CC1400-1999,From 1 400 to 1 999 cm³,IT,Italy,2016,,14012832,,,,,
dataflow,ESTAT:ROAD_EQS_CARMOT$DEFAULTVIEW(1.0),"Passenger cars, by type of motor energy and size of engine",A,Annual,NR,Number,DIE,Diesel,CC1400-1999,From 1 400 to 1 999 cm³,IT,Italy,2017,,14651685,,,,,
dataflow,ESTAT:ROAD_EQS_CARMOT$DEFAULTVIEW(1.0),"Passenger cars, by type of motor energy and size of engine",A,Annual,NR,Number,DIE,Diesel,CC1400-1999,From 1 400 to 1 999 cm³,IT,Italy,2018,,15090689,,,,,
dataflow,ESTAT:ROAD_EQS_CARMOT$DEFAULTVIEW(1.0),"Passenger cars, by type of motor energy and size of engine",A,Annual,NR,Number,DIE,Diesel,CC1400-1999,From 1 400 to 1 999 cm³,IT,Italy,2019,,15295121,,,,,
dataflow,ESTAT:ROAD_EQS_CARMOT$DEFAULTVIEW(1.0),"Passenger cars, by type of motor energy and size of engine",A,Annual,NR,Number,DIE,Diesel,CC1400-1999,From 1 400 to 1 999 cm³,IT,Italy,2020,,15253957,,,,,
dataflow,ESTAT:ROAD_EQS_CARMOT$DEFAULTVIEW(1.0),"Passenger cars, by type of motor energy and size of engine",A,Annual,NR,Number,DIE,Diesel,CC1400-1999,From 1 400 to 1 999 cm³,IT,Italy,2021,,15253957,,,,,
dataflow,ESTAT:ROAD_EQS_CARMOT$DEFAULTVIEW(1.0),"Passenger cars, by type of motor energy and size of engine",A,Annual,NR,Number,DIE,Diesel,CC1400-1999,From 1 400 to 1 999 cm³,IT,Italy,2022,,9984675,,,,,
dataflow,ESTAT:ROAD_EQS_CARMOT$DEFAULTVIEW(1.0),"Passenger cars, by type of motor energy and size of engine",A,Annual,NR,Number,DIE,Diesel,CC1400-1999,From 1 400 to 1 999 cm³,IT,Italy,2023,,15024900,,,,,
dataflow,ESTAT:ROAD_EQS_CARMOT$DEFAULTVIEW(1.0),"Passenger cars, by type of motor energy and size of engine",A,Annual,NR,Number,DIE,Diesel,CC1400-1999,From 1 400 to 1 999 cm³,IT,Italy,2024,,15024900,,,,,
dataflow,ESTAT:ROAD_EQS_CARMOT$DEFAULTVIEW(1.0),"Passenger cars, by type of motor energy and size of engine",A,Annual,NR,Number,DIE,Diesel,CC1400-1999,From 1 400 to 1 999 cm³,LI,Liechtenstein,2015,,5118,,,,,
dataflow,ESTAT:ROAD_EQS_CARMOT$DEFAULTVIEW(1.0),"Passenger cars, by type of motor energy and size of engine",A,Annual,NR,Number,DIE,Diesel,CC1400-1999,From 1 400 to 1 999 cm³,LI,Liechtenstein,2016,,5498,,,,,
dataflow,ESTAT:ROAD_EQS_CARMOT$DEFAULTVIEW(1.0),"Passenger cars, by type of motor energy and size of engine",A,Annual,NR,Number,DIE,Diesel,CC1400-1999,From 1 400 to 1 999 cm³,LI,Liechtenstein,2017,,5733,,,,,
dataflow,ESTAT:ROAD_EQS_CARMOT$DEFAULTVIEW(1.0),"Passenger cars, by type of motor energy and size of engine",A,Annual,NR,Number,DIE,Diesel,CC1400-1999,From 1 400 to 1 999 cm³,LI,Liechtenstein,2018,,5896,,,,,
dataflow,ESTAT:ROAD_EQS_CARMOT$DEFAULTVIEW(1.0),"Passenger cars, by type of motor energy and size of engine",A,Annual,NR,Number,DIE,Diesel,CC1400-1999,From 1 400 to 1 999 cm³,LI,Liechtenstein,2019,,6026,,,,,
dataflow,ESTAT:ROAD_EQS_CARMOT$DEFAULTVIEW(1.0),"Passenger cars, by type of motor energy and size of engine",A,Annual,NR,Number,DIE,Diesel,CC1400-1999,From 1 400 to 1 999 cm³,LI,Liechtenstein,2020,,6178,,,,,
dataflow,ESTAT:ROAD_EQS_CARMOT$DEFAULTVIEW(1.0),"Passenger cars, by type of motor energy and size of engine",A,Annual,NR,Number,DIE,Diesel,CC1400-1999,From 1 400 to 1 999 cm³,LI,Liechtenstein,2021,,6149,,,,,
dataflow,ESTAT:ROAD_EQS_CARMOT$DEFAULTVIEW(1.0),"Passenger cars, by type of motor energy and size of engine",A,Annual,NR,Number,DIE,Diesel,CC1400-1999,From 1 400 to 1 999 cm³,LI,Liechtenstein,2022,,6116,,,,,
dataflow,ESTAT:ROAD_EQS_CARMOT$DEFAULTVIEW(1.0),"Passenger cars, by type of motor energy and size of engine",A,Annual,NR,Number,DIE,Diesel,CC1400-1999,From 1 400 to 1 999 cm³,LI,Liechtenstein,2023,,5964,,,,,
dataflow,ESTAT:ROAD_EQS_CARMOT$DEFAULTVIEW(1.0),"Passenger cars, by type of motor energy and size of engine",A,Annual,NR,Number,DIE,Diesel,CC1400-1999,From 1 400 to 1 999 cm³,LI,Liechtenstein,2024,,5847,,,,,
dataflow,ESTAT:ROAD_EQS_CARMOT$DEFAULTVIEW(1.0),"Passenger cars, by type of motor energy and size of engine",A,Annual,NR,Number,DIE,Diesel,CC1400-1999,From 1 400 to 1 999 cm³,LT,Lithuania,2022,,718122,,,,,
dataflow,ESTAT:ROAD_EQS_CARMOT$DEFAULTVIEW(1.0),"Passenger cars, by type of motor energy and size of engine",A,Annual,NR,Number,DIE,Diesel,CC1400-1999,From 1 400 to 1 999 cm³,LT,Lithuania,2023,,735303,,,,,
dataflow,ESTAT:ROAD_EQS_CARMOT$DEFAULTVIEW(1.0),"Passenger cars, by type of motor energy and size of engine",A,Annual,NR,Number,DIE,Diesel,CC1400-1999,From 1 400 to 1 999 cm³,LT,Lithuania,2024,,747214,,,,,
dataflow,ESTAT:ROAD_EQS_CARMOT$DEFAULTVIEW(1.0),"Passenger cars, by type of motor energy and size of engine",A,Annual,NR,Number,DIE,Diesel,CC1400-1999,From 1 400 to 1 999 cm³,LU,Luxembourg,2017,,182872,,,,,
dataflow,ESTAT:ROAD_EQS_CARMOT$DEFAULTVIEW(1.0),"Passenger cars, by type of motor energy and size of engine",A,Annual,NR,Number,DIE,Diesel,CC1400-1999,From 1 400 to 1 999 cm³,LU,Luxembourg,2018,,180686,,,,,
dataflow,ESTAT:ROAD_EQS_CARMOT$DEFAULTVIEW(1.0),"Passenger cars, by type of motor energy and size of engine",A,Annual,NR,Number,DIE,Diesel,CC1400-1999,From 1 400 to 1 999 cm³,LU,Luxembourg,2019,,178530,,,,,
dataflow,ESTAT:ROAD_EQS_CARMOT$DEFAULTVIEW(1.0),"Passenger cars, by type of motor energy and size of engine",A,Annual,NR,Number,DIE,Diesel,CC1400-1999,From 1 400 to 1 999 cm³,LU,Luxembourg,2020,,174511,,,,,
dataflow,ESTAT:ROAD_EQS_CARMOT$DEFAULTVIEW(1.0),"Passenger cars, by type of motor energy and size of engine",A,Annual,NR,Number,DIE,Diesel,CC1400-1999,From 1 400 to 1 999 cm³,LU,Luxembourg,2021,,168732,,,,,
dataflow,ESTAT:ROAD_EQS_CARMOT$DEFAULTVIEW(1.0),"Passenger cars, by type of motor energy and size of engine",A,Annual,NR,Number,DIE,Diesel,CC1400-1999,From 1 400 to 1 999 cm³,LU,Luxembourg,2022,,161826,,i,value imputed by Eurostat or other receiving agencies,,
dataflow,ESTAT:ROAD_EQS_CARMOT$DEFAULTVIEW(1.0),"Passenger cars, by type of motor energy and size of engine",A,Annual,NR,Number,DIE,Diesel,CC1400-1999,From 1 400 to 1 999 cm³,LU,Luxembourg,2023,,152743,,,,,
dataflow,ESTAT:ROAD_EQS_CARMOT$DEFAULTVIEW(1.0),"Passenger cars, by type of motor energy and size of engine",A,Annual,NR,Number,DIE,Diesel,CC1400-1999,From 1 400 to 1 999 cm³,LU,Luxembourg,2024,,141517,,,,,
dataflow,ESTAT:ROAD_EQS_CARMOT$DEFAULTVIEW(1.0),"Passenger cars, by type of motor energy and size of engine",A,Annual,NR,Number,DIE,Diesel,CC1400-1999,From 1 400 to 1 999 cm³,LV,Latvia,2015,,193879,,,,,
dataflow,ESTAT:ROAD_EQS_CARMOT$DEFAULTVIEW(1.0),"Passenger cars, by type of motor energy and size of engine",A,Annual,NR,Number,DIE,Diesel,CC1400-1999,From 1 400 to 1 999 cm³,LV,Latvia,2016,,204315,,,,,
dataflow,ESTAT:ROAD_EQS_CARMOT$DEFAULTVIEW(1.0),"Passenger cars, by type of motor energy and size of engine",A,Annual,NR,Number,DIE,Diesel,CC1400-1999,From 1 400 to 1 999 cm³,LV,Latvia,2017,,224091,,,,,
dataflow,ESTAT:ROAD_EQS_CARMOT$DEFAULTVIEW(1.0),"Passenger cars, by type of motor energy and size of engine",A,Annual,NR,Number,DIE,Diesel,CC1400-1999,From 1 400 to 1 999 cm³,LV,Latvia,2018,,242497,,,,,
dataflow,ESTAT:ROAD_EQS_CARMOT$DEFAULTVIEW(1.0),"Passenger cars, by type of motor energy and size of engine",A,Annual,NR,Number,DIE,Diesel,CC1400-1999,From 1 400 to 1 999 cm³,LV,Latvia,2019,,260539,,,,,
dataflow,ESTAT:ROAD_EQS_CARMOT$DEFAULTVIEW(1.0),"Passenger cars, by type of motor energy and size of engine",A,Annual,NR,Number,DIE,Diesel,CC1400-1999,From 1 400 to 1 999 cm³,LV,Latvia,2020,,272935,,,,,
dataflow,ESTAT:ROAD_EQS_CARMOT$DEFAULTVIEW(1.0),"Passenger cars, by type of motor energy and size of engine",A,Annual,NR,Number,DIE,Diesel,CC1400-1999,From 1 400 to 1 999 cm³,LV,Latvia,2021,,287543,,,,,
dataflow,ESTAT:ROAD_EQS_CARMOT$DEFAULTVIEW(1.0),"Passenger cars, by type of motor energy and size of engine",A,Annual,NR,Number,DIE,Diesel,CC1400-1999,From 1 400 to 1 999 cm³,LV,Latvia,2022,,297736,,,,,
dataflow,ESTAT:ROAD_EQS_CARMOT$DEFAULTVIEW(1.0),"Passenger cars, by type of motor energy and size of engine",A,Annual,NR,Number,DIE,Diesel,CC1400-1999,From 1 400 to 1 999 cm³,LV,Latvia,2023,,306524,,,,,
dataflow,ESTAT:ROAD_EQS_CARMOT$DEFAULTVIEW(1.0),"Passenger cars, by type of motor energy and size of engine",A,Annual,NR,Number,DIE,Diesel,CC1400-1999,From 1 400 to 1 999 cm³,LV,Latvia,2024,,311343,,,,,
dataflow,ESTAT:ROAD_EQS_CARMOT$DEFAULTVIEW(1.0),"Passenger cars, by type of motor energy and size of engine",A,Annual,NR,Number,DIE,Diesel,CC1400-1999,From 1 400 to 1 999 cm³,MD,Moldova,2015,,62383,,,,,
dataflow,ESTAT:ROAD_EQS_CARMOT$DEFAULTVIEW(1.0),"Passenger cars, by type of motor energy and size of engine",A,Annual,NR,Number,DIE,Diesel,CC1400-1999,From 1 400 to 1 999 cm³,MD,Moldova,2016,,66661,,,,,
dataflow,ESTAT:ROAD_EQS_CARMOT$DEFAULTVIEW(1.0),"Passenger cars, by type of motor energy and size of engine",A,Annual,NR,Number,DIE,Diesel,CC1400-1999,From 1 400 to 1 999 cm³,MD,Moldova,2017,,80116,,,,,
dataflow,ESTAT:ROAD_EQS_CARMOT$DEFAULTVIEW(1.0),"Passenger cars, by type of motor energy and size of engine",A,Annual,NR,Number,DIE,Diesel,CC1400-1999,From 1 400 to 1 999 cm³,MD,Moldova,2018,,89148,,,,,
dataflow,ESTAT:ROAD_EQS_CARMOT$DEFAULTVIEW(1.0),"Passenger cars, by type of motor energy and size of engine",A,Annual,NR,Number,DIE,Diesel,CC1400-1999,From 1 400 to 1 999 cm³,MD,Moldova,2019,,101024,,,,,
dataflow,ESTAT:ROAD_EQS_CARMOT$DEFAULTVIEW(1.0),"Passenger cars, by type of motor energy and size of engine",A,Annual,NR,Number,DIE,Diesel,CC1400-1999,From 1 400 to 1 999 cm³,MD,Moldova,2020,,112751,,,,,
dataflow,ESTAT:ROAD_EQS_CARMOT$DEFAULTVIEW(1.0),"Passenger cars, by type of motor energy and size of engine",A,Annual,NR,Number,DIE,Diesel,CC1400-1999,From 1 400 to 1 999 cm³,MD,Moldova,2021,,127973,,,,,
dataflow,ESTAT:ROAD_EQS_CARMOT$DEFAULTVIEW(1.0),"Passenger cars, by type of motor energy and size of engine",A,Annual,NR,Number,DIE,Diesel,CC1400-1999,From 1 400 to 1 999 cm³,MD,Moldova,2022,,140976,,,,,
dataflow,ESTAT:ROAD_EQS_CARMOT$DEFAULTVIEW(1.0),"Passenger cars, by type of motor energy and size of engine",A,Annual,NR,Number,DIE,Diesel,CC1400-1999,From 1 400 to 1 999 cm³,MD,Moldova,2023,,159871,,,,,
dataflow,ESTAT:ROAD_EQS_CARMOT$DEFAULTVIEW(1.0),"Passenger cars, by type of motor energy and size of engine",A,Annual,NR,Number,DIE,Diesel,CC1400-1999,From 1 400 to 1 999 cm³,MD,Moldova,2024,,182314,,,,,
dataflow,ESTAT:ROAD_EQS_CARMOT$DEFAULTVIEW(1.0),"Passenger cars, by type of motor energy and size of engine",A,Annual,NR,Number,DIE,Diesel,CC1400-1999,From 1 400 to 1 999 cm³,ME,Montenegro,2016,,99515,,,,,
dataflow,ESTAT:ROAD_EQS_CARMOT$DEFAULTVIEW(1.0),"Passenger cars, by type of motor energy and size of engine",A,Annual,NR,Number,DIE,Diesel,CC1400-1999,From 1 400 to 1 999 cm³,ME,Montenegro,2017,,108872,,,,,
dataflow,ESTAT:ROAD_EQS_CARMOT$DEFAULTVIEW(1.0),"Passenger cars, by type of motor energy and size of engine",A,Annual,NR,Number,DIE,Diesel,CC1400-1999,From 1 400 to 1 999 cm³,ME,Montenegro,2018,,120334,,,,,
dataflow,ESTAT:ROAD_EQS_CARMOT$DEFAULTVIEW(1.0),"Passenger cars, by type of motor energy and size of engine",A,Annual,NR,Number,DIE,Diesel,CC1400-1999,From 1 400 to 1 999 cm³,ME,Montenegro,2019,,130344,,,,,
dataflow,ESTAT:ROAD_EQS_CARMOT$DEFAULTVIEW(1.0),"Passenger cars, by type of motor energy and size of engine",A,Annual,NR,Number,DIE,Diesel,CC1400-1999,From 1 400 to 1 999 cm³,ME,Montenegro,2020,,130240,,,,,
dataflow,ESTAT:ROAD_EQS_CARMOT$DEFAULTVIEW(1.0),"Passenger cars, by type of motor energy and size of engine",A,Annual,NR,Number,DIE,Diesel,CC1400-1999,From 1 400 to 1 999 cm³,ME,Montenegro,2021,,140278,,,,,
dataflow,ESTAT:ROAD_EQS_CARMOT$DEFAULTVIEW(1.0),"Passenger cars, by type of motor energy and size of engine",A,Annual,NR,Number,DIE,Diesel,CC1400-1999,From 1 400 to 1 999 cm³,ME,Montenegro,2022,,145319,,,,,
dataflow,ESTAT:ROAD_EQS_CARMOT$DEFAULTVIEW(1.0),"Passenger cars, by type of motor energy and size of engine",A,Annual,NR,Number,DIE,Diesel,CC1400-1999,From 1 400 to 1 999 cm³,ME,Montenegro,2023,,157826,,,,,
dataflow,ESTAT:ROAD_EQS_CARMOT$DEFAULTVIEW(1.0),"Passenger cars, by type of motor energy and size of engine",A,Annual,NR,Number,DIE,Diesel,CC1400-1999,From 1 400 to 1 999 cm³,ME,Montenegro,2024,,155882,,,,,
dataflow,ESTAT:ROAD_EQS_CARMOT$DEFAULTVIEW(1.0),"Passenger cars, by type of motor energy and size of engine",A,Annual,NR,Number,DIE,Diesel,CC1400-1999,From 1 400 to 1 999 cm³,MT,Malta,2015,,66194,,,,,
dataflow,ESTAT:ROAD_EQS_CARMOT$DEFAULTVIEW(1.0),"Passenger cars, by type of motor energy and size of engine",A,Annual,NR,Number,DIE,Diesel,CC1400-1999,From 1 400 to 1 999 cm³,MT,Malta,2016,,68333,,,,,
dataflow,ESTAT:ROAD_EQS_CARMOT$DEFAULTVIEW(1.0),"Passenger cars, by type of motor energy and size of engine",A,Annual,NR,Number,DIE,Diesel,CC1400-1999,From 1 400 to 1 999 cm³,MT,Malta,2017,,71366,,,,,
dataflow,ESTAT:ROAD_EQS_CARMOT$DEFAULTVIEW(1.0),"Passenger cars, by type of motor energy and size of engine",A,Annual,NR,Number,DIE,Diesel,CC1400-1999,From 1 400 to 1 999 cm³,MT,Malta,2018,,73468,,,,,
dataflow,ESTAT:ROAD_EQS_CARMOT$DEFAULTVIEW(1.0),"Passenger cars, by type of motor energy and size of engine",A,Annual,NR,Number,DIE,Diesel,CC1400-1999,From 1 400 to 1 999 cm³,MT,Malta,2019,,74977,,,,,
dataflow,ESTAT:ROAD_EQS_CARMOT$DEFAULTVIEW(1.0),"Passenger cars, by type of motor energy and size of engine",A,Annual,NR,Number,DIE,Diesel,CC1400-1999,From 1 400 to 1 999 cm³,MT,Malta,2020,,74892,,,,,
dataflow,ESTAT:ROAD_EQS_CARMOT$DEFAULTVIEW(1.0),"Passenger cars, by type of motor energy and size of engine",A,Annual,NR,Number,DIE,Diesel,CC1400-1999,From 1 400 to 1 999 cm³,MT,Malta,2021,,73997,,,,,
dataflow,ESTAT:ROAD_EQS_CARMOT$DEFAULTVIEW(1.0),"Passenger cars, by type of motor energy and size of engine",A,Annual,NR,Number,DIE,Diesel,CC1400-1999,From 1 400 to 1 999 cm³,MT,Malta,2022,,73121,,,,,
dataflow,ESTAT:ROAD_EQS_CARMOT$DEFAULTVIEW(1.0),"Passenger cars, by type of motor energy and size of engine",A,Annual,NR,Number,DIE,Diesel,CC1400-1999,From 1 400 to 1 999 cm³,MT,Malta,2023,,72728,,,,,
dataflow,ESTAT:ROAD_EQS_CARMOT$DEFAULTVIEW(1.0),"Passenger cars, by type of motor energy and size of engine",A,Annual,NR,Number,DIE,Diesel,CC1400-1999,From 1 400 to 1 999 cm³,MT,Malta,2024,,71677,,,,,
dataflow,ESTAT:ROAD_EQS_CARMOT$DEFAULTVIEW(1.0),"Passenger cars, by type of motor energy and size of engine",A,Annual,NR,Number,DIE,Diesel,CC1400-1999,From 1 400 to 1 999 cm³,NL,Netherlands,2015,,885540,,,,,
dataflow,ESTAT:ROAD_EQS_CARMOT$DEFAULTVIEW(1.0),"Passenger cars, by type of motor energy and size of engine",A,Annual,NR,Number,DIE,Diesel,CC1400-1999,From 1 400 to 1 999 cm³,NL,Netherlands,2016,,882970,,,,,
dataflow,ESTAT:ROAD_EQS_CARMOT$DEFAULTVIEW(1.0),"Passenger cars, by type of motor energy and size of engine",A,Annual,NR,Number,DIE,Diesel,CC1400-1999,From 1 400 to 1 999 cm³,NL,Netherlands,2017,,879533,,,,,
dataflow,ESTAT:ROAD_EQS_CARMOT$DEFAULTVIEW(1.0),"Passenger cars, by type of motor energy and size of engine",A,Annual,NR,Number,DIE,Diesel,CC1400-1999,From 1 400 to 1 999 cm³,NL,Netherlands,2018,,849078,,,,,
dataflow,ESTAT:ROAD_EQS_CARMOT$DEFAULTVIEW(1.0),"Passenger cars, by type of motor energy and size of engine",A,Annual,NR,Number,DIE,Diesel,CC1400-1999,From 1 400 to 1 999 cm³,NL,Netherlands,2019,,780674,,,,,
dataflow,ESTAT:ROAD_EQS_CARMOT$DEFAULTVIEW(1.0),"Passenger cars, by type of motor energy and size of engine",A,Annual,NR,Number,DIE,Diesel,CC1400-1999,From 1 400 to 1 999 cm³,NL,Netherlands,2020,,690645,,,,,
dataflow,ESTAT:ROAD_EQS_CARMOT$DEFAULTVIEW(1.0),"Passenger cars, by type of motor energy and size of engine",A,Annual,NR,Number,DIE,Diesel,CC1400-1999,From 1 400 to 1 999 cm³,NL,Netherlands,2021,,613154,,,,,
dataflow,ESTAT:ROAD_EQS_CARMOT$DEFAULTVIEW(1.0),"Passenger cars, by type of motor energy and size of engine",A,Annual,NR,Number,DIE,Diesel,CC1400-1999,From 1 400 to 1 999 cm³,NL,Netherlands,2022,,526730,,,,,
dataflow,ESTAT:ROAD_EQS_CARMOT$DEFAULTVIEW(1.0),"Passenger cars, by type of motor energy and size of engine",A,Annual,NR,Number,DIE,Diesel,CC1400-1999,From 1 400 to 1 999 cm³,NL,Netherlands,2023,,448317,,,,,
dataflow,ESTAT:ROAD_EQS_CARMOT$DEFAULTVIEW(1.0),"Passenger cars, by type of motor energy and size of engine",A,Annual,NR,Number,DIE,Diesel,CC1400-1999,From 1 400 to 1 999 cm³,NL,Netherlands,2024,,380539,,,,,
dataflow,ESTAT:ROAD_EQS_CARMOT$DEFAULTVIEW(1.0),"Passenger cars, by type of motor energy and size of engine",A,Annual,NR,Number,DIE,Diesel,CC1400-1999,From 1 400 to 1 999 cm³,NO,Norway,2016,,861609,,,,,
dataflow,ESTAT:ROAD_EQS_CARMOT$DEFAULTVIEW(1.0),"Passenger cars, by type of motor energy and size of engine",A,Annual,NR,Number,DIE,Diesel,CC1400-1999,From 1 400 to 1 999 cm³,NO,Norway,2017,,876438,,,,,
dataflow,ESTAT:ROAD_EQS_CARMOT$DEFAULTVIEW(1.0),"Passenger cars, by type of motor energy and size of engine",A,Annual,NR,Number,DIE,Diesel,CC1400-1999,From 1 400 to 1 999 cm³,NO,Norway,2018,,875439,,,,,
dataflow,ESTAT:ROAD_EQS_CARMOT$DEFAULTVIEW(1.0),"Passenger cars, by type of motor energy and size of engine",A,Annual,NR,Number,DIE,Diesel,CC1400-1999,From 1 400 to 1 999 cm³,NO,Norway,2019,,871932,,,,,
dataflow,ESTAT:ROAD_EQS_CARMOT$DEFAULTVIEW(1.0),"Passenger cars, by type of motor energy and size of engine",A,Annual,NR,Number,DIE,Diesel,CC1400-1999,From 1 400 to 1 999 cm³,NO,Norway,2020,,876480,,,,,
dataflow,ESTAT:ROAD_EQS_CARMOT$DEFAULTVIEW(1.0),"Passenger cars, by type of motor energy and size of engine",A,Annual,NR,Number,DIE,Diesel,CC1400-1999,From 1 400 to 1 999 cm³,NO,Norway,2021,,843956,,,,,
dataflow,ESTAT:ROAD_EQS_CARMOT$DEFAULTVIEW(1.0),"Passenger cars, by type of motor energy and size of engine",A,Annual,NR,Number,DIE,Diesel,CC1400-1999,From 1 400 to 1 999 cm³,NO,Norway,2022,,794039,,,,,
dataflow,ESTAT:ROAD_EQS_CARMOT$DEFAULTVIEW(1.0),"Passenger cars, by type of motor energy and size of engine",A,Annual,NR,Number,DIE,Diesel,CC1400-1999,From 1 400 to 1 999 cm³,NO,Norway,2023,,719557,,,,,
dataflow,ESTAT:ROAD_EQS_CARMOT$DEFAULTVIEW(1.0),"Passenger cars, by type of motor energy and size of engine",A,Annual,NR,Number,DIE,Diesel,CC1400-1999,From 1 400 to 1 999 cm³,NO,Norway,2024,,675551,,,,,
dataflow,ESTAT:ROAD_EQS_CARMOT$DEFAULTVIEW(1.0),"Passenger cars, by type of motor energy and size of engine",A,Annual,NR,Number,DIE,Diesel,CC1400-1999,From 1 400 to 1 999 cm³,PT,Portugal,2015,,1736088,,,,,
dataflow,ESTAT:ROAD_EQS_CARMOT$DEFAULTVIEW(1.0),"Passenger cars, by type of motor energy and size of engine",A,Annual,NR,Number,DIE,Diesel,CC1400-1999,From 1 400 to 1 999 cm³,PT,Portugal,2016,,1868968,,,,,
dataflow,ESTAT:ROAD_EQS_CARMOT$DEFAULTVIEW(1.0),"Passenger cars, by type of motor energy and size of engine",A,Annual,NR,Number,DIE,Diesel,CC1400-1999,From 1 400 to 1 999 cm³,PT,Portugal,2017,,2027194,,,,,
dataflow,ESTAT:ROAD_EQS_CARMOT$DEFAULTVIEW(1.0),"Passenger cars, by type of motor energy and size of engine",A,Annual,NR,Number,DIE,Diesel,CC1400-1999,From 1 400 to 1 999 cm³,PT,Portugal,2018,,2162734,,,,,
dataflow,ESTAT:ROAD_EQS_CARMOT$DEFAULTVIEW(1.0),"Passenger cars, by type of motor energy and size of engine",A,Annual,NR,Number,DIE,Diesel,CC1400-1999,From 1 400 to 1 999 cm³,PT,Portugal,2019,,2267899,,,,,
dataflow,ESTAT:ROAD_EQS_CARMOT$DEFAULTVIEW(1.0),"Passenger cars, by type of motor energy and size of engine",A,Annual,NR,Number,DIE,Diesel,CC1400-1999,From 1 400 to 1 999 cm³,PT,Portugal,2020,,2349963,,,,,
dataflow,ESTAT:ROAD_EQS_CARMOT$DEFAULTVIEW(1.0),"Passenger cars, by type of motor energy and size of engine",A,Annual,NR,Number,DIE,Diesel,CC1400-1999,From 1 400 to 1 999 cm³,PT,Portugal,2021,,2392048,,,,,
dataflow,ESTAT:ROAD_EQS_CARMOT$DEFAULTVIEW(1.0),"Passenger cars, by type of motor energy and size of engine",A,Annual,NR,Number,DIE,Diesel,CC1400-1999,From 1 400 to 1 999 cm³,PT,Portugal,2022,,2449637,,,,,
dataflow,ESTAT:ROAD_EQS_CARMOT$DEFAULTVIEW(1.0),"Passenger cars, by type of motor energy and size of engine",A,Annual,NR,Number,DIE,Diesel,CC1400-1999,From 1 400 to 1 999 cm³,PT,Portugal,2023,,2456475,,,,,
dataflow,ESTAT:ROAD_EQS_CARMOT$DEFAULTVIEW(1.0),"Passenger cars, by type of motor energy and size of engine",A,Annual,NR,Number,DIE,Diesel,CC1400-1999,From 1 400 to 1 999 cm³,PT,Portugal,2024,,2519273,,,,,
dataflow,ESTAT:ROAD_EQS_CARMOT$DEFAULTVIEW(1.0),"Passenger cars, by type of motor energy and size of engine",A,Annual,NR,Number,DIE,Diesel,CC1400-1999,From 1 400 to 1 999 cm³,RO,Romania,2015,,1535069,,,,,
dataflow,ESTAT:ROAD_EQS_CARMOT$DEFAULTVIEW(1.0),"Passenger cars, by type of motor energy and size of engine",A,Annual,NR,Number,DIE,Diesel,CC1400-1999,From 1 400 to 1 999 cm³,RO,Romania,2016,,1724238,,,,,
dataflow,ESTAT:ROAD_EQS_CARMOT$DEFAULTVIEW(1.0),"Passenger cars, by type of motor energy and size of engine",A,Annual,NR,Number,DIE,Diesel,CC1400-1999,From 1 400 to 1 999 cm³,RO,Romania,2017,,2059298,,,,,
dataflow,ESTAT:ROAD_EQS_CARMOT$DEFAULTVIEW(1.0),"Passenger cars, by type of motor energy and size of engine",A,Annual,NR,Number,DIE,Diesel,CC1400-1999,From 1 400 to 1 999 cm³,RO,Romania,2018,,2373254,,,,,
dataflow,ESTAT:ROAD_EQS_CARMOT$DEFAULTVIEW(1.0),"Passenger cars, by type of motor energy and size of engine",A,Annual,NR,Number,DIE,Diesel,CC1400-1999,From 1 400 to 1 999 cm³,RO,Romania,2019,,2656008,,,,,
dataflow,ESTAT:ROAD_EQS_CARMOT$DEFAULTVIEW(1.0),"Passenger cars, by type of motor energy and size of engine",A,Annual,NR,Number,DIE,Diesel,CC1400-1999,From 1 400 to 1 999 cm³,RO,Romania,2020,,2890925,,,,,
dataflow,ESTAT:ROAD_EQS_CARMOT$DEFAULTVIEW(1.0),"Passenger cars, by type of motor energy and size of engine",A,Annual,NR,Number,DIE,Diesel,CC1400-1999,From 1 400 to 1 999 cm³,RO,Romania,2021,,3108422,,,,,
dataflow,ESTAT:ROAD_EQS_CARMOT$DEFAULTVIEW(1.0),"Passenger cars, by type of motor energy and size of engine",A,Annual,NR,Number,DIE,Diesel,CC1400-1999,From 1 400 to 1 999 cm³,RO,Romania,2022,,3260084,,,,,
dataflow,ESTAT:ROAD_EQS_CARMOT$DEFAULTVIEW(1.0),"Passenger cars, by type of motor energy and size of engine",A,Annual,NR,Number,DIE,Diesel,CC1400-1999,From 1 400 to 1 999 cm³,RO,Romania,2023,,3398171,,,,,
dataflow,ESTAT:ROAD_EQS_CARMOT$DEFAULTVIEW(1.0),"Passenger cars, by type of motor energy and size of engine",A,Annual,NR,Number,DIE,Diesel,CC1400-1999,From 1 400 to 1 999 cm³,RO,Romania,2024,,3568590,,,,,
dataflow,ESTAT:ROAD_EQS_CARMOT$DEFAULTVIEW(1.0),"Passenger cars, by type of motor energy and size of engine",A,Annual,NR,Number,DIE,Diesel,CC1400-1999,From 1 400 to 1 999 cm³,RS,Serbia,2019,,913403,,,,,
dataflow,ESTAT:ROAD_EQS_CARMOT$DEFAULTVIEW(1.0),"Passenger cars, by type of motor energy and size of engine",A,Annual,NR,Number,DIE,Diesel,CC1400-1999,From 1 400 to 1 999 cm³,RS,Serbia,2020,,981794,,,,,
dataflow,ESTAT:ROAD_EQS_CARMOT$DEFAULTVIEW(1.0),"Passenger cars, by type of motor energy and size of engine",A,Annual,NR,Number,DIE,Diesel,CC1400-1999,From 1 400 to 1 999 cm³,RS,Serbia,2021,,1041452,,,,,
dataflow,ESTAT:ROAD_EQS_CARMOT$DEFAULTVIEW(1.0),"Passenger cars, by type of motor energy and size of engine",A,Annual,NR,Number,DIE,Diesel,CC1400-1999,From 1 400 to 1 999 cm³,RS,Serbia,2022,,1089438,,,,,
dataflow,ESTAT:ROAD_EQS_CARMOT$DEFAULTVIEW(1.0),"Passenger cars, by type of motor energy and size of engine",A,Annual,NR,Number,DIE,Diesel,CC1400-1999,From 1 400 to 1 999 cm³,RS,Serbia,2023,,1129911,,,,,
dataflow,ESTAT:ROAD_EQS_CARMOT$DEFAULTVIEW(1.0),"Passenger cars, by type of motor energy and size of engine",A,Annual,NR,Number,DIE,Diesel,CC1400-1999,From 1 400 to 1 999 cm³,RS,Serbia,2024,,1180075,,,,,
dataflow,ESTAT:ROAD_EQS_CARMOT$DEFAULTVIEW(1.0),"Passenger cars, by type of motor energy and size of engine",A,Annual,NR,Number,DIE,Diesel,CC1400-1999,From 1 400 to 1 999 cm³,SE,Sweden,2015,,931540,,,,,
dataflow,ESTAT:ROAD_EQS_CARMOT$DEFAULTVIEW(1.0),"Passenger cars, by type of motor energy and size of engine",A,Annual,NR,Number,DIE,Diesel,CC1400-1999,From 1 400 to 1 999 cm³,SE,Sweden,2016,,1048728,,,,,
dataflow,ESTAT:ROAD_EQS_CARMOT$DEFAULTVIEW(1.0),"Passenger cars, by type of motor energy and size of engine",A,Annual,NR,Number,DIE,Diesel,CC1400-1999,From 1 400 to 1 999 cm³,SE,Sweden,2017,,1152014,,,,,
dataflow,ESTAT:ROAD_EQS_CARMOT$DEFAULTVIEW(1.0),"Passenger cars, by type of motor energy and size of engine",A,Annual,NR,Number,DIE,Diesel,CC1400-1999,From 1 400 to 1 999 cm³,SE,Sweden,2018,,1222380,,,,,
dataflow,ESTAT:ROAD_EQS_CARMOT$DEFAULTVIEW(1.0),"Passenger cars, by type of motor energy and size of engine",A,Annual,NR,Number,DIE,Diesel,CC1400-1999,From 1 400 to 1 999 cm³,SE,Sweden,2019,,1276042,,,,,
dataflow,ESTAT:ROAD_EQS_CARMOT$DEFAULTVIEW(1.0),"Passenger cars, by type of motor energy and size of engine",A,Annual,NR,Number,DIE,Diesel,CC1400-1999,From 1 400 to 1 999 cm³,SE,Sweden,2020,,1293195,,,,,
dataflow,ESTAT:ROAD_EQS_CARMOT$DEFAULTVIEW(1.0),"Passenger cars, by type of motor energy and size of engine",A,Annual,NR,Number,DIE,Diesel,CC1400-1999,From 1 400 to 1 999 cm³,SE,Sweden,2021,,1296805,,,,,
dataflow,ESTAT:ROAD_EQS_CARMOT$DEFAULTVIEW(1.0),"Passenger cars, by type of motor energy and size of engine",A,Annual,NR,Number,DIE,Diesel,CC1400-1999,From 1 400 to 1 999 cm³,SE,Sweden,2022,,1261058,,,,,
dataflow,ESTAT:ROAD_EQS_CARMOT$DEFAULTVIEW(1.0),"Passenger cars, by type of motor energy and size of engine",A,Annual,NR,Number,DIE,Diesel,CC1400-1999,From 1 400 to 1 999 cm³,SE,Sweden,2023,,1216843,,,,,
dataflow,ESTAT:ROAD_EQS_CARMOT$DEFAULTVIEW(1.0),"Passenger cars, by type of motor energy and size of engine",A,Annual,NR,Number,DIE,Diesel,CC1400-1999,From 1 400 to 1 999 cm³,SE,Sweden,2024,,1181569,,,,,
dataflow,ESTAT:ROAD_EQS_CARMOT$DEFAULTVIEW(1.0),"Passenger cars, by type of motor energy and size of engine",A,Annual,NR,Number,DIE,Diesel,CC1400-1999,From 1 400 to 1 999 cm³,SI,Slovenia,2015,,388876,,,,,
dataflow,ESTAT:ROAD_EQS_CARMOT$DEFAULTVIEW(1.0),"Passenger cars, by type of motor energy and size of engine",A,Annual,NR,Number,DIE,Diesel,CC1400-1999,From 1 400 to 1 999 cm³,SI,Slovenia,2016,,413971,,,,,
dataflow,ESTAT:ROAD_EQS_CARMOT$DEFAULTVIEW(1.0),"Passenger cars, by type of motor energy and size of engine",A,Annual,NR,Number,DIE,Diesel,CC1400-1999,From 1 400 to 1 999 cm³,SI,Slovenia,2017,,440755,,,,,
dataflow,ESTAT:ROAD_EQS_CARMOT$DEFAULTVIEW(1.0),"Passenger cars, by type of motor energy and size of engine",A,Annual,NR,Number,DIE,Diesel,CC1400-1999,From 1 400 to 1 999 cm³,SI,Slovenia,2018,,466362,,,,,
dataflow,ESTAT:ROAD_EQS_CARMOT$DEFAULTVIEW(1.0),"Passenger cars, by type of motor energy and size of engine",A,Annual,NR,Number,DIE,Diesel,CC1400-1999,From 1 400 to 1 999 cm³,SI,Slovenia,2019,,488120,,,,,
dataflow,ESTAT:ROAD_EQS_CARMOT$DEFAULTVIEW(1.0),"Passenger cars, by type of motor energy and size of engine",A,Annual,NR,Number,DIE,Diesel,CC1400-1999,From 1 400 to 1 999 cm³,SI,Slovenia,2020,,499835,,,,,
dataflow,ESTAT:ROAD_EQS_CARMOT$DEFAULTVIEW(1.0),"Passenger cars, by type of motor energy and size of engine",A,Annual,NR,Number,DIE,Diesel,CC1400-1999,From 1 400 to 1 999 cm³,SI,Slovenia,2021,,511811,,,,,
dataflow,ESTAT:ROAD_EQS_CARMOT$DEFAULTVIEW(1.0),"Passenger cars, by type of motor energy and size of engine",A,Annual,NR,Number,DIE,Diesel,CC1400-1999,From 1 400 to 1 999 cm³,SI,Slovenia,2022,,515829,,,,,
dataflow,ESTAT:ROAD_EQS_CARMOT$DEFAULTVIEW(1.0),"Passenger cars, by type of motor energy and size of engine",A,Annual,NR,Number,DIE,Diesel,CC1400-1999,From 1 400 to 1 999 cm³,SI,Slovenia,2023,,518878,,b,break in time series,,
dataflow,ESTAT:ROAD_EQS_CARMOT$DEFAULTVIEW(1.0),"Passenger cars, by type of motor energy and size of engine",A,Annual,NR,Number,DIE,Diesel,CC1400-1999,From 1 400 to 1 999 cm³,SI,Slovenia,2024,,515975,,,,,
dataflow,ESTAT:ROAD_EQS_CARMOT$DEFAULTVIEW(1.0),"Passenger cars, by type of motor energy and size of engine",A,Annual,NR,Number,DIE,Diesel,CC1400-1999,From 1 400 to 1 999 cm³,TR,Türkiye,2015,,2320386,,,,,
dataflow,ESTAT:ROAD_EQS_CARMOT$DEFAULTVIEW(1.0),"Passenger cars, by type of motor energy and size of engine",A,Annual,NR,Number,DIE,Diesel,CC1400-1999,From 1 400 to 1 999 cm³,TR,Türkiye,2016,,2719919,,,,,
dataflow,ESTAT:ROAD_EQS_CARMOT$DEFAULTVIEW(1.0),"Passenger cars, by type of motor energy and size of engine",A,Annual,NR,Number,DIE,Diesel,CC1400-1999,From 1 400 to 1 999 cm³,TR,Türkiye,2017,,3119951,,,,,
dataflow,ESTAT:ROAD_EQS_CARMOT$DEFAULTVIEW(1.0),"Passenger cars, by type of motor energy and size of engine",A,Annual,NR,Number,DIE,Diesel,CC1400-1999,From 1 400 to 1 999 cm³,TR,Türkiye,2018,,3801166,,,,,
dataflow,ESTAT:ROAD_EQS_CARMOT$DEFAULTVIEW(1.0),"Passenger cars, by type of motor energy and size of engine",A,Annual,NR,Number,DIE,Diesel,CC1400-1999,From 1 400 to 1 999 cm³,TR,Türkiye,2019,,3986298,,,,,
dataflow,ESTAT:ROAD_EQS_CARMOT$DEFAULTVIEW(1.0),"Passenger cars, by type of motor energy and size of engine",A,Annual,NR,Number,DIE,Diesel,CC1400-1999,From 1 400 to 1 999 cm³,TR,Türkiye,2020,,3792024,,,,,
dataflow,ESTAT:ROAD_EQS_CARMOT$DEFAULTVIEW(1.0),"Passenger cars, by type of motor energy and size of engine",A,Annual,NR,Number,DIE,Diesel,CC1400-1999,From 1 400 to 1 999 cm³,TR,Türkiye,2021,,3914432,,,,,
dataflow,ESTAT:ROAD_EQS_CARMOT$DEFAULTVIEW(1.0),"Passenger cars, by type of motor energy and size of engine",A,Annual,NR,Number,DIE,Diesel,CC1400-1999,From 1 400 to 1 999 cm³,TR,Türkiye,2022,,3999539,,,,,
dataflow,ESTAT:ROAD_EQS_CARMOT$DEFAULTVIEW(1.0),"Passenger cars, by type of motor energy and size of engine",A,Annual,NR,Number,DIE,Diesel,CC1400-1999,From 1 400 to 1 999 cm³,TR,Türkiye,2023,,4124869,,,,,
dataflow,ESTAT:ROAD_EQS_CARMOT$DEFAULTVIEW(1.0),"Passenger cars, by type of motor energy and size of engine",A,Annual,NR,Number,DIE,Diesel,CC1400-1999,From 1 400 to 1 999 cm³,TR,Türkiye,2024,,4223612,,,,,
dataflow,ESTAT:ROAD_EQS_CARMOT$DEFAULTVIEW(1.0),"Passenger cars, by type of motor energy and size of engine",A,Annual,NR,Number,DIE,Diesel,CC1400-1999,From 1 400 to 1 999 cm³,UK,United Kingdom,2015,,8593290,,,,,
dataflow,ESTAT:ROAD_EQS_CARMOT$DEFAULTVIEW(1.0),"Passenger cars, by type of motor energy and size of engine",A,Annual,NR,Number,DIE,Diesel,CC1400-1999,From 1 400 to 1 999 cm³,UK,United Kingdom,2016,,8667410,,,,,
dataflow,ESTAT:ROAD_EQS_CARMOT$DEFAULTVIEW(1.0),"Passenger cars, by type of motor energy and size of engine",A,Annual,NR,Number,DIE,Diesel,CC1400-1999,From 1 400 to 1 999 cm³,UK,United Kingdom,2017,,8962735,,,,,
dataflow,ESTAT:ROAD_EQS_CARMOT$DEFAULTVIEW(1.0),"Passenger cars, by type of motor energy and size of engine",A,Annual,NR,Number,DIE,Diesel,CC1400-1999,From 1 400 to 1 999 cm³,UK,United Kingdom,2018,,9040068,,,,,
dataflow,ESTAT:ROAD_EQS_CARMOT$DEFAULTVIEW(1.0),"Passenger cars, by type of motor energy and size of engine",A,Annual,NR,Number,DIE,Diesel,CC1400-1999,From 1 400 to 1 999 cm³,UK,United Kingdom,2021,,8622725,,,,,
dataflow,ESTAT:ROAD_EQS_CARMOT$DEFAULTVIEW(1.0),"Passenger cars, by type of motor energy and size of engine",A,Annual,NR,Number,DIE,Diesel,CC1400-1999,From 1 400 to 1 999 cm³,UK,United Kingdom,2022,,8380828,,,,,
dataflow,ESTAT:ROAD_EQS_CARMOT$DEFAULTVIEW(1.0),"Passenger cars, by type of motor energy and size of engine",A,Annual,NR,Number,DIE,Diesel,CC1400-1999,From 1 400 to 1 999 cm³,UK,United Kingdom,2023,,8035640,,,,,
dataflow,ESTAT:ROAD_EQS_CARMOT$DEFAULTVIEW(1.0),"Passenger cars, by type of motor energy and size of engine",A,Annual,NR,Number,DIE,Diesel,CC1400-1999,From 1 400 to 1 999 cm³,UK,United Kingdom,2024,,7668097,,,,,
dataflow,ESTAT:ROAD_EQS_CARMOT$DEFAULTVIEW(1.0),"Passenger cars, by type of motor energy and size of engine",A,Annual,NR,Number,DIE,Diesel,CC1400-1999,From 1 400 to 1 999 cm³,XK,Kosovo*,2019,,169733,,i,value imputed by Eurostat or other receiving agencies,,
dataflow,ESTAT:ROAD_EQS_CARMOT$DEFAULTVIEW(1.0),"Passenger cars, by type of motor energy and size of engine",A,Annual,NR,Number,DIE,Diesel,CC1400-1999,From 1 400 to 1 999 cm³,XK,Kosovo*,2021,,210899,,,,,
dataflow,ESTAT:ROAD_EQS_CARMOT$DEFAULTVIEW(1.0),"Passenger cars, by type of motor energy and size of engine",A,Annual,NR,Number,DIE,Diesel,CC_GE2000,2 000 cm³ or over,AL,Albania,2021,,173706,,,,,
dataflow,ESTAT:ROAD_EQS_CARMOT$DEFAULTVIEW(1.0),"Passenger cars, by type of motor energy and size of engine",A,Annual,NR,Number,DIE,Diesel,CC_GE2000,2 000 cm³ or over,AL,Albania,2022,,184887,,,,,
dataflow,ESTAT:ROAD_EQS_CARMOT$DEFAULTVIEW(1.0),"Passenger cars, by type of motor energy and size of engine",A,Annual,NR,Number,DIE,Diesel,CC_GE2000,2 000 cm³ or over,AL,Albania,2023,,198910,,,,,
dataflow,ESTAT:ROAD_EQS_CARMOT$DEFAULTVIEW(1.0),"Passenger cars, by type of motor energy and size of engine",A,Annual,NR,Number,DIE,Diesel,CC_GE2000,2 000 cm³ or over,AL,Albania,2024,,215519,,,,,
dataflow,ESTAT:ROAD_EQS_CARMOT$DEFAULTVIEW(1.0),"Passenger cars, by type of motor energy and size of engine",A,Annual,NR,Number,DIE,Diesel,CC_GE2000,2 000 cm³ or over,AT,Austria,2015,,481931,,,,,
dataflow,ESTAT:ROAD_EQS_CARMOT$DEFAULTVIEW(1.0),"Passenger cars, by type of motor energy and size of engine",A,Annual,NR,Number,DIE,Diesel,CC_GE2000,2 000 cm³ or over,AT,Austria,2016,,482319,,,,,
dataflow,ESTAT:ROAD_EQS_CARMOT$DEFAULTVIEW(1.0),"Passenger cars, by type of motor energy and size of engine",A,Annual,NR,Number,DIE,Diesel,CC_GE2000,2 000 cm³ or over,AT,Austria,2017,,480253,,,,,
dataflow,ESTAT:ROAD_EQS_CARMOT$DEFAULTVIEW(1.0),"Passenger cars, by type of motor energy and size of engine",A,Annual,NR,Number,DIE,Diesel,CC_GE2000,2 000 cm³ or over,AT,Austria,2018,,477193,,,,,
dataflow,ESTAT:ROAD_EQS_CARMOT$DEFAULTVIEW(1.0),"Passenger cars, by type of motor energy and size of engine",A,Annual,NR,Number,DIE,Diesel,CC_GE2000,2 000 cm³ or over,AT,Austria,2019,,470189,,,,,
dataflow,ESTAT:ROAD_EQS_CARMOT$DEFAULTVIEW(1.0),"Passenger cars, by type of motor energy and size of engine",A,Annual,NR,Number,DIE,Diesel,CC_GE2000,2 000 cm³ or over,AT,Austria,2020,,460596,,,,,
dataflow,ESTAT:ROAD_EQS_CARMOT$DEFAULTVIEW(1.0),"Passenger cars, by type of motor energy and size of engine",A,Annual,NR,Number,DIE,Diesel,CC_GE2000,2 000 cm³ or over,AT,Austria,2021,,447558,,,,,
dataflow,ESTAT:ROAD_EQS_CARMOT$DEFAULTVIEW(1.0),"Passenger cars, by type of motor energy and size of engine",A,Annual,NR,Number,DIE,Diesel,CC_GE2000,2 000 cm³ or over,AT,Austria,2022,,432504,,,,,
dataflow,ESTAT:ROAD_EQS_CARMOT$DEFAULTVIEW(1.0),"Passenger cars, by type of motor energy and size of engine",A,Annual,NR,Number,DIE,Diesel,CC_GE2000,2 000 cm³ or over,AT,Austria,2023,,417622,,,,,
dataflow,ESTAT:ROAD_EQS_CARMOT$DEFAULTVIEW(1.0),"Passenger cars, by type of motor energy and size of engine",A,Annual,NR,Number,DIE,Diesel,CC_GE2000,2 000 cm³ or over,AT,Austria,2024,,401528,,,,,
dataflow,ESTAT:ROAD_EQS_CARMOT$DEFAULTVIEW(1.0),"Passenger cars, by type of motor energy and size of engine",A,Annual,NR,Number,DIE,Diesel,CC_GE2000,2 000 cm³ or over,BA,Bosnia and Herzegovina,2015,,67197,,,,,
dataflow,ESTAT:ROAD_EQS_CARMOT$DEFAULTVIEW(1.0),"Passenger cars, by type of motor energy and size of engine",A,Annual,NR,Number,DIE,Diesel,CC_GE2000,2 000 cm³ or over,BA,Bosnia and Herzegovina,2016,,72470,,,,,
dataflow,ESTAT:ROAD_EQS_CARMOT$DEFAULTVIEW(1.0),"Passenger cars, by type of motor energy and size of engine",A,Annual,NR,Number,DIE,Diesel,CC_GE2000,2 000 cm³ or over,BA,Bosnia and Herzegovina,2017,,76295,,,,,
dataflow,ESTAT:ROAD_EQS_CARMOT$DEFAULTVIEW(1.0),"Passenger cars, by type of motor energy and size of engine",A,Annual,NR,Number,DIE,Diesel,CC_GE2000,2 000 cm³ or over,BA,Bosnia and Herzegovina,2018,,80861,,,,,
dataflow,ESTAT:ROAD_EQS_CARMOT$DEFAULTVIEW(1.0),"Passenger cars, by type of motor energy and size of engine",A,Annual,NR,Number,DIE,Diesel,CC_GE2000,2 000 cm³ or over,BA,Bosnia and Herzegovina,2019,,84939,,,,,
dataflow,ESTAT:ROAD_EQS_CARMOT$DEFAULTVIEW(1.0),"Passenger cars, by type of motor energy and size of engine",A,Annual,NR,Number,DIE,Diesel,CC_GE2000,2 000 cm³ or over,BA,Bosnia and Herzegovina,2020,,84554,,,,,
dataflow,ESTAT:ROAD_EQS_CARMOT$DEFAULTVIEW(1.0),"Passenger cars, by type of motor energy and size of engine",A,Annual,NR,Number,DIE,Diesel,CC_GE2000,2 000 cm³ or over,BA,Bosnia and Herzegovina,2021,,90050,,,,,
dataflow,ESTAT:ROAD_EQS_CARMOT$DEFAULTVIEW(1.0),"Passenger cars, by type of motor energy and size of engine",A,Annual,NR,Number,DIE,Diesel,CC_GE2000,2 000 cm³ or over,BA,Bosnia and Herzegovina,2022,,92158,,,,,
dataflow,ESTAT:ROAD_EQS_CARMOT$DEFAULTVIEW(1.0),"Passenger cars, by type of motor energy and size of engine",A,Annual,NR,Number,DIE,Diesel,CC_GE2000,2 000 cm³ or over,BA,Bosnia and Herzegovina,2023,,96443,,,,,
dataflow,ESTAT:ROAD_EQS_CARMOT$DEFAULTVIEW(1.0),"Passenger cars, by type of motor energy and size of engine",A,Annual,NR,Number,DIE,Diesel,CC_GE2000,2 000 cm³ or over,BA,Bosnia and Herzegovina,2024,,101095,,,,,
dataflow,ESTAT:ROAD_EQS_CARMOT$DEFAULTVIEW(1.0),"Passenger cars, by type of motor energy and size of engine",A,Annual,NR,Number,DIE,Diesel,CC_GE2000,2 000 cm³ or over,BE,Belgium,2015,,477454,,,,,
dataflow,ESTAT:ROAD_EQS_CARMOT$DEFAULTVIEW(1.0),"Passenger cars, by type of motor energy and size of engine",A,Annual,NR,Number,DIE,Diesel,CC_GE2000,2 000 cm³ or over,BE,Belgium,2016,,465355,,,,,
dataflow,ESTAT:ROAD_EQS_CARMOT$DEFAULTVIEW(1.0),"Passenger cars, by type of motor energy and size of engine",A,Annual,NR,Number,DIE,Diesel,CC_GE2000,2 000 cm³ or over,BE,Belgium,2017,,447659,,,,,
dataflow,ESTAT:ROAD_EQS_CARMOT$DEFAULTVIEW(1.0),"Passenger cars, by type of motor energy and size of engine",A,Annual,NR,Number,DIE,Diesel,CC_GE2000,2 000 cm³ or over,BE,Belgium,2018,,420980,,,,,
dataflow,ESTAT:ROAD_EQS_CARMOT$DEFAULTVIEW(1.0),"Passenger cars, by type of motor energy and size of engine",A,Annual,NR,Number,DIE,Diesel,CC_GE2000,2 000 cm³ or over,BE,Belgium,2019,,392422,,,,,
dataflow,ESTAT:ROAD_EQS_CARMOT$DEFAULTVIEW(1.0),"Passenger cars, by type of motor energy and size of engine",A,Annual,NR,Number,DIE,Diesel,CC_GE2000,2 000 cm³ or over,BE,Belgium,2020,,365874,,,,,
dataflow,ESTAT:ROAD_EQS_CARMOT$DEFAULTVIEW(1.0),"Passenger cars, by type of motor energy and size of engine",A,Annual,NR,Number,DIE,Diesel,CC_GE2000,2 000 cm³ or over,BE,Belgium,2021,,341270,,,,,
dataflow,ESTAT:ROAD_EQS_CARMOT$DEFAULTVIEW(1.0),"Passenger cars, by type of motor energy and size of engine",A,Annual,NR,Number,DIE,Diesel,CC_GE2000,2 000 cm³ or over,BE,Belgium,2022,,314866,,,,,
dataflow,ESTAT:ROAD_EQS_CARMOT$DEFAULTVIEW(1.0),"Passenger cars, by type of motor energy and size of engine",A,Annual,NR,Number,DIE,Diesel,CC_GE2000,2 000 cm³ or over,BE,Belgium,2023,,286285,,,,,
dataflow,ESTAT:ROAD_EQS_CARMOT$DEFAULTVIEW(1.0),"Passenger cars, by type of motor energy and size of engine",A,Annual,NR,Number,DIE,Diesel,CC_GE2000,2 000 cm³ or over,BE,Belgium,2024,,262065,,,,,
dataflow,ESTAT:ROAD_EQS_CARMOT$DEFAULTVIEW(1.0),"Passenger cars, by type of motor energy and size of engine",A,Annual,NR,Number,DIE,Diesel,CC_GE2000,2 000 cm³ or over,CH,Switzerland,2015,,429768,,,,,
dataflow,ESTAT:ROAD_EQS_CARMOT$DEFAULTVIEW(1.0),"Passenger cars, by type of motor energy and size of engine",A,Annual,NR,Number,DIE,Diesel,CC_GE2000,2 000 cm³ or over,CH,Switzerland,2016,,452504,,,,,
dataflow,ESTAT:ROAD_EQS_CARMOT$DEFAULTVIEW(1.0),"Passenger cars, by type of motor energy and size of engine",A,Annual,NR,Number,DIE,Diesel,CC_GE2000,2 000 cm³ or over,CH,Switzerland,2017,,467469,,,,,
dataflow,ESTAT:ROAD_EQS_CARMOT$DEFAULTVIEW(1.0),"Passenger cars, by type of motor energy and size of engine",A,Annual,NR,Number,DIE,Diesel,CC_GE2000,2 000 cm³ or over,CH,Switzerland,2018,,471345,,,,,
dataflow,ESTAT:ROAD_EQS_CARMOT$DEFAULTVIEW(1.0),"Passenger cars, by type of motor energy and size of engine",A,Annual,NR,Number,DIE,Diesel,CC_GE2000,2 000 cm³ or over,CH,Switzerland,2019,,469476,,,,,
dataflow,ESTAT:ROAD_EQS_CARMOT$DEFAULTVIEW(1.0),"Passenger cars, by type of motor energy and size of engine",A,Annual,NR,Number,DIE,Diesel,CC_GE2000,2 000 cm³ or over,CH,Switzerland,2020,,464415,,,,,
dataflow,ESTAT:ROAD_EQS_CARMOT$DEFAULTVIEW(1.0),"Passenger cars, by type of motor energy and size of engine",A,Annual,NR,Number,DIE,Diesel,CC_GE2000,2 000 cm³ or over,CH,Switzerland,2021,,458891,,,,,
dataflow,ESTAT:ROAD_EQS_CARMOT$DEFAULTVIEW(1.0),"Passenger cars, by type of motor energy and size of engine",A,Annual,NR,Number,DIE,Diesel,CC_GE2000,2 000 cm³ or over,CH,Switzerland,2022,,445203,,,,,
dataflow,ESTAT:ROAD_EQS_CARMOT$DEFAULTVIEW(1.0),"Passenger cars, by type of motor energy and size of engine",A,Annual,NR,Number,DIE,Diesel,CC_GE2000,2 000 cm³ or over,CH,Switzerland,2023,,433607,,,,,
dataflow,ESTAT:ROAD_EQS_CARMOT$DEFAULTVIEW(1.0),"Passenger cars, by type of motor energy and size of engine",A,Annual,NR,Number,DIE,Diesel,CC_GE2000,2 000 cm³ or over,CH,Switzerland,2024,,419304,,,,,
dataflow,ESTAT:ROAD_EQS_CARMOT$DEFAULTVIEW(1.0),"Passenger cars, by type of motor energy and size of engine",A,Annual,NR,Number,DIE,Diesel,CC_GE2000,2 000 cm³ or over,CY,Cyprus,2015,,30344,,,,,
dataflow,ESTAT:ROAD_EQS_CARMOT$DEFAULTVIEW(1.0),"Passenger cars, by type of motor energy and size of engine",A,Annual,NR,Number,DIE,Diesel,CC_GE2000,2 000 cm³ or over,CY,Cyprus,2016,,33451,,,,,
dataflow,ESTAT:ROAD_EQS_CARMOT$DEFAULTVIEW(1.0),"Passenger cars, by type of motor energy and size of engine",A,Annual,NR,Number,DIE,Diesel,CC_GE2000,2 000 cm³ or over,CY,Cyprus,2017,,37464,,,,,
dataflow,ESTAT:ROAD_EQS_CARMOT$DEFAULTVIEW(1.0),"Passenger cars, by type of motor energy and size of engine",A,Annual,NR,Number,DIE,Diesel,CC_GE2000,2 000 cm³ or over,CY,Cyprus,2018,,42554,,,,,
dataflow,ESTAT:ROAD_EQS_CARMOT$DEFAULTVIEW(1.0),"Passenger cars, by type of motor energy and size of engine",A,Annual,NR,Number,DIE,Diesel,CC_GE2000,2 000 cm³ or over,CY,Cyprus,2019,,47758,,,,,
dataflow,ESTAT:ROAD_EQS_CARMOT$DEFAULTVIEW(1.0),"Passenger cars, by type of motor energy and size of engine",A,Annual,NR,Number,DIE,Diesel,CC_GE2000,2 000 cm³ or over,CY,Cyprus,2020,,50924,,,,,
dataflow,ESTAT:ROAD_EQS_CARMOT$DEFAULTVIEW(1.0),"Passenger cars, by type of motor energy and size of engine",A,Annual,NR,Number,DIE,Diesel,CC_GE2000,2 000 cm³ or over,CY,Cyprus,2021,,52891,,,,,
dataflow,ESTAT:ROAD_EQS_CARMOT$DEFAULTVIEW(1.0),"Passenger cars, by type of motor energy and size of engine",A,Annual,NR,Number,DIE,Diesel,CC_GE2000,2 000 cm³ or over,CY,Cyprus,2022,,52804,,,,,
dataflow,ESTAT:ROAD_EQS_CARMOT$DEFAULTVIEW(1.0),"Passenger cars, by type of motor energy and size of engine",A,Annual,NR,Number,DIE,Diesel,CC_GE2000,2 000 cm³ or over,CY,Cyprus,2023,,54123,,,,,
dataflow,ESTAT:ROAD_EQS_CARMOT$DEFAULTVIEW(1.0),"Passenger cars, by type of motor energy and size of engine",A,Annual,NR,Number,DIE,Diesel,CC_GE2000,2 000 cm³ or over,CY,Cyprus,2024,,54869,,,,,
dataflow,ESTAT:ROAD_EQS_CARMOT$DEFAULTVIEW(1.0),"Passenger cars, by type of motor energy and size of engine",A,Annual,NR,Number,DIE,Diesel,CC_GE2000,2 000 cm³ or over,CZ,Czechia,2015,,313785,,,,,
dataflow,ESTAT:ROAD_EQS_CARMOT$DEFAULTVIEW(1.0),"Passenger cars, by type of motor energy and size of engine",A,Annual,NR,Number,DIE,Diesel,CC_GE2000,2 000 cm³ or over,CZ,Czechia,2016,,333910,,,,,
dataflow,ESTAT:ROAD_EQS_CARMOT$DEFAULTVIEW(1.0),"Passenger cars, by type of motor energy and size of engine",A,Annual,NR,Number,DIE,Diesel,CC_GE2000,2 000 cm³ or over,CZ,Czechia,2017,,355015,,,,,
dataflow,ESTAT:ROAD_EQS_CARMOT$DEFAULTVIEW(1.0),"Passenger cars, by type of motor energy and size of engine",A,Annual,NR,Number,DIE,Diesel,CC_GE2000,2 000 cm³ or over,CZ,Czechia,2018,,371945,,,,,
dataflow,ESTAT:ROAD_EQS_CARMOT$DEFAULTVIEW(1.0),"Passenger cars, by type of motor energy and size of engine",A,Annual,NR,Number,DIE,Diesel,CC_GE2000,2 000 cm³ or over,CZ,Czechia,2019,,389052,,,,,
dataflow,ESTAT:ROAD_EQS_CARMOT$DEFAULTVIEW(1.0),"Passenger cars, by type of motor energy and size of engine",A,Annual,NR,Number,DIE,Diesel,CC_GE2000,2 000 cm³ or over,CZ,Czechia,2020,,399627,,,,,
dataflow,ESTAT:ROAD_EQS_CARMOT$DEFAULTVIEW(1.0),"Passenger cars, by type of motor energy and size of engine",A,Annual,NR,Number,DIE,Diesel,CC_GE2000,2 000 cm³ or over,CZ,Czechia,2021,,404656,,,,,
dataflow,ESTAT:ROAD_EQS_CARMOT$DEFAULTVIEW(1.0),"Passenger cars, by type of motor energy and size of engine",A,Annual,NR,Number,DIE,Diesel,CC_GE2000,2 000 cm³ or over,CZ,Czechia,2022,,421313,,,,,
dataflow,ESTAT:ROAD_EQS_CARMOT$DEFAULTVIEW(1.0),"Passenger cars, by type of motor energy and size of engine",A,Annual,NR,Number,DIE,Diesel,CC_GE2000,2 000 cm³ or over,CZ,Czechia,2023,,435106,,b,break in time series,,
dataflow,ESTAT:ROAD_EQS_CARMOT$DEFAULTVIEW(1.0),"Passenger cars, by type of motor energy and size of engine",A,Annual,NR,Number,DIE,Diesel,CC_GE2000,2 000 cm³ or over,CZ,Czechia,2024,,439862,,,,,
dataflow,ESTAT:ROAD_EQS_CARMOT$DEFAULTVIEW(1.0),"Passenger cars, by type of motor energy and size of engine",A,Annual,NR,Number,DIE,Diesel,CC_GE2000,2 000 cm³ or over,DE,Germany,2015,,4106000,,,,,
dataflow,ESTAT:ROAD_EQS_CARMOT$DEFAULTVIEW(1.0),"Passenger cars, by type of motor energy and size of engine",A,Annual,NR,Number,DIE,Diesel,CC_GE2000,2 000 cm³ or over,DE,Germany,2016,,4206471,,,,,
dataflow,ESTAT:ROAD_EQS_CARMOT$DEFAULTVIEW(1.0),"Passenger cars, by type of motor energy and size of engine",A,Annual,NR,Number,DIE,Diesel,CC_GE2000,2 000 cm³ or over,DE,Germany,2017,,4211846,,,,,
dataflow,ESTAT:ROAD_EQS_CARMOT$DEFAULTVIEW(1.0),"Passenger cars, by type of motor energy and size of engine",A,Annual,NR,Number,DIE,Diesel,CC_GE2000,2 000 cm³ or over,DE,Germany,2018,,4163699,,,,,
dataflow,ESTAT:ROAD_EQS_CARMOT$DEFAULTVIEW(1.0),"Passenger cars, by type of motor energy and size of engine",A,Annual,NR,Number,DIE,Diesel,CC_GE2000,2 000 cm³ or over,DE,Germany,2019,,4093212,,,,,
dataflow,ESTAT:ROAD_EQS_CARMOT$DEFAULTVIEW(1.0),"Passenger cars, by type of motor energy and size of engine",A,Annual,NR,Number,DIE,Diesel,CC_GE2000,2 000 cm³ or over,DE,Germany,2020,,4077774,,,,,
dataflow,ESTAT:ROAD_EQS_CARMOT$DEFAULTVIEW(1.0),"Passenger cars, by type of motor energy and size of engine",A,Annual,NR,Number,DIE,Diesel,CC_GE2000,2 000 cm³ or over,DE,Germany,2021,,4046793,,,,,
dataflow,ESTAT:ROAD_EQS_CARMOT$DEFAULTVIEW(1.0),"Passenger cars, by type of motor energy and size of engine",A,Annual,NR,Number,DIE,Diesel,CC_GE2000,2 000 cm³ or over,DE,Germany,2022,,3951553,,,,,
dataflow,ESTAT:ROAD_EQS_CARMOT$DEFAULTVIEW(1.0),"Passenger cars, by type of motor energy and size of engine",A,Annual,NR,Number,DIE,Diesel,CC_GE2000,2 000 cm³ or over,DE,Germany,2023,,3894966,,,,,
dataflow,ESTAT:ROAD_EQS_CARMOT$DEFAULTVIEW(1.0),"Passenger cars, by type of motor energy and size of engine",A,Annual,NR,Number,DIE,Diesel,CC_GE2000,2 000 cm³ or over,DE,Germany,2024,,3831745,,,,,
dataflow,ESTAT:ROAD_EQS_CARMOT$DEFAULTVIEW(1.0),"Passenger cars, by type of motor energy and size of engine",A,Annual,NR,Number,DIE,Diesel,CC_GE2000,2 000 cm³ or over,EE,Estonia,2015,,108661,,,,,
dataflow,ESTAT:ROAD_EQS_CARMOT$DEFAULTVIEW(1.0),"Passenger cars, by type of motor energy and size of engine",A,Annual,NR,Number,DIE,Diesel,CC_GE2000,2 000 cm³ or over,EE,Estonia,2016,,116500,,,,,
dataflow,ESTAT:ROAD_EQS_CARMOT$DEFAULTVIEW(1.0),"Passenger cars, by type of motor energy and size of engine",A,Annual,NR,Number,DIE,Diesel,CC_GE2000,2 000 cm³ or over,EE,Estonia,2017,,123741,,,,,
dataflow,ESTAT:ROAD_EQS_CARMOT$DEFAULTVIEW(1.0),"Passenger cars, by type of motor energy and size of engine",A,Annual,NR,Number,DIE,Diesel,CC_GE2000,2 000 cm³ or over,EE,Estonia,2018,,131211,,,,,
dataflow,ESTAT:ROAD_EQS_CARMOT$DEFAULTVIEW(1.0),"Passenger cars, by type of motor energy and size of engine",A,Annual,NR,Number,DIE,Diesel,CC_GE2000,2 000 cm³ or over,EE,Estonia,2019,,141122,,,,,
dataflow,ESTAT:ROAD_EQS_CARMOT$DEFAULTVIEW(1.0),"Passenger cars, by type of motor energy and size of engine",A,Annual,NR,Number,DIE,Diesel,CC_GE2000,2 000 cm³ or over,EE,Estonia,2020,,145694,,,,,
dataflow,ESTAT:ROAD_EQS_CARMOT$DEFAULTVIEW(1.0),"Passenger cars, by type of motor energy and size of engine",A,Annual,NR,Number,DIE,Diesel,CC_GE2000,2 000 cm³ or over,EE,Estonia,2021,,151224,,,,,
dataflow,ESTAT:ROAD_EQS_CARMOT$DEFAULTVIEW(1.0),"Passenger cars, by type of motor energy and size of engine",A,Annual,NR,Number,DIE,Diesel,CC_GE2000,2 000 cm³ or over,EE,Estonia,2022,,157250,,,,,
dataflow,ESTAT:ROAD_EQS_CARMOT$DEFAULTVIEW(1.0),"Passenger cars, by type of motor energy and size of engine",A,Annual,NR,Number,DIE,Diesel,CC_GE2000,2 000 cm³ or over,EE,Estonia,2023,,160325,,,,,
dataflow,ESTAT:ROAD_EQS_CARMOT$DEFAULTVIEW(1.0),"Passenger cars, by type of motor energy and size of engine",A,Annual,NR,Number,DIE,Diesel,CC_GE2000,2 000 cm³ or over,EE,Estonia,2024,,161481,,,,,
dataflow,ESTAT:ROAD_EQS_CARMOT$DEFAULTVIEW(1.0),"Passenger cars, by type of motor energy and size of engine",A,Annual,NR,Number,DIE,Diesel,CC_GE2000,2 000 cm³ or over,ES,Spain,2015,,1550222,,,,,
dataflow,ESTAT:ROAD_EQS_CARMOT$DEFAULTVIEW(1.0),"Passenger cars, by type of motor energy and size of engine",A,Annual,NR,Number,DIE,Diesel,CC_GE2000,2 000 cm³ or over,ES,Spain,2016,,1600000,,i,value imputed by Eurostat or other receiving agencies,,
dataflow,ESTAT:ROAD_EQS_CARMOT$DEFAULTVIEW(1.0),"Passenger cars, by type of motor energy and size of engine",A,Annual,NR,Number,DIE,Diesel,CC_GE2000,2 000 cm³ or over,ES,Spain,2017,,2342584,,,,,
dataflow,ESTAT:ROAD_EQS_CARMOT$DEFAULTVIEW(1.0),"Passenger cars, by type of motor energy and size of engine",A,Annual,NR,Number,DIE,Diesel,CC_GE2000,2 000 cm³ or over,ES,Spain,2018,,2369745,,,,,
dataflow,ESTAT:ROAD_EQS_CARMOT$DEFAULTVIEW(1.0),"Passenger cars, by type of motor energy and size of engine",A,Annual,NR,Number,DIE,Diesel,CC_GE2000,2 000 cm³ or over,ES,Spain,2019,,2378381,,,,,
dataflow,ESTAT:ROAD_EQS_CARMOT$DEFAULTVIEW(1.0),"Passenger cars, by type of motor energy and size of engine",A,Annual,NR,Number,DIE,Diesel,CC_GE2000,2 000 cm³ or over,ES,Spain,2020,,2372141,,,,,
dataflow,ESTAT:ROAD_EQS_CARMOT$DEFAULTVIEW(1.0),"Passenger cars, by type of motor energy and size of engine",A,Annual,NR,Number,DIE,Diesel,CC_GE2000,2 000 cm³ or over,ES,Spain,2021,,2361991,,,,,
dataflow,ESTAT:ROAD_EQS_CARMOT$DEFAULTVIEW(1.0),"Passenger cars, by type of motor energy and size of engine",A,Annual,NR,Number,DIE,Diesel,CC_GE2000,2 000 cm³ or over,ES,Spain,2022,,2351606,,,,,
dataflow,ESTAT:ROAD_EQS_CARMOT$DEFAULTVIEW(1.0),"Passenger cars, by type of motor energy and size of engine",A,Annual,NR,Number,DIE,Diesel,CC_GE2000,2 000 cm³ or over,ES,Spain,2023,,2335037,,,,,
dataflow,ESTAT:ROAD_EQS_CARMOT$DEFAULTVIEW(1.0),"Passenger cars, by type of motor energy and size of engine",A,Annual,NR,Number,DIE,Diesel,CC_GE2000,2 000 cm³ or over,ES,Spain,2024,,2311887,,,,,
dataflow,ESTAT:ROAD_EQS_CARMOT$DEFAULTVIEW(1.0),"Passenger cars, by type of motor energy and size of engine",A,Annual,NR,Number,DIE,Diesel,CC_GE2000,2 000 cm³ or over,FI,Finland,2015,,303158,,,,,
dataflow,ESTAT:ROAD_EQS_CARMOT$DEFAULTVIEW(1.0),"Passenger cars, by type of motor energy and size of engine",A,Annual,NR,Number,DIE,Diesel,CC_GE2000,2 000 cm³ or over,FI,Finland,2016,,318571,,,,,
dataflow,ESTAT:ROAD_EQS_CARMOT$DEFAULTVIEW(1.0),"Passenger cars, by type of motor energy and size of engine",A,Annual,NR,Number,DIE,Diesel,CC_GE2000,2 000 cm³ or over,FI,Finland,2017,,330928,,,,,
dataflow,ESTAT:ROAD_EQS_CARMOT$DEFAULTVIEW(1.0),"Passenger cars, by type of motor energy and size of engine",A,Annual,NR,Number,DIE,Diesel,CC_GE2000,2 000 cm³ or over,FI,Finland,2018,,343934,,,,,
dataflow,ESTAT:ROAD_EQS_CARMOT$DEFAULTVIEW(1.0),"Passenger cars, by type of motor energy and size of engine",A,Annual,NR,Number,DIE,Diesel,CC_GE2000,2 000 cm³ or over,FI,Finland,2019,,354752,,,,,
dataflow,ESTAT:ROAD_EQS_CARMOT$DEFAULTVIEW(1.0),"Passenger cars, by type of motor energy and size of engine",A,Annual,NR,Number,DIE,Diesel,CC_GE2000,2 000 cm³ or over,FI,Finland,2020,,361719,,,,,
dataflow,ESTAT:ROAD_EQS_CARMOT$DEFAULTVIEW(1.0),"Passenger cars, by type of motor energy and size of engine",A,Annual,NR,Number,DIE,Diesel,CC_GE2000,2 000 cm³ or over,FI,Finland,2021,,365188,,,,,
dataflow,ESTAT:ROAD_EQS_CARMOT$DEFAULTVIEW(1.0),"Passenger cars, by type of motor energy and size of engine",A,Annual,NR,Number,DIE,Diesel,CC_GE2000,2 000 cm³ or over,FI,Finland,2022,,362845,,,,,
dataflow,ESTAT:ROAD_EQS_CARMOT$DEFAULTVIEW(1.0),"Passenger cars, by type of motor energy and size of engine",A,Annual,NR,Number,DIE,Diesel,CC_GE2000,2 000 cm³ or over,FI,Finland,2023,,358251,,,,,
dataflow,ESTAT:ROAD_EQS_CARMOT$DEFAULTVIEW(1.0),"Passenger cars, by type of motor energy and size of engine",A,Annual,NR,Number,DIE,Diesel,CC_GE2000,2 000 cm³ or over,FI,Finland,2024,,353942,,,,,
dataflow,ESTAT:ROAD_EQS_CARMOT$DEFAULTVIEW(1.0),"Passenger cars, by type of motor energy and size of engine",A,Annual,NR,Number,DIE,Diesel,CC_GE2000,2 000 cm³ or over,FR,France,2015,,1923653,,,,,
dataflow,ESTAT:ROAD_EQS_CARMOT$DEFAULTVIEW(1.0),"Passenger cars, by type of motor energy and size of engine",A,Annual,NR,Number,DIE,Diesel,CC_GE2000,2 000 cm³ or over,FR,France,2016,,1954413,,,,,
dataflow,ESTAT:ROAD_EQS_CARMOT$DEFAULTVIEW(1.0),"Passenger cars, by type of motor energy and size of engine",A,Annual,NR,Number,DIE,Diesel,CC_GE2000,2 000 cm³ or over,FR,France,2017,,1958961,,,,,
dataflow,ESTAT:ROAD_EQS_CARMOT$DEFAULTVIEW(1.0),"Passenger cars, by type of motor energy and size of engine",A,Annual,NR,Number,DIE,Diesel,CC_GE2000,2 000 cm³ or over,FR,France,2018,,1926611,,,,,
dataflow,ESTAT:ROAD_EQS_CARMOT$DEFAULTVIEW(1.0),"Passenger cars, by type of motor energy and size of engine",A,Annual,NR,Number,DIE,Diesel,CC_GE2000,2 000 cm³ or over,FR,France,2019,,1881603,,,,,
dataflow,ESTAT:ROAD_EQS_CARMOT$DEFAULTVIEW(1.0),"Passenger cars, by type of motor energy and size of engine",A,Annual,NR,Number,DIE,Diesel,CC_GE2000,2 000 cm³ or over,FR,France,2020,,1820662,,,,,
dataflow,ESTAT:ROAD_EQS_CARMOT$DEFAULTVIEW(1.0),"Passenger cars, by type of motor energy and size of engine",A,Annual,NR,Number,DIE,Diesel,CC_GE2000,2 000 cm³ or over,FR,France,2021,,1756008,,,,,
dataflow,ESTAT:ROAD_EQS_CARMOT$DEFAULTVIEW(1.0),"Passenger cars, by type of motor energy and size of engine",A,Annual,NR,Number,DIE,Diesel,CC_GE2000,2 000 cm³ or over,FR,France,2022,,1680666,,,,,
dataflow,ESTAT:ROAD_EQS_CARMOT$DEFAULTVIEW(1.0),"Passenger cars, by type of motor energy and size of engine",A,Annual,NR,Number,DIE,Diesel,CC_GE2000,2 000 cm³ or over,FR,France,2023,,1616434,,,,,
dataflow,ESTAT:ROAD_EQS_CARMOT$DEFAULTVIEW(1.0),"Passenger cars, by type of motor energy and size of engine",A,Annual,NR,Number,DIE,Diesel,CC_GE2000,2 000 cm³ or over,FR,France,2024,,1551733,,,,,
dataflow,ESTAT:ROAD_EQS_CARMOT$DEFAULTVIEW(1.0),"Passenger cars, by type of motor energy and size of engine",A,Annual,NR,Number,DIE,Diesel,CC_GE2000,2 000 cm³ or over,GE,Georgia,2017,,53194,,,,,
dataflow,ESTAT:ROAD_EQS_CARMOT$DEFAULTVIEW(1.0),"Passenger cars, by type of motor energy and size of engine",A,Annual,NR,Number,DIE,Diesel,CC_GE2000,2 000 cm³ or over,GE,Georgia,2018,,64311,,,,,
dataflow,ESTAT:ROAD_EQS_CARMOT$DEFAULTVIEW(1.0),"Passenger cars, by type of motor energy and size of engine",A,Annual,NR,Number,DIE,Diesel,CC_GE2000,2 000 cm³ or over,GE,Georgia,2019,,75939,,,,,
dataflow,ESTAT:ROAD_EQS_CARMOT$DEFAULTVIEW(1.0),"Passenger cars, by type of motor energy and size of engine",A,Annual,NR,Number,DIE,Diesel,CC_GE2000,2 000 cm³ or over,GE,Georgia,2020,,97631,,,,,
dataflow,ESTAT:ROAD_EQS_CARMOT$DEFAULTVIEW(1.0),"Passenger cars, by type of motor energy and size of engine",A,Annual,NR,Number,DIE,Diesel,CC_GE2000,2 000 cm³ or over,GE,Georgia,2021,,101617,,,,,
dataflow,ESTAT:ROAD_EQS_CARMOT$DEFAULTVIEW(1.0),"Passenger cars, by type of motor energy and size of engine",A,Annual,NR,Number,DIE,Diesel,CC_GE2000,2 000 cm³ or over,GE,Georgia,2022,,110830,,,,,
dataflow,ESTAT:ROAD_EQS_CARMOT$DEFAULTVIEW(1.0),"Passenger cars, by type of motor energy and size of engine",A,Annual,NR,Number,DIE,Diesel,CC_GE2000,2 000 cm³ or over,GE,Georgia,2023,,118795,,,,,
dataflow,ESTAT:ROAD_EQS_CARMOT$DEFAULTVIEW(1.0),"Passenger cars, by type of motor energy and size of engine",A,Annual,NR,Number,DIE,Diesel,CC_GE2000,2 000 cm³ or over,GE,Georgia,2024,,127513,,,,,
dataflow,ESTAT:ROAD_EQS_CARMOT$DEFAULTVIEW(1.0),"Passenger cars, by type of motor energy and size of engine",A,Annual,NR,Number,DIE,Diesel,CC_GE2000,2 000 cm³ or over,HR,Croatia,2015,,91895,,,,,
dataflow,ESTAT:ROAD_EQS_CARMOT$DEFAULTVIEW(1.0),"Passenger cars, by type of motor energy and size of engine",A,Annual,NR,Number,DIE,Diesel,CC_GE2000,2 000 cm³ or over,HR,Croatia,2016,,97576,,,,,
dataflow,ESTAT:ROAD_EQS_CARMOT$DEFAULTVIEW(1.0),"Passenger cars, by type of motor energy and size of engine",A,Annual,NR,Number,DIE,Diesel,CC_GE2000,2 000 cm³ or over,HR,Croatia,2017,,100444,,,,,
dataflow,ESTAT:ROAD_EQS_CARMOT$DEFAULTVIEW(1.0),"Passenger cars, by type of motor energy and size of engine",A,Annual,NR,Number,DIE,Diesel,CC_GE2000,2 000 cm³ or over,HR,Croatia,2018,,105260,,,,,
dataflow,ESTAT:ROAD_EQS_CARMOT$DEFAULTVIEW(1.0),"Passenger cars, by type of motor energy and size of engine",A,Annual,NR,Number,DIE,Diesel,CC_GE2000,2 000 cm³ or over,HR,Croatia,2019,,109034,,,,,
dataflow,ESTAT:ROAD_EQS_CARMOT$DEFAULTVIEW(1.0),"Passenger cars, by type of motor energy and size of engine",A,Annual,NR,Number,DIE,Diesel,CC_GE2000,2 000 cm³ or over,HR,Croatia,2020,,110311,,,,,
dataflow,ESTAT:ROAD_EQS_CARMOT$DEFAULTVIEW(1.0),"Passenger cars, by type of motor energy and size of engine",A,Annual,NR,Number,DIE,Diesel,CC_GE2000,2 000 cm³ or over,HR,Croatia,2021,,112765,,,,,
dataflow,ESTAT:ROAD_EQS_CARMOT$DEFAULTVIEW(1.0),"Passenger cars, by type of motor energy and size of engine",A,Annual,NR,Number,DIE,Diesel,CC_GE2000,2 000 cm³ or over,HR,Croatia,2022,,114210,,,,,
dataflow,ESTAT:ROAD_EQS_CARMOT$DEFAULTVIEW(1.0),"Passenger cars, by type of motor energy and size of engine",A,Annual,NR,Number,DIE,Diesel,CC_GE2000,2 000 cm³ or over,HR,Croatia,2023,,116186,,,,,
dataflow,ESTAT:ROAD_EQS_CARMOT$DEFAULTVIEW(1.0),"Passenger cars, by type of motor energy and size of engine",A,Annual,NR,Number,DIE,Diesel,CC_GE2000,2 000 cm³ or over,HR,Croatia,2024,,118503,,,,,
dataflow,ESTAT:ROAD_EQS_CARMOT$DEFAULTVIEW(1.0),"Passenger cars, by type of motor energy and size of engine",A,Annual,NR,Number,DIE,Diesel,CC_GE2000,2 000 cm³ or over,HU,Hungary,2015,,179689,,,,,
dataflow,ESTAT:ROAD_EQS_CARMOT$DEFAULTVIEW(1.0),"Passenger cars, by type of motor energy and size of engine",A,Annual,NR,Number,DIE,Diesel,CC_GE2000,2 000 cm³ or over,HU,Hungary,2016,,197032,,,,,
dataflow,ESTAT:ROAD_EQS_CARMOT$DEFAULTVIEW(1.0),"Passenger cars, by type of motor energy and size of engine",A,Annual,NR,Number,DIE,Diesel,CC_GE2000,2 000 cm³ or over,HU,Hungary,2017,,215689,,,,,
dataflow,ESTAT:ROAD_EQS_CARMOT$DEFAULTVIEW(1.0),"Passenger cars, by type of motor energy and size of engine",A,Annual,NR,Number,DIE,Diesel,CC_GE2000,2 000 cm³ or over,HU,Hungary,2018,,233796,,,,,
dataflow,ESTAT:ROAD_EQS_CARMOT$DEFAULTVIEW(1.0),"Passenger cars, by type of motor energy and size of engine",A,Annual,NR,Number,DIE,Diesel,CC_GE2000,2 000 cm³ or over,HU,Hungary,2019,,250310,,,,,
dataflow,ESTAT:ROAD_EQS_CARMOT$DEFAULTVIEW(1.0),"Passenger cars, by type of motor energy and size of engine",A,Annual,NR,Number,DIE,Diesel,CC_GE2000,2 000 cm³ or over,HU,Hungary,2020,,259544,,,,,
dataflow,ESTAT:ROAD_EQS_CARMOT$DEFAULTVIEW(1.0),"Passenger cars, by type of motor energy and size of engine",A,Annual,NR,Number,DIE,Diesel,CC_GE2000,2 000 cm³ or over,HU,Hungary,2021,,266576,,,,,
dataflow,ESTAT:ROAD_EQS_CARMOT$DEFAULTVIEW(1.0),"Passenger cars, by type of motor energy and size of engine",A,Annual,NR,Number,DIE,Diesel,CC_GE2000,2 000 cm³ or over,HU,Hungary,2022,,271216,,,,,
dataflow,ESTAT:ROAD_EQS_CARMOT$DEFAULTVIEW(1.0),"Passenger cars, by type of motor energy and size of engine",A,Annual,NR,Number,DIE,Diesel,CC_GE2000,2 000 cm³ or over,HU,Hungary,2023,,275028,,,,,
dataflow,ESTAT:ROAD_EQS_CARMOT$DEFAULTVIEW(1.0),"Passenger cars, by type of motor energy and size of engine",A,Annual,NR,Number,DIE,Diesel,CC_GE2000,2 000 cm³ or over,HU,Hungary,2024,,288092,,,,,
dataflow,ESTAT:ROAD_EQS_CARMOT$DEFAULTVIEW(1.0),"Passenger cars, by type of motor energy and size of engine",A,Annual,NR,Number,DIE,Diesel,CC_GE2000,2 000 cm³ or over,IE,Ireland,2015,,104960,,,,,
dataflow,ESTAT:ROAD_EQS_CARMOT$DEFAULTVIEW(1.0),"Passenger cars, by type of motor energy and size of engine",A,Annual,NR,Number,DIE,Diesel,CC_GE2000,2 000 cm³ or over,IE,Ireland,2016,,107730,,,,,
dataflow,ESTAT:ROAD_EQS_CARMOT$DEFAULTVIEW(1.0),"Passenger cars, by type of motor energy and size of engine",A,Annual,NR,Number,DIE,Diesel,CC_GE2000,2 000 cm³ or over,IE,Ireland,2017,,113530,,,,,
dataflow,ESTAT:ROAD_EQS_CARMOT$DEFAULTVIEW(1.0),"Passenger cars, by type of motor energy and size of engine",A,Annual,NR,Number,DIE,Diesel,CC_GE2000,2 000 cm³ or over,IE,Ireland,2018,,118500,,,,,
dataflow,ESTAT:ROAD_EQS_CARMOT$DEFAULTVIEW(1.0),"Passenger cars, by type of motor energy and size of engine",A,Annual,NR,Number,DIE,Diesel,CC_GE2000,2 000 cm³ or over,IE,Ireland,2019,,125020,,,,,
dataflow,ESTAT:ROAD_EQS_CARMOT$DEFAULTVIEW(1.0),"Passenger cars, by type of motor energy and size of engine",A,Annual,NR,Number,DIE,Diesel,CC_GE2000,2 000 cm³ or over,IE,Ireland,2020,,126830,,,,,
dataflow,ESTAT:ROAD_EQS_CARMOT$DEFAULTVIEW(1.0),"Passenger cars, by type of motor energy and size of engine",A,Annual,NR,Number,DIE,Diesel,CC_GE2000,2 000 cm³ or over,IE,Ireland,2021,,125110,,,,,
dataflow,ESTAT:ROAD_EQS_CARMOT$DEFAULTVIEW(1.0),"Passenger cars, by type of motor energy and size of engine",A,Annual,NR,Number,DIE,Diesel,CC_GE2000,2 000 cm³ or over,IE,Ireland,2022,,121500,,,,,
dataflow,ESTAT:ROAD_EQS_CARMOT$DEFAULTVIEW(1.0),"Passenger cars, by type of motor energy and size of engine",A,Annual,NR,Number,DIE,Diesel,CC_GE2000,2 000 cm³ or over,IE,Ireland,2023,,120250,,,,,
dataflow,ESTAT:ROAD_EQS_CARMOT$DEFAULTVIEW(1.0),"Passenger cars, by type of motor energy and size of engine",A,Annual,NR,Number,DIE,Diesel,CC_GE2000,2 000 cm³ or over,IT,Italy,2015,,2094505,,,,,
dataflow,ESTAT:ROAD_EQS_CARMOT$DEFAULTVIEW(1.0),"Passenger cars, by type of motor energy and size of engine",A,Annual,NR,Number,DIE,Diesel,CC_GE2000,2 000 cm³ or over,IT,Italy,2016,,2083342,,,,,
dataflow,ESTAT:ROAD_EQS_CARMOT$DEFAULTVIEW(1.0),"Passenger cars, by type of motor energy and size of engine",A,Annual,NR,Number,DIE,Diesel,CC_GE2000,2 000 cm³ or over,IT,Italy,2017,,2078628,,,,,
dataflow,ESTAT:ROAD_EQS_CARMOT$DEFAULTVIEW(1.0),"Passenger cars, by type of motor energy and size of engine",A,Annual,NR,Number,DIE,Diesel,CC_GE2000,2 000 cm³ or over,IT,Italy,2018,,2062025,,,,,
dataflow,ESTAT:ROAD_EQS_CARMOT$DEFAULTVIEW(1.0),"Passenger cars, by type of motor energy and size of engine",A,Annual,NR,Number,DIE,Diesel,CC_GE2000,2 000 cm³ or over,IT,Italy,2019,,2024191,,,,,
dataflow,ESTAT:ROAD_EQS_CARMOT$DEFAULTVIEW(1.0),"Passenger cars, by type of motor energy and size of engine",A,Annual,NR,Number,DIE,Diesel,CC_GE2000,2 000 cm³ or over,IT,Italy,2020,,1967671,,,,,
dataflow,ESTAT:ROAD_EQS_CARMOT$DEFAULTVIEW(1.0),"Passenger cars, by type of motor energy and size of engine",A,Annual,NR,Number,DIE,Diesel,CC_GE2000,2 000 cm³ or over,IT,Italy,2021,,1967671,,,,,
dataflow,ESTAT:ROAD_EQS_CARMOT$DEFAULTVIEW(1.0),"Passenger cars, by type of motor energy and size of engine",A,Annual,NR,Number,DIE,Diesel,CC_GE2000,2 000 cm³ or over,IT,Italy,2022,,7046033,,,,,
dataflow,ESTAT:ROAD_EQS_CARMOT$DEFAULTVIEW(1.0),"Passenger cars, by type of motor energy and size of engine",A,Annual,NR,Number,DIE,Diesel,CC_GE2000,2 000 cm³ or over,IT,Italy,2023,,1858625,,,,,
dataflow,ESTAT:ROAD_EQS_CARMOT$DEFAULTVIEW(1.0),"Passenger cars, by type of motor energy and size of engine",A,Annual,NR,Number,DIE,Diesel,CC_GE2000,2 000 cm³ or over,IT,Italy,2024,,1858625,,,,,
dataflow,ESTAT:ROAD_EQS_CARMOT$DEFAULTVIEW(1.0),"Passenger cars, by type of motor energy and size of engine",A,Annual,NR,Number,DIE,Diesel,CC_GE2000,2 000 cm³ or over,LI,Liechtenstein,2015,,3575,,,,,
dataflow,ESTAT:ROAD_EQS_CARMOT$DEFAULTVIEW(1.0),"Passenger cars, by type of motor energy and size of engine",A,Annual,NR,Number,DIE,Diesel,CC_GE2000,2 000 cm³ or over,LI,Liechtenstein,2016,,3725,,,,,
dataflow,ESTAT:ROAD_EQS_CARMOT$DEFAULTVIEW(1.0),"Passenger cars, by type of motor energy and size of engine",A,Annual,NR,Number,DIE,Diesel,CC_GE2000,2 000 cm³ or over,LI,Liechtenstein,2017,,3891,,,,,
dataflow,ESTAT:ROAD_EQS_CARMOT$DEFAULTVIEW(1.0),"Passenger cars, by type of motor energy and size of engine",A,Annual,NR,Number,DIE,Diesel,CC_GE2000,2 000 cm³ or over,LI,Liechtenstein,2018,,3836,,,,,
dataflow,ESTAT:ROAD_EQS_CARMOT$DEFAULTVIEW(1.0),"Passenger cars, by type of motor energy and size of engine",A,Annual,NR,Number,DIE,Diesel,CC_GE2000,2 000 cm³ or over,LI,Liechtenstein,2019,,3800,,,,,
dataflow,ESTAT:ROAD_EQS_CARMOT$DEFAULTVIEW(1.0),"Passenger cars, by type of motor energy and size of engine",A,Annual,NR,Number,DIE,Diesel,CC_GE2000,2 000 cm³ or over,LI,Liechtenstein,2020,,3660,,,,,
dataflow,ESTAT:ROAD_EQS_CARMOT$DEFAULTVIEW(1.0),"Passenger cars, by type of motor energy and size of engine",A,Annual,NR,Number,DIE,Diesel,CC_GE2000,2 000 cm³ or over,LI,Liechtenstein,2021,,3509,,,,,
dataflow,ESTAT:ROAD_EQS_CARMOT$DEFAULTVIEW(1.0),"Passenger cars, by type of motor energy and size of engine",A,Annual,NR,Number,DIE,Diesel,CC_GE2000,2 000 cm³ or over,LI,Liechtenstein,2022,,3384,,,,,
dataflow,ESTAT:ROAD_EQS_CARMOT$DEFAULTVIEW(1.0),"Passenger cars, by type of motor energy and size of engine",A,Annual,NR,Number,DIE,Diesel,CC_GE2000,2 000 cm³ or over,LI,Liechtenstein,2023,,3247,,,,,
dataflow,ESTAT:ROAD_EQS_CARMOT$DEFAULTVIEW(1.0),"Passenger cars, by type of motor energy and size of engine",A,Annual,NR,Number,DIE,Diesel,CC_GE2000,2 000 cm³ or over,LI,Liechtenstein,2024,,3052,,,,,
dataflow,ESTAT:ROAD_EQS_CARMOT$DEFAULTVIEW(1.0),"Passenger cars, by type of motor energy and size of engine",A,Annual,NR,Number,DIE,Diesel,CC_GE2000,2 000 cm³ or over,LT,Lithuania,2022,,364417,,,,,
dataflow,ESTAT:ROAD_EQS_CARMOT$DEFAULTVIEW(1.0),"Passenger cars, by type of motor energy and size of engine",A,Annual,NR,Number,DIE,Diesel,CC_GE2000,2 000 cm³ or over,LT,Lithuania,2023,,362954,,,,,
dataflow,ESTAT:ROAD_EQS_CARMOT$DEFAULTVIEW(1.0),"Passenger cars, by type of motor energy and size of engine",A,Annual,NR,Number,DIE,Diesel,CC_GE2000,2 000 cm³ or over,LT,Lithuania,2024,,361096,,,,,
dataflow,ESTAT:ROAD_EQS_CARMOT$DEFAULTVIEW(1.0),"Passenger cars, by type of motor energy and size of engine",A,Annual,NR,Number,DIE,Diesel,CC_GE2000,2 000 cm³ or over,LU,Luxembourg,2017,,57899,,,,,
dataflow,ESTAT:ROAD_EQS_CARMOT$DEFAULTVIEW(1.0),"Passenger cars, by type of motor energy and size of engine",A,Annual,NR,Number,DIE,Diesel,CC_GE2000,2 000 cm³ or over,LU,Luxembourg,2018,,56305,,,,,
dataflow,ESTAT:ROAD_EQS_CARMOT$DEFAULTVIEW(1.0),"Passenger cars, by type of motor energy and size of engine",A,Annual,NR,Number,DIE,Diesel,CC_GE2000,2 000 cm³ or over,LU,Luxembourg,2019,,53766,,,,,
dataflow,ESTAT:ROAD_EQS_CARMOT$DEFAULTVIEW(1.0),"Passenger cars, by type of motor energy and size of engine",A,Annual,NR,Number,DIE,Diesel,CC_GE2000,2 000 cm³ or over,LU,Luxembourg,2020,,50231,,,,,
dataflow,ESTAT:ROAD_EQS_CARMOT$DEFAULTVIEW(1.0),"Passenger cars, by type of motor energy and size of engine",A,Annual,NR,Number,DIE,Diesel,CC_GE2000,2 000 cm³ or over,LU,Luxembourg,2021,,46552,,,,,
dataflow,ESTAT:ROAD_EQS_CARMOT$DEFAULTVIEW(1.0),"Passenger cars, by type of motor energy and size of engine",A,Annual,NR,Number,DIE,Diesel,CC_GE2000,2 000 cm³ or over,LU,Luxembourg,2022,,42381,,i,value imputed by Eurostat or other receiving agencies,,
dataflow,ESTAT:ROAD_EQS_CARMOT$DEFAULTVIEW(1.0),"Passenger cars, by type of motor energy and size of engine",A,Annual,NR,Number,DIE,Diesel,CC_GE2000,2 000 cm³ or over,LU,Luxembourg,2023,,39099,,,,,
dataflow,ESTAT:ROAD_EQS_CARMOT$DEFAULTVIEW(1.0),"Passenger cars, by type of motor energy and size of engine",A,Annual,NR,Number,DIE,Diesel,CC_GE2000,2 000 cm³ or over,LU,Luxembourg,2024,,36017,,,,,
dataflow,ESTAT:ROAD_EQS_CARMOT$DEFAULTVIEW(1.0),"Passenger cars, by type of motor energy and size of engine",A,Annual,NR,Number,DIE,Diesel,CC_GE2000,2 000 cm³ or over,LV,Latvia,2015,,126551,,,,,
dataflow,ESTAT:ROAD_EQS_CARMOT$DEFAULTVIEW(1.0),"Passenger cars, by type of motor energy and size of engine",A,Annual,NR,Number,DIE,Diesel,CC_GE2000,2 000 cm³ or over,LV,Latvia,2016,,136241,,,,,
dataflow,ESTAT:ROAD_EQS_CARMOT$DEFAULTVIEW(1.0),"Passenger cars, by type of motor energy and size of engine",A,Annual,NR,Number,DIE,Diesel,CC_GE2000,2 000 cm³ or over,LV,Latvia,2017,,150653,,,,,
dataflow,ESTAT:ROAD_EQS_CARMOT$DEFAULTVIEW(1.0),"Passenger cars, by type of motor energy and size of engine",A,Annual,NR,Number,DIE,Diesel,CC_GE2000,2 000 cm³ or over,LV,Latvia,2018,,163114,,,,,
dataflow,ESTAT:ROAD_EQS_CARMOT$DEFAULTVIEW(1.0),"Passenger cars, by type of motor energy and size of engine",A,Annual,NR,Number,DIE,Diesel,CC_GE2000,2 000 cm³ or over,LV,Latvia,2019,,175024,,,,,
dataflow,ESTAT:ROAD_EQS_CARMOT$DEFAULTVIEW(1.0),"Passenger cars, by type of motor energy and size of engine",A,Annual,NR,Number,DIE,Diesel,CC_GE2000,2 000 cm³ or over,LV,Latvia,2020,,183908,,,,,
dataflow,ESTAT:ROAD_EQS_CARMOT$DEFAULTVIEW(1.0),"Passenger cars, by type of motor energy and size of engine",A,Annual,NR,Number,DIE,Diesel,CC_GE2000,2 000 cm³ or over,LV,Latvia,2021,,194175,,,,,
dataflow,ESTAT:ROAD_EQS_CARMOT$DEFAULTVIEW(1.0),"Passenger cars, by type of motor energy and size of engine",A,Annual,NR,Number,DIE,Diesel,CC_GE2000,2 000 cm³ or over,LV,Latvia,2022,,198663,,,,,
dataflow,ESTAT:ROAD_EQS_CARMOT$DEFAULTVIEW(1.0),"Passenger cars, by type of motor energy and size of engine",A,Annual,NR,Number,DIE,Diesel,CC_GE2000,2 000 cm³ or over,LV,Latvia,2023,,202067,,,,,
dataflow,ESTAT:ROAD_EQS_CARMOT$DEFAULTVIEW(1.0),"Passenger cars, by type of motor energy and size of engine",A,Annual,NR,Number,DIE,Diesel,CC_GE2000,2 000 cm³ or over,LV,Latvia,2024,,202673,,,,,
dataflow,ESTAT:ROAD_EQS_CARMOT$DEFAULTVIEW(1.0),"Passenger cars, by type of motor energy and size of engine",A,Annual,NR,Number,DIE,Diesel,CC_GE2000,2 000 cm³ or over,MD,Moldova,2015,,31564,,,,,
dataflow,ESTAT:ROAD_EQS_CARMOT$DEFAULTVIEW(1.0),"Passenger cars, by type of motor energy and size of engine",A,Annual,NR,Number,DIE,Diesel,CC_GE2000,2 000 cm³ or over,MD,Moldova,2016,,33203,,,,,
dataflow,ESTAT:ROAD_EQS_CARMOT$DEFAULTVIEW(1.0),"Passenger cars, by type of motor energy and size of engine",A,Annual,NR,Number,DIE,Diesel,CC_GE2000,2 000 cm³ or over,MD,Moldova,2017,,40840,,,,,
dataflow,ESTAT:ROAD_EQS_CARMOT$DEFAULTVIEW(1.0),"Passenger cars, by type of motor energy and size of engine",A,Annual,NR,Number,DIE,Diesel,CC_GE2000,2 000 cm³ or over,MD,Moldova,2018,,43519,,,,,
dataflow,ESTAT:ROAD_EQS_CARMOT$DEFAULTVIEW(1.0),"Passenger cars, by type of motor energy and size of engine",A,Annual,NR,Number,DIE,Diesel,CC_GE2000,2 000 cm³ or over,MD,Moldova,2019,,45972,,,,,
dataflow,ESTAT:ROAD_EQS_CARMOT$DEFAULTVIEW(1.0),"Passenger cars, by type of motor energy and size of engine",A,Annual,NR,Number,DIE,Diesel,CC_GE2000,2 000 cm³ or over,MD,Moldova,2020,,48038,,,,,
dataflow,ESTAT:ROAD_EQS_CARMOT$DEFAULTVIEW(1.0),"Passenger cars, by type of motor energy and size of engine",A,Annual,NR,Number,DIE,Diesel,CC_GE2000,2 000 cm³ or over,MD,Moldova,2021,,51495,,,,,
dataflow,ESTAT:ROAD_EQS_CARMOT$DEFAULTVIEW(1.0),"Passenger cars, by type of motor energy and size of engine",A,Annual,NR,Number,DIE,Diesel,CC_GE2000,2 000 cm³ or over,MD,Moldova,2022,,53451,,,,,
dataflow,ESTAT:ROAD_EQS_CARMOT$DEFAULTVIEW(1.0),"Passenger cars, by type of motor energy and size of engine",A,Annual,NR,Number,DIE,Diesel,CC_GE2000,2 000 cm³ or over,MD,Moldova,2023,,58414,,,,,
dataflow,ESTAT:ROAD_EQS_CARMOT$DEFAULTVIEW(1.0),"Passenger cars, by type of motor energy and size of engine",A,Annual,NR,Number,DIE,Diesel,CC_GE2000,2 000 cm³ or over,MD,Moldova,2024,,62504,,,,,
dataflow,ESTAT:ROAD_EQS_CARMOT$DEFAULTVIEW(1.0),"Passenger cars, by type of motor energy and size of engine",A,Annual,NR,Number,DIE,Diesel,CC_GE2000,2 000 cm³ or over,ME,Montenegro,2016,,17754,,,,,
dataflow,ESTAT:ROAD_EQS_CARMOT$DEFAULTVIEW(1.0),"Passenger cars, by type of motor energy and size of engine",A,Annual,NR,Number,DIE,Diesel,CC_GE2000,2 000 cm³ or over,ME,Montenegro,2017,,19012,,,,,
dataflow,ESTAT:ROAD_EQS_CARMOT$DEFAULTVIEW(1.0),"Passenger cars, by type of motor energy and size of engine",A,Annual,NR,Number,DIE,Diesel,CC_GE2000,2 000 cm³ or over,ME,Montenegro,2018,,20589,,,,,
dataflow,ESTAT:ROAD_EQS_CARMOT$DEFAULTVIEW(1.0),"Passenger cars, by type of motor energy and size of engine",A,Annual,NR,Number,DIE,Diesel,CC_GE2000,2 000 cm³ or over,ME,Montenegro,2019,,21644,,,,,
dataflow,ESTAT:ROAD_EQS_CARMOT$DEFAULTVIEW(1.0),"Passenger cars, by type of motor energy and size of engine",A,Annual,NR,Number,DIE,Diesel,CC_GE2000,2 000 cm³ or over,ME,Montenegro,2020,,20356,,,,,
dataflow,ESTAT:ROAD_EQS_CARMOT$DEFAULTVIEW(1.0),"Passenger cars, by type of motor energy and size of engine",A,Annual,NR,Number,DIE,Diesel,CC_GE2000,2 000 cm³ or over,ME,Montenegro,2021,,21954,,,,,
dataflow,ESTAT:ROAD_EQS_CARMOT$DEFAULTVIEW(1.0),"Passenger cars, by type of motor energy and size of engine",A,Annual,NR,Number,DIE,Diesel,CC_GE2000,2 000 cm³ or over,ME,Montenegro,2022,,22493,,,,,
dataflow,ESTAT:ROAD_EQS_CARMOT$DEFAULTVIEW(1.0),"Passenger cars, by type of motor energy and size of engine",A,Annual,NR,Number,DIE,Diesel,CC_GE2000,2 000 cm³ or over,ME,Montenegro,2023,,23982,,,,,
dataflow,ESTAT:ROAD_EQS_CARMOT$DEFAULTVIEW(1.0),"Passenger cars, by type of motor energy and size of engine",A,Annual,NR,Number,DIE,Diesel,CC_GE2000,2 000 cm³ or over,ME,Montenegro,2024,,39806,,,,,
dataflow,ESTAT:ROAD_EQS_CARMOT$DEFAULTVIEW(1.0),"Passenger cars, by type of motor energy and size of engine",A,Annual,NR,Number,DIE,Diesel,CC_GE2000,2 000 cm³ or over,MT,Malta,2015,,11891,,,,,
dataflow,ESTAT:ROAD_EQS_CARMOT$DEFAULTVIEW(1.0),"Passenger cars, by type of motor energy and size of engine",A,Annual,NR,Number,DIE,Diesel,CC_GE2000,2 000 cm³ or over,MT,Malta,2016,,12526,,,,,
dataflow,ESTAT:ROAD_EQS_CARMOT$DEFAULTVIEW(1.0),"Passenger cars, by type of motor energy and size of engine",A,Annual,NR,Number,DIE,Diesel,CC_GE2000,2 000 cm³ or over,MT,Malta,2017,,13263,,,,,
dataflow,ESTAT:ROAD_EQS_CARMOT$DEFAULTVIEW(1.0),"Passenger cars, by type of motor energy and size of engine",A,Annual,NR,Number,DIE,Diesel,CC_GE2000,2 000 cm³ or over,MT,Malta,2018,,13947,,,,,
dataflow,ESTAT:ROAD_EQS_CARMOT$DEFAULTVIEW(1.0),"Passenger cars, by type of motor energy and size of engine",A,Annual,NR,Number,DIE,Diesel,CC_GE2000,2 000 cm³ or over,MT,Malta,2019,,14766,,,,,
dataflow,ESTAT:ROAD_EQS_CARMOT$DEFAULTVIEW(1.0),"Passenger cars, by type of motor energy and size of engine",A,Annual,NR,Number,DIE,Diesel,CC_GE2000,2 000 cm³ or over,MT,Malta,2020,,15109,,,,,
dataflow,ESTAT:ROAD_EQS_CARMOT$DEFAULTVIEW(1.0),"Passenger cars, by type of motor energy and size of engine",A,Annual,NR,Number,DIE,Diesel,CC_GE2000,2 000 cm³ or over,MT,Malta,2021,,15319,,,,,
dataflow,ESTAT:ROAD_EQS_CARMOT$DEFAULTVIEW(1.0),"Passenger cars, by type of motor energy and size of engine",A,Annual,NR,Number,DIE,Diesel,CC_GE2000,2 000 cm³ or over,MT,Malta,2022,,15289,,,,,
dataflow,ESTAT:ROAD_EQS_CARMOT$DEFAULTVIEW(1.0),"Passenger cars, by type of motor energy and size of engine",A,Annual,NR,Number,DIE,Diesel,CC_GE2000,2 000 cm³ or over,MT,Malta,2023,,15222,,,,,
dataflow,ESTAT:ROAD_EQS_CARMOT$DEFAULTVIEW(1.0),"Passenger cars, by type of motor energy and size of engine",A,Annual,NR,Number,DIE,Diesel,CC_GE2000,2 000 cm³ or over,MT,Malta,2024,,15100,,,,,
dataflow,ESTAT:ROAD_EQS_CARMOT$DEFAULTVIEW(1.0),"Passenger cars, by type of motor energy and size of engine",A,Annual,NR,Number,DIE,Diesel,CC_GE2000,2 000 cm³ or over,NL,Netherlands,2015,,301174,,,,,
dataflow,ESTAT:ROAD_EQS_CARMOT$DEFAULTVIEW(1.0),"Passenger cars, by type of motor energy and size of engine",A,Annual,NR,Number,DIE,Diesel,CC_GE2000,2 000 cm³ or over,NL,Netherlands,2016,,300292,,,,,
dataflow,ESTAT:ROAD_EQS_CARMOT$DEFAULTVIEW(1.0),"Passenger cars, by type of motor energy and size of engine",A,Annual,NR,Number,DIE,Diesel,CC_GE2000,2 000 cm³ or over,NL,Netherlands,2017,,300541,,,,,
dataflow,ESTAT:ROAD_EQS_CARMOT$DEFAULTVIEW(1.0),"Passenger cars, by type of motor energy and size of engine",A,Annual,NR,Number,DIE,Diesel,CC_GE2000,2 000 cm³ or over,NL,Netherlands,2018,,291507,,,,,
dataflow,ESTAT:ROAD_EQS_CARMOT$DEFAULTVIEW(1.0),"Passenger cars, by type of motor energy and size of engine",A,Annual,NR,Number,DIE,Diesel,CC_GE2000,2 000 cm³ or over,NL,Netherlands,2019,,285666,,,,,
dataflow,ESTAT:ROAD_EQS_CARMOT$DEFAULTVIEW(1.0),"Passenger cars, by type of motor energy and size of engine",A,Annual,NR,Number,DIE,Diesel,CC_GE2000,2 000 cm³ or over,NL,Netherlands,2020,,275101,,,,,
dataflow,ESTAT:ROAD_EQS_CARMOT$DEFAULTVIEW(1.0),"Passenger cars, by type of motor energy and size of engine",A,Annual,NR,Number,DIE,Diesel,CC_GE2000,2 000 cm³ or over,NL,Netherlands,2021,,272104,,,,,
dataflow,ESTAT:ROAD_EQS_CARMOT$DEFAULTVIEW(1.0),"Passenger cars, by type of motor energy and size of engine",A,Annual,NR,Number,DIE,Diesel,CC_GE2000,2 000 cm³ or over,NL,Netherlands,2022,,263772,,,,,
dataflow,ESTAT:ROAD_EQS_CARMOT$DEFAULTVIEW(1.0),"Passenger cars, by type of motor energy and size of engine",A,Annual,NR,Number,DIE,Diesel,CC_GE2000,2 000 cm³ or over,NL,Netherlands,2023,,254765,,,,,
dataflow,ESTAT:ROAD_EQS_CARMOT$DEFAULTVIEW(1.0),"Passenger cars, by type of motor energy and size of engine",A,Annual,NR,Number,DIE,Diesel,CC_GE2000,2 000 cm³ or over,NL,Netherlands,2024,,243219,,,,,
dataflow,ESTAT:ROAD_EQS_CARMOT$DEFAULTVIEW(1.0),"Passenger cars, by type of motor energy and size of engine",A,Annual,NR,Number,DIE,Diesel,CC_GE2000,2 000 cm³ or over,NO,Norway,2016,,370403,,,,,
dataflow,ESTAT:ROAD_EQS_CARMOT$DEFAULTVIEW(1.0),"Passenger cars, by type of motor energy and size of engine",A,Annual,NR,Number,DIE,Diesel,CC_GE2000,2 000 cm³ or over,NO,Norway,2017,,376211,,,,,
dataflow,ESTAT:ROAD_EQS_CARMOT$DEFAULTVIEW(1.0),"Passenger cars, by type of motor energy and size of engine",A,Annual,NR,Number,DIE,Diesel,CC_GE2000,2 000 cm³ or over,NO,Norway,2018,,375885,,,,,
dataflow,ESTAT:ROAD_EQS_CARMOT$DEFAULTVIEW(1.0),"Passenger cars, by type of motor energy and size of engine",A,Annual,NR,Number,DIE,Diesel,CC_GE2000,2 000 cm³ or over,NO,Norway,2019,,372545,,,,,
dataflow,ESTAT:ROAD_EQS_CARMOT$DEFAULTVIEW(1.0),"Passenger cars, by type of motor energy and size of engine",A,Annual,NR,Number,DIE,Diesel,CC_GE2000,2 000 cm³ or over,NO,Norway,2020,,404407,,,,,
dataflow,ESTAT:ROAD_EQS_CARMOT$DEFAULTVIEW(1.0),"Passenger cars, by type of motor energy and size of engine",A,Annual,NR,Number,DIE,Diesel,CC_GE2000,2 000 cm³ or over,NO,Norway,2021,,394956,,,,,
dataflow,ESTAT:ROAD_EQS_CARMOT$DEFAULTVIEW(1.0),"Passenger cars, by type of motor energy and size of engine",A,Annual,NR,Number,DIE,Diesel,CC_GE2000,2 000 cm³ or over,NO,Norway,2022,,376193,,,,,
dataflow,ESTAT:ROAD_EQS_CARMOT$DEFAULTVIEW(1.0),"Passenger cars, by type of motor energy and size of engine",A,Annual,NR,Number,DIE,Diesel,CC_GE2000,2 000 cm³ or over,NO,Norway,2023,,336113,,,,,
dataflow,ESTAT:ROAD_EQS_CARMOT$DEFAULTVIEW(1.0),"Passenger cars, by type of motor energy and size of engine",A,Annual,NR,Number,DIE,Diesel,CC_GE2000,2 000 cm³ or over,NO,Norway,2024,,323222,,,,,
dataflow,ESTAT:ROAD_EQS_CARMOT$DEFAULTVIEW(1.0),"Passenger cars, by type of motor energy and size of engine",A,Annual,NR,Number,DIE,Diesel,CC_GE2000,2 000 cm³ or over,PT,Portugal,2015,,436704,,,,,
dataflow,ESTAT:ROAD_EQS_CARMOT$DEFAULTVIEW(1.0),"Passenger cars, by type of motor energy and size of engine",A,Annual,NR,Number,DIE,Diesel,CC_GE2000,2 000 cm³ or over,PT,Portugal,2016,,445468,,,,,
dataflow,ESTAT:ROAD_EQS_CARMOT$DEFAULTVIEW(1.0),"Passenger cars, by type of motor energy and size of engine",A,Annual,NR,Number,DIE,Diesel,CC_GE2000,2 000 cm³ or over,PT,Portugal,2017,,458516,,,,,
dataflow,ESTAT:ROAD_EQS_CARMOT$DEFAULTVIEW(1.0),"Passenger cars, by type of motor energy and size of engine",A,Annual,NR,Number,DIE,Diesel,CC_GE2000,2 000 cm³ or over,PT,Portugal,2018,,470207,,,,,
dataflow,ESTAT:ROAD_EQS_CARMOT$DEFAULTVIEW(1.0),"Passenger cars, by type of motor energy and size of engine",A,Annual,NR,Number,DIE,Diesel,CC_GE2000,2 000 cm³ or over,PT,Portugal,2019,,457137,,,,,
dataflow,ESTAT:ROAD_EQS_CARMOT$DEFAULTVIEW(1.0),"Passenger cars, by type of motor energy and size of engine",A,Annual,NR,Number,DIE,Diesel,CC_GE2000,2 000 cm³ or over,PT,Portugal,2020,,475552,,,,,
dataflow,ESTAT:ROAD_EQS_CARMOT$DEFAULTVIEW(1.0),"Passenger cars, by type of motor energy and size of engine",A,Annual,NR,Number,DIE,Diesel,CC_GE2000,2 000 cm³ or over,PT,Portugal,2021,,473767,,,,,
dataflow,ESTAT:ROAD_EQS_CARMOT$DEFAULTVIEW(1.0),"Passenger cars, by type of motor energy and size of engine",A,Annual,NR,Number,DIE,Diesel,CC_GE2000,2 000 cm³ or over,PT,Portugal,2022,,474726,,,,,
dataflow,ESTAT:ROAD_EQS_CARMOT$DEFAULTVIEW(1.0),"Passenger cars, by type of motor energy and size of engine",A,Annual,NR,Number,DIE,Diesel,CC_GE2000,2 000 cm³ or over,PT,Portugal,2023,,461161,,,,,
dataflow,ESTAT:ROAD_EQS_CARMOT$DEFAULTVIEW(1.0),"Passenger cars, by type of motor energy and size of engine",A,Annual,NR,Number,DIE,Diesel,CC_GE2000,2 000 cm³ or over,PT,Portugal,2024,,468839,,,,,
dataflow,ESTAT:ROAD_EQS_CARMOT$DEFAULTVIEW(1.0),"Passenger cars, by type of motor energy and size of engine",A,Annual,NR,Number,DIE,Diesel,CC_GE2000,2 000 cm³ or over,RO,Romania,2015,,275148,,,,,
dataflow,ESTAT:ROAD_EQS_CARMOT$DEFAULTVIEW(1.0),"Passenger cars, by type of motor energy and size of engine",A,Annual,NR,Number,DIE,Diesel,CC_GE2000,2 000 cm³ or over,RO,Romania,2016,,292828,,,,,
dataflow,ESTAT:ROAD_EQS_CARMOT$DEFAULTVIEW(1.0),"Passenger cars, by type of motor energy and size of engine",A,Annual,NR,Number,DIE,Diesel,CC_GE2000,2 000 cm³ or over,RO,Romania,2017,,346916,,,,,
dataflow,ESTAT:ROAD_EQS_CARMOT$DEFAULTVIEW(1.0),"Passenger cars, by type of motor energy and size of engine",A,Annual,NR,Number,DIE,Diesel,CC_GE2000,2 000 cm³ or over,RO,Romania,2018,,402611,,,,,
dataflow,ESTAT:ROAD_EQS_CARMOT$DEFAULTVIEW(1.0),"Passenger cars, by type of motor energy and size of engine",A,Annual,NR,Number,DIE,Diesel,CC_GE2000,2 000 cm³ or over,RO,Romania,2019,,455456,,,,,
dataflow,ESTAT:ROAD_EQS_CARMOT$DEFAULTVIEW(1.0),"Passenger cars, by type of motor energy and size of engine",A,Annual,NR,Number,DIE,Diesel,CC_GE2000,2 000 cm³ or over,RO,Romania,2020,,500344,,,,,
dataflow,ESTAT:ROAD_EQS_CARMOT$DEFAULTVIEW(1.0),"Passenger cars, by type of motor energy and size of engine",A,Annual,NR,Number,DIE,Diesel,CC_GE2000,2 000 cm³ or over,RO,Romania,2021,,540272,,,,,
dataflow,ESTAT:ROAD_EQS_CARMOT$DEFAULTVIEW(1.0),"Passenger cars, by type of motor energy and size of engine",A,Annual,NR,Number,DIE,Diesel,CC_GE2000,2 000 cm³ or over,RO,Romania,2022,,569667,,,,,
dataflow,ESTAT:ROAD_EQS_CARMOT$DEFAULTVIEW(1.0),"Passenger cars, by type of motor energy and size of engine",A,Annual,NR,Number,DIE,Diesel,CC_GE2000,2 000 cm³ or over,RO,Romania,2023,,591253,,,,,
dataflow,ESTAT:ROAD_EQS_CARMOT$DEFAULTVIEW(1.0),"Passenger cars, by type of motor energy and size of engine",A,Annual,NR,Number,DIE,Diesel,CC_GE2000,2 000 cm³ or over,RO,Romania,2024,,616022,,,,,
dataflow,ESTAT:ROAD_EQS_CARMOT$DEFAULTVIEW(1.0),"Passenger cars, by type of motor energy and size of engine",A,Annual,NR,Number,DIE,Diesel,CC_GE2000,2 000 cm³ or over,RS,Serbia,2019,,73522,,,,,
dataflow,ESTAT:ROAD_EQS_CARMOT$DEFAULTVIEW(1.0),"Passenger cars, by type of motor energy and size of engine",A,Annual,NR,Number,DIE,Diesel,CC_GE2000,2 000 cm³ or over,RS,Serbia,2020,,74968,,,,,
dataflow,ESTAT:ROAD_EQS_CARMOT$DEFAULTVIEW(1.0),"Passenger cars, by type of motor energy and size of engine",A,Annual,NR,Number,DIE,Diesel,CC_GE2000,2 000 cm³ or over,RS,Serbia,2021,,78305,,,,,
dataflow,ESTAT:ROAD_EQS_CARMOT$DEFAULTVIEW(1.0),"Passenger cars, by type of motor energy and size of engine",A,Annual,NR,Number,DIE,Diesel,CC_GE2000,2 000 cm³ or over,RS,Serbia,2022,,85162,,,,,
dataflow,ESTAT:ROAD_EQS_CARMOT$DEFAULTVIEW(1.0),"Passenger cars, by type of motor energy and size of engine",A,Annual,NR,Number,DIE,Diesel,CC_GE2000,2 000 cm³ or over,RS,Serbia,2023,,88691,,,,,
dataflow,ESTAT:ROAD_EQS_CARMOT$DEFAULTVIEW(1.0),"Passenger cars, by type of motor energy and size of engine",A,Annual,NR,Number,DIE,Diesel,CC_GE2000,2 000 cm³ or over,RS,Serbia,2024,,93549,,,,,
dataflow,ESTAT:ROAD_EQS_CARMOT$DEFAULTVIEW(1.0),"Passenger cars, by type of motor energy and size of engine",A,Annual,NR,Number,DIE,Diesel,CC_GE2000,2 000 cm³ or over,SE,Sweden,2015,,367368,,,,,
dataflow,ESTAT:ROAD_EQS_CARMOT$DEFAULTVIEW(1.0),"Passenger cars, by type of motor energy and size of engine",A,Annual,NR,Number,DIE,Diesel,CC_GE2000,2 000 cm³ or over,SE,Sweden,2016,,408400,,,,,
dataflow,ESTAT:ROAD_EQS_CARMOT$DEFAULTVIEW(1.0),"Passenger cars, by type of motor energy and size of engine",A,Annual,NR,Number,DIE,Diesel,CC_GE2000,2 000 cm³ or over,SE,Sweden,2017,,429230,,,,,
dataflow,ESTAT:ROAD_EQS_CARMOT$DEFAULTVIEW(1.0),"Passenger cars, by type of motor energy and size of engine",A,Annual,NR,Number,DIE,Diesel,CC_GE2000,2 000 cm³ or over,SE,Sweden,2018,,426489,,,,,
dataflow,ESTAT:ROAD_EQS_CARMOT$DEFAULTVIEW(1.0),"Passenger cars, by type of motor energy and size of engine",A,Annual,NR,Number,DIE,Diesel,CC_GE2000,2 000 cm³ or over,SE,Sweden,2019,,414083,,,,,
dataflow,ESTAT:ROAD_EQS_CARMOT$DEFAULTVIEW(1.0),"Passenger cars, by type of motor energy and size of engine",A,Annual,NR,Number,DIE,Diesel,CC_GE2000,2 000 cm³ or over,SE,Sweden,2020,,405427,,,,,
dataflow,ESTAT:ROAD_EQS_CARMOT$DEFAULTVIEW(1.0),"Passenger cars, by type of motor energy and size of engine",A,Annual,NR,Number,DIE,Diesel,CC_GE2000,2 000 cm³ or over,SE,Sweden,2021,,392630,,,,,
dataflow,ESTAT:ROAD_EQS_CARMOT$DEFAULTVIEW(1.0),"Passenger cars, by type of motor energy and size of engine",A,Annual,NR,Number,DIE,Diesel,CC_GE2000,2 000 cm³ or over,SE,Sweden,2022,,374181,,,,,
dataflow,ESTAT:ROAD_EQS_CARMOT$DEFAULTVIEW(1.0),"Passenger cars, by type of motor energy and size of engine",A,Annual,NR,Number,DIE,Diesel,CC_GE2000,2 000 cm³ or over,SE,Sweden,2023,,360861,,,,,
dataflow,ESTAT:ROAD_EQS_CARMOT$DEFAULTVIEW(1.0),"Passenger cars, by type of motor energy and size of engine",A,Annual,NR,Number,DIE,Diesel,CC_GE2000,2 000 cm³ or over,SE,Sweden,2024,,350688,,,,,
dataflow,ESTAT:ROAD_EQS_CARMOT$DEFAULTVIEW(1.0),"Passenger cars, by type of motor energy and size of engine",A,Annual,NR,Number,DIE,Diesel,CC_GE2000,2 000 cm³ or over,SI,Slovenia,2015,,67360,,,,,
dataflow,ESTAT:ROAD_EQS_CARMOT$DEFAULTVIEW(1.0),"Passenger cars, by type of motor energy and size of engine",A,Annual,NR,Number,DIE,Diesel,CC_GE2000,2 000 cm³ or over,SI,Slovenia,2016,,68517,,,,,
dataflow,ESTAT:ROAD_EQS_CARMOT$DEFAULTVIEW(1.0),"Passenger cars, by type of motor energy and size of engine",A,Annual,NR,Number,DIE,Diesel,CC_GE2000,2 000 cm³ or over,SI,Slovenia,2017,,69541,,,,,
dataflow,ESTAT:ROAD_EQS_CARMOT$DEFAULTVIEW(1.0),"Passenger cars, by type of motor energy and size of engine",A,Annual,NR,Number,DIE,Diesel,CC_GE2000,2 000 cm³ or over,SI,Slovenia,2018,,70594,,,,,
dataflow,ESTAT:ROAD_EQS_CARMOT$DEFAULTVIEW(1.0),"Passenger cars, by type of motor energy and size of engine",A,Annual,NR,Number,DIE,Diesel,CC_GE2000,2 000 cm³ or over,SI,Slovenia,2019,,71581,,,,,
dataflow,ESTAT:ROAD_EQS_CARMOT$DEFAULTVIEW(1.0),"Passenger cars, by type of motor energy and size of engine",A,Annual,NR,Number,DIE,Diesel,CC_GE2000,2 000 cm³ or over,SI,Slovenia,2020,,71526,,,,,
dataflow,ESTAT:ROAD_EQS_CARMOT$DEFAULTVIEW(1.0),"Passenger cars, by type of motor energy and size of engine",A,Annual,NR,Number,DIE,Diesel,CC_GE2000,2 000 cm³ or over,SI,Slovenia,2021,,73602,,,,,
dataflow,ESTAT:ROAD_EQS_CARMOT$DEFAULTVIEW(1.0),"Passenger cars, by type of motor energy and size of engine",A,Annual,NR,Number,DIE,Diesel,CC_GE2000,2 000 cm³ or over,SI,Slovenia,2022,,74030,,,,,
dataflow,ESTAT:ROAD_EQS_CARMOT$DEFAULTVIEW(1.0),"Passenger cars, by type of motor energy and size of engine",A,Annual,NR,Number,DIE,Diesel,CC_GE2000,2 000 cm³ or over,SI,Slovenia,2023,,74028,,b,break in time series,,
dataflow,ESTAT:ROAD_EQS_CARMOT$DEFAULTVIEW(1.0),"Passenger cars, by type of motor energy and size of engine",A,Annual,NR,Number,DIE,Diesel,CC_GE2000,2 000 cm³ or over,SI,Slovenia,2024,,73032,,,,,
dataflow,ESTAT:ROAD_EQS_CARMOT$DEFAULTVIEW(1.0),"Passenger cars, by type of motor energy and size of engine",A,Annual,NR,Number,DIE,Diesel,CC_GE2000,2 000 cm³ or over,TR,Türkiye,2015,,160176,,,,,
dataflow,ESTAT:ROAD_EQS_CARMOT$DEFAULTVIEW(1.0),"Passenger cars, by type of motor energy and size of engine",A,Annual,NR,Number,DIE,Diesel,CC_GE2000,2 000 cm³ or over,TR,Türkiye,2016,,167307,,,,,
dataflow,ESTAT:ROAD_EQS_CARMOT$DEFAULTVIEW(1.0),"Passenger cars, by type of motor energy and size of engine",A,Annual,NR,Number,DIE,Diesel,CC_GE2000,2 000 cm³ or over,TR,Türkiye,2017,,172137,,,,,
dataflow,ESTAT:ROAD_EQS_CARMOT$DEFAULTVIEW(1.0),"Passenger cars, by type of motor energy and size of engine",A,Annual,NR,Number,DIE,Diesel,CC_GE2000,2 000 cm³ or over,TR,Türkiye,2018,,174046,,,,,
dataflow,ESTAT:ROAD_EQS_CARMOT$DEFAULTVIEW(1.0),"Passenger cars, by type of motor energy and size of engine",A,Annual,NR,Number,DIE,Diesel,CC_GE2000,2 000 cm³ or over,TR,Türkiye,2019,,175495,,,,,
dataflow,ESTAT:ROAD_EQS_CARMOT$DEFAULTVIEW(1.0),"Passenger cars, by type of motor energy and size of engine",A,Annual,NR,Number,DIE,Diesel,CC_GE2000,2 000 cm³ or over,TR,Türkiye,2020,,178288,,,,,
dataflow,ESTAT:ROAD_EQS_CARMOT$DEFAULTVIEW(1.0),"Passenger cars, by type of motor energy and size of engine",A,Annual,NR,Number,DIE,Diesel,CC_GE2000,2 000 cm³ or over,TR,Türkiye,2021,,189470,,,,,
dataflow,ESTAT:ROAD_EQS_CARMOT$DEFAULTVIEW(1.0),"Passenger cars, by type of motor energy and size of engine",A,Annual,NR,Number,DIE,Diesel,CC_GE2000,2 000 cm³ or over,TR,Türkiye,2022,,194821,,,,,
dataflow,ESTAT:ROAD_EQS_CARMOT$DEFAULTVIEW(1.0),"Passenger cars, by type of motor energy and size of engine",A,Annual,NR,Number,DIE,Diesel,CC_GE2000,2 000 cm³ or over,TR,Türkiye,2023,,201971,,,,,
dataflow,ESTAT:ROAD_EQS_CARMOT$DEFAULTVIEW(1.0),"Passenger cars, by type of motor energy and size of engine",A,Annual,NR,Number,DIE,Diesel,CC_GE2000,2 000 cm³ or over,TR,Türkiye,2024,,205646,,,,,
dataflow,ESTAT:ROAD_EQS_CARMOT$DEFAULTVIEW(1.0),"Passenger cars, by type of motor energy and size of engine",A,Annual,NR,Number,DIE,Diesel,CC_GE2000,2 000 cm³ or over,UK,United Kingdom,2015,,2782182,,,,,
dataflow,ESTAT:ROAD_EQS_CARMOT$DEFAULTVIEW(1.0),"Passenger cars, by type of motor energy and size of engine",A,Annual,NR,Number,DIE,Diesel,CC_GE2000,2 000 cm³ or over,UK,United Kingdom,2016,,2742685,,,,,
dataflow,ESTAT:ROAD_EQS_CARMOT$DEFAULTVIEW(1.0),"Passenger cars, by type of motor energy and size of engine",A,Annual,NR,Number,DIE,Diesel,CC_GE2000,2 000 cm³ or over,UK,United Kingdom,2017,,2789520,,,,,
dataflow,ESTAT:ROAD_EQS_CARMOT$DEFAULTVIEW(1.0),"Passenger cars, by type of motor energy and size of engine",A,Annual,NR,Number,DIE,Diesel,CC_GE2000,2 000 cm³ or over,UK,United Kingdom,2018,,2789556,,,,,
dataflow,ESTAT:ROAD_EQS_CARMOT$DEFAULTVIEW(1.0),"Passenger cars, by type of motor energy and size of engine",A,Annual,NR,Number,DIE,Diesel,CC_GE2000,2 000 cm³ or over,UK,United Kingdom,2021,,2563455,,,,,
dataflow,ESTAT:ROAD_EQS_CARMOT$DEFAULTVIEW(1.0),"Passenger cars, by type of motor energy and size of engine",A,Annual,NR,Number,DIE,Diesel,CC_GE2000,2 000 cm³ or over,UK,United Kingdom,2022,,2475624,,,,,
dataflow,ESTAT:ROAD_EQS_CARMOT$DEFAULTVIEW(1.0),"Passenger cars, by type of motor energy and size of engine",A,Annual,NR,Number,DIE,Diesel,CC_GE2000,2 000 cm³ or over,UK,United Kingdom,2023,,2362252,,,,,
dataflow,ESTAT:ROAD_EQS_CARMOT$DEFAULTVIEW(1.0),"Passenger cars, by type of motor energy and size of engine",A,Annual,NR,Number,DIE,Diesel,CC_GE2000,2 000 cm³ or over,UK,United Kingdom,2024,,2242772,,,,,
dataflow,ESTAT:ROAD_EQS_CARMOT$DEFAULTVIEW(1.0),"Passenger cars, by type of motor energy and size of engine",A,Annual,NR,Number,DIE,Diesel,CC_GE2000,2 000 cm³ or over,XK,Kosovo*,2019,,51071,,,,,
dataflow,ESTAT:ROAD_EQS_CARMOT$DEFAULTVIEW(1.0),"Passenger cars, by type of motor energy and size of engine",A,Annual,NR,Number,DIE,Diesel,CC_GE2000,2 000 cm³ or over,XK,Kosovo*,2021,,53535,,,,,
dataflow,ESTAT:ROAD_EQS_CARMOT$DEFAULTVIEW(1.0),"Passenger cars, by type of motor energy and size of engine",A,Annual,NR,Number,DIE,Diesel,CC_LT1400,Less than 1 400 cm³,AL,Albania,2021,,29964,,,,,
dataflow,ESTAT:ROAD_EQS_CARMOT$DEFAULTVIEW(1.0),"Passenger cars, by type of motor energy and size of engine",A,Annual,NR,Number,DIE,Diesel,CC_LT1400,Less than 1 400 cm³,AL,Albania,2022,,33889,,,,,
dataflow,ESTAT:ROAD_EQS_CARMOT$DEFAULTVIEW(1.0),"Passenger cars, by type of motor energy and size of engine",A,Annual,NR,Number,DIE,Diesel,CC_LT1400,Less than 1 400 cm³,AL,Albania,2023,,38444,,,,,
dataflow,ESTAT:ROAD_EQS_CARMOT$DEFAULTVIEW(1.0),"Passenger cars, by type of motor energy and size of engine",A,Annual,NR,Number,DIE,Diesel,CC_LT1400,Less than 1 400 cm³,AL,Albania,2024,,42910,,,,,
dataflow,ESTAT:ROAD_EQS_CARMOT$DEFAULTVIEW(1.0),"Passenger cars, by type of motor energy and size of engine",A,Annual,NR,Number,DIE,Diesel,CC_LT1400,Less than 1 400 cm³,AT,Austria,2015,,107687,,,,,
dataflow,ESTAT:ROAD_EQS_CARMOT$DEFAULTVIEW(1.0),"Passenger cars, by type of motor energy and size of engine",A,Annual,NR,Number,DIE,Diesel,CC_LT1400,Less than 1 400 cm³,AT,Austria,2016,,106585,,,,,
dataflow,ESTAT:ROAD_EQS_CARMOT$DEFAULTVIEW(1.0),"Passenger cars, by type of motor energy and size of engine",A,Annual,NR,Number,DIE,Diesel,CC_LT1400,Less than 1 400 cm³,AT,Austria,2017,,102632,,,,,
dataflow,ESTAT:ROAD_EQS_CARMOT$DEFAULTVIEW(1.0),"Passenger cars, by type of motor energy and size of engine",A,Annual,NR,Number,DIE,Diesel,CC_LT1400,Less than 1 400 cm³,AT,Austria,2018,,96590,,,,,
dataflow,ESTAT:ROAD_EQS_CARMOT$DEFAULTVIEW(1.0),"Passenger cars, by type of motor energy and size of engine",A,Annual,NR,Number,DIE,Diesel,CC_LT1400,Less than 1 400 cm³,AT,Austria,2019,,89960,,,,,
dataflow,ESTAT:ROAD_EQS_CARMOT$DEFAULTVIEW(1.0),"Passenger cars, by type of motor energy and size of engine",A,Annual,NR,Number,DIE,Diesel,CC_LT1400,Less than 1 400 cm³,AT,Austria,2020,,83778,,,,,
dataflow,ESTAT:ROAD_EQS_CARMOT$DEFAULTVIEW(1.0),"Passenger cars, by type of motor energy and size of engine",A,Annual,NR,Number,DIE,Diesel,CC_LT1400,Less than 1 400 cm³,AT,Austria,2021,,76922,,,,,
dataflow,ESTAT:ROAD_EQS_CARMOT$DEFAULTVIEW(1.0),"Passenger cars, by type of motor energy and size of engine",A,Annual,NR,Number,DIE,Diesel,CC_LT1400,Less than 1 400 cm³,AT,Austria,2022,,71058,,,,,
dataflow,ESTAT:ROAD_EQS_CARMOT$DEFAULTVIEW(1.0),"Passenger cars, by type of motor energy and size of engine",A,Annual,NR,Number,DIE,Diesel,CC_LT1400,Less than 1 400 cm³,AT,Austria,2023,,65501,,,,,
dataflow,ESTAT:ROAD_EQS_CARMOT$DEFAULTVIEW(1.0),"Passenger cars, by type of motor energy and size of engine",A,Annual,NR,Number,DIE,Diesel,CC_LT1400,Less than 1 400 cm³,AT,Austria,2024,,59380,,,,,
dataflow,ESTAT:ROAD_EQS_CARMOT$DEFAULTVIEW(1.0),"Passenger cars, by type of motor energy and size of engine",A,Annual,NR,Number,DIE,Diesel,CC_LT1400,Less than 1 400 cm³,BA,Bosnia and Herzegovina,2015,,14598,,,,,
dataflow,ESTAT:ROAD_EQS_CARMOT$DEFAULTVIEW(1.0),"Passenger cars, by type of motor energy and size of engine",A,Annual,NR,Number,DIE,Diesel,CC_LT1400,Less than 1 400 cm³,BA,Bosnia and Herzegovina,2016,,16472,,,,,
dataflow,ESTAT:ROAD_EQS_CARMOT$DEFAULTVIEW(1.0),"Passenger cars, by type of motor energy and size of engine",A,Annual,NR,Number,DIE,Diesel,CC_LT1400,Less than 1 400 cm³,BA,Bosnia and Herzegovina,2017,,18469,,,,,
dataflow,ESTAT:ROAD_EQS_CARMOT$DEFAULTVIEW(1.0),"Passenger cars, by type of motor energy and size of engine",A,Annual,NR,Number,DIE,Diesel,CC_LT1400,Less than 1 400 cm³,BA,Bosnia and Herzegovina,2018,,20786,,,,,
dataflow,ESTAT:ROAD_EQS_CARMOT$DEFAULTVIEW(1.0),"Passenger cars, by type of motor energy and size of engine",A,Annual,NR,Number,DIE,Diesel,CC_LT1400,Less than 1 400 cm³,BA,Bosnia and Herzegovina,2019,,22675,,,,,
dataflow,ESTAT:ROAD_EQS_CARMOT$DEFAULTVIEW(1.0),"Passenger cars, by type of motor energy and size of engine",A,Annual,NR,Number,DIE,Diesel,CC_LT1400,Less than 1 400 cm³,BA,Bosnia and Herzegovina,2020,,23901,,,,,
dataflow,ESTAT:ROAD_EQS_CARMOT$DEFAULTVIEW(1.0),"Passenger cars, by type of motor energy and size of engine",A,Annual,NR,Number,DIE,Diesel,CC_LT1400,Less than 1 400 cm³,BA,Bosnia and Herzegovina,2021,,26830,,,,,
dataflow,ESTAT:ROAD_EQS_CARMOT$DEFAULTVIEW(1.0),"Passenger cars, by type of motor energy and size of engine",A,Annual,NR,Number,DIE,Diesel,CC_LT1400,Less than 1 400 cm³,BA,Bosnia and Herzegovina,2022,,28976,,,,,
dataflow,ESTAT:ROAD_EQS_CARMOT$DEFAULTVIEW(1.0),"Passenger cars, by type of motor energy and size of engine",A,Annual,NR,Number,DIE,Diesel,CC_LT1400,Less than 1 400 cm³,BA,Bosnia and Herzegovina,2023,,31126,,,,,
dataflow,ESTAT:ROAD_EQS_CARMOT$DEFAULTVIEW(1.0),"Passenger cars, by type of motor energy and size of engine",A,Annual,NR,Number,DIE,Diesel,CC_LT1400,Less than 1 400 cm³,BA,Bosnia and Herzegovina,2024,,32920,,,,,
dataflow,ESTAT:ROAD_EQS_CARMOT$DEFAULTVIEW(1.0),"Passenger cars, by type of motor energy and size of engine",A,Annual,NR,Number,DIE,Diesel,CC_LT1400,Less than 1 400 cm³,BE,Belgium,2015,,374900,,,,,
dataflow,ESTAT:ROAD_EQS_CARMOT$DEFAULTVIEW(1.0),"Passenger cars, by type of motor energy and size of engine",A,Annual,NR,Number,DIE,Diesel,CC_LT1400,Less than 1 400 cm³,BE,Belgium,2016,,349302,,,,,
dataflow,ESTAT:ROAD_EQS_CARMOT$DEFAULTVIEW(1.0),"Passenger cars, by type of motor energy and size of engine",A,Annual,NR,Number,DIE,Diesel,CC_LT1400,Less than 1 400 cm³,BE,Belgium,2017,,320265,,,,,
dataflow,ESTAT:ROAD_EQS_CARMOT$DEFAULTVIEW(1.0),"Passenger cars, by type of motor energy and size of engine",A,Annual,NR,Number,DIE,Diesel,CC_LT1400,Less than 1 400 cm³,BE,Belgium,2018,,286716,,,,,
dataflow,ESTAT:ROAD_EQS_CARMOT$DEFAULTVIEW(1.0),"Passenger cars, by type of motor energy and size of engine",A,Annual,NR,Number,DIE,Diesel,CC_LT1400,Less than 1 400 cm³,BE,Belgium,2019,,253639,,,,,
dataflow,ESTAT:ROAD_EQS_CARMOT$DEFAULTVIEW(1.0),"Passenger cars, by type of motor energy and size of engine",A,Annual,NR,Number,DIE,Diesel,CC_LT1400,Less than 1 400 cm³,BE,Belgium,2020,,222722,,,,,
dataflow,ESTAT:ROAD_EQS_CARMOT$DEFAULTVIEW(1.0),"Passenger cars, by type of motor energy and size of engine",A,Annual,NR,Number,DIE,Diesel,CC_LT1400,Less than 1 400 cm³,BE,Belgium,2021,,193501,,,,,
dataflow,ESTAT:ROAD_EQS_CARMOT$DEFAULTVIEW(1.0),"Passenger cars, by type of motor energy and size of engine",A,Annual,NR,Number,DIE,Diesel,CC_LT1400,Less than 1 400 cm³,BE,Belgium,2022,,168729,,,,,
dataflow,ESTAT:ROAD_EQS_CARMOT$DEFAULTVIEW(1.0),"Passenger cars, by type of motor energy and size of engine",A,Annual,NR,Number,DIE,Diesel,CC_LT1400,Less than 1 400 cm³,BE,Belgium,2023,,145088,,,,,
dataflow,ESTAT:ROAD_EQS_CARMOT$DEFAULTVIEW(1.0),"Passenger cars, by type of motor energy and size of engine",A,Annual,NR,Number,DIE,Diesel,CC_LT1400,Less than 1 400 cm³,BE,Belgium,2024,,124293,,,,,
dataflow,ESTAT:ROAD_EQS_CARMOT$DEFAULTVIEW(1.0),"Passenger cars, by type of motor energy and size of engine",A,Annual,NR,Number,DIE,Diesel,CC_LT1400,Less than 1 400 cm³,CH,Switzerland,2015,,31880,,,,,
dataflow,ESTAT:ROAD_EQS_CARMOT$DEFAULTVIEW(1.0),"Passenger cars, by type of motor energy and size of engine",A,Annual,NR,Number,DIE,Diesel,CC_LT1400,Less than 1 400 cm³,CH,Switzerland,2016,,30949,,,,,
dataflow,ESTAT:ROAD_EQS_CARMOT$DEFAULTVIEW(1.0),"Passenger cars, by type of motor energy and size of engine",A,Annual,NR,Number,DIE,Diesel,CC_LT1400,Less than 1 400 cm³,CH,Switzerland,2017,,29183,,,,,
dataflow,ESTAT:ROAD_EQS_CARMOT$DEFAULTVIEW(1.0),"Passenger cars, by type of motor energy and size of engine",A,Annual,NR,Number,DIE,Diesel,CC_LT1400,Less than 1 400 cm³,CH,Switzerland,2018,,27179,,,,,
dataflow,ESTAT:ROAD_EQS_CARMOT$DEFAULTVIEW(1.0),"Passenger cars, by type of motor energy and size of engine",A,Annual,NR,Number,DIE,Diesel,CC_LT1400,Less than 1 400 cm³,CH,Switzerland,2019,,24944,,,,,
dataflow,ESTAT:ROAD_EQS_CARMOT$DEFAULTVIEW(1.0),"Passenger cars, by type of motor energy and size of engine",A,Annual,NR,Number,DIE,Diesel,CC_LT1400,Less than 1 400 cm³,CH,Switzerland,2020,,23164,,,,,
dataflow,ESTAT:ROAD_EQS_CARMOT$DEFAULTVIEW(1.0),"Passenger cars, by type of motor energy and size of engine",A,Annual,NR,Number,DIE,Diesel,CC_LT1400,Less than 1 400 cm³,CH,Switzerland,2021,,21290,,,,,
dataflow,ESTAT:ROAD_EQS_CARMOT$DEFAULTVIEW(1.0),"Passenger cars, by type of motor energy and size of engine",A,Annual,NR,Number,DIE,Diesel,CC_LT1400,Less than 1 400 cm³,CH,Switzerland,2022,,19647,,,,,
dataflow,ESTAT:ROAD_EQS_CARMOT$DEFAULTVIEW(1.0),"Passenger cars, by type of motor energy and size of engine",A,Annual,NR,Number,DIE,Diesel,CC_LT1400,Less than 1 400 cm³,CH,Switzerland,2023,,18093,,,,,
dataflow,ESTAT:ROAD_EQS_CARMOT$DEFAULTVIEW(1.0),"Passenger cars, by type of motor energy and size of engine",A,Annual,NR,Number,DIE,Diesel,CC_LT1400,Less than 1 400 cm³,CH,Switzerland,2024,,16424,,,,,
dataflow,ESTAT:ROAD_EQS_CARMOT$DEFAULTVIEW(1.0),"Passenger cars, by type of motor energy and size of engine",A,Annual,NR,Number,DIE,Diesel,CC_LT1400,Less than 1 400 cm³,CY,Cyprus,2015,,2906,,,,,
dataflow,ESTAT:ROAD_EQS_CARMOT$DEFAULTVIEW(1.0),"Passenger cars, by type of motor energy and size of engine",A,Annual,NR,Number,DIE,Diesel,CC_LT1400,Less than 1 400 cm³,CY,Cyprus,2016,,3644,,,,,
dataflow,ESTAT:ROAD_EQS_CARMOT$DEFAULTVIEW(1.0),"Passenger cars, by type of motor energy and size of engine",A,Annual,NR,Number,DIE,Diesel,CC_LT1400,Less than 1 400 cm³,CY,Cyprus,2017,,4514,,,,,
dataflow,ESTAT:ROAD_EQS_CARMOT$DEFAULTVIEW(1.0),"Passenger cars, by type of motor energy and size of engine",A,Annual,NR,Number,DIE,Diesel,CC_LT1400,Less than 1 400 cm³,CY,Cyprus,2018,,5417,,,,,
dataflow,ESTAT:ROAD_EQS_CARMOT$DEFAULTVIEW(1.0),"Passenger cars, by type of motor energy and size of engine",A,Annual,NR,Number,DIE,Diesel,CC_LT1400,Less than 1 400 cm³,CY,Cyprus,2019,,5844,,,,,
dataflow,ESTAT:ROAD_EQS_CARMOT$DEFAULTVIEW(1.0),"Passenger cars, by type of motor energy and size of engine",A,Annual,NR,Number,DIE,Diesel,CC_LT1400,Less than 1 400 cm³,CY,Cyprus,2020,,5931,,,,,
dataflow,ESTAT:ROAD_EQS_CARMOT$DEFAULTVIEW(1.0),"Passenger cars, by type of motor energy and size of engine",A,Annual,NR,Number,DIE,Diesel,CC_LT1400,Less than 1 400 cm³,CY,Cyprus,2021,,6008,,,,,
dataflow,ESTAT:ROAD_EQS_CARMOT$DEFAULTVIEW(1.0),"Passenger cars, by type of motor energy and size of engine",A,Annual,NR,Number,DIE,Diesel,CC_LT1400,Less than 1 400 cm³,CY,Cyprus,2022,,5759,,,,,
dataflow,ESTAT:ROAD_EQS_CARMOT$DEFAULTVIEW(1.0),"Passenger cars, by type of motor energy and size of engine",A,Annual,NR,Number,DIE,Diesel,CC_LT1400,Less than 1 400 cm³,CY,Cyprus,2023,,5745,,,,,
dataflow,ESTAT:ROAD_EQS_CARMOT$DEFAULTVIEW(1.0),"Passenger cars, by type of motor energy and size of engine",A,Annual,NR,Number,DIE,Diesel,CC_LT1400,Less than 1 400 cm³,CY,Cyprus,2024,,5691,,,,,
dataflow,ESTAT:ROAD_EQS_CARMOT$DEFAULTVIEW(1.0),"Passenger cars, by type of motor energy and size of engine",A,Annual,NR,Number,DIE,Diesel,CC_LT1400,Less than 1 400 cm³,CZ,Czechia,2023,,42561,,b,break in time series,,
dataflow,ESTAT:ROAD_EQS_CARMOT$DEFAULTVIEW(1.0),"Passenger cars, by type of motor energy and size of engine",A,Annual,NR,Number,DIE,Diesel,CC_LT1400,Less than 1 400 cm³,CZ,Czechia,2024,,40105,,,,,
dataflow,ESTAT:ROAD_EQS_CARMOT$DEFAULTVIEW(1.0),"Passenger cars, by type of motor energy and size of engine",A,Annual,NR,Number,DIE,Diesel,CC_LT1400,Less than 1 400 cm³,DE,Germany,2015,,365000,,,,,
dataflow,ESTAT:ROAD_EQS_CARMOT$DEFAULTVIEW(1.0),"Passenger cars, by type of motor energy and size of engine",A,Annual,NR,Number,DIE,Diesel,CC_LT1400,Less than 1 400 cm³,DE,Germany,2016,,346923,,,,,
dataflow,ESTAT:ROAD_EQS_CARMOT$DEFAULTVIEW(1.0),"Passenger cars, by type of motor energy and size of engine",A,Annual,NR,Number,DIE,Diesel,CC_LT1400,Less than 1 400 cm³,DE,Germany,2017,,317357,,,,,
dataflow,ESTAT:ROAD_EQS_CARMOT$DEFAULTVIEW(1.0),"Passenger cars, by type of motor energy and size of engine",A,Annual,NR,Number,DIE,Diesel,CC_LT1400,Less than 1 400 cm³,DE,Germany,2018,,284487,,,,,
dataflow,ESTAT:ROAD_EQS_CARMOT$DEFAULTVIEW(1.0),"Passenger cars, by type of motor energy and size of engine",A,Annual,NR,Number,DIE,Diesel,CC_LT1400,Less than 1 400 cm³,DE,Germany,2019,,254203,,,,,
dataflow,ESTAT:ROAD_EQS_CARMOT$DEFAULTVIEW(1.0),"Passenger cars, by type of motor energy and size of engine",A,Annual,NR,Number,DIE,Diesel,CC_LT1400,Less than 1 400 cm³,DE,Germany,2020,,230721,,,,,
dataflow,ESTAT:ROAD_EQS_CARMOT$DEFAULTVIEW(1.0),"Passenger cars, by type of motor energy and size of engine",A,Annual,NR,Number,DIE,Diesel,CC_LT1400,Less than 1 400 cm³,DE,Germany,2021,,209984,,,,,
dataflow,ESTAT:ROAD_EQS_CARMOT$DEFAULTVIEW(1.0),"Passenger cars, by type of motor energy and size of engine",A,Annual,NR,Number,DIE,Diesel,CC_LT1400,Less than 1 400 cm³,DE,Germany,2022,,192231,,,,,
dataflow,ESTAT:ROAD_EQS_CARMOT$DEFAULTVIEW(1.0),"Passenger cars, by type of motor energy and size of engine",A,Annual,NR,Number,DIE,Diesel,CC_LT1400,Less than 1 400 cm³,DE,Germany,2023,,175411,,,,,
dataflow,ESTAT:ROAD_EQS_CARMOT$DEFAULTVIEW(1.0),"Passenger cars, by type of motor energy and size of engine",A,Annual,NR,Number,DIE,Diesel,CC_LT1400,Less than 1 400 cm³,DE,Germany,2024,,157932,,,,,
dataflow,ESTAT:ROAD_EQS_CARMOT$DEFAULTVIEW(1.0),"Passenger cars, by type of motor energy and size of engine",A,Annual,NR,Number,DIE,Diesel,CC_LT1400,Less than 1 400 cm³,EE,Estonia,2015,,2925,,,,,
dataflow,ESTAT:ROAD_EQS_CARMOT$DEFAULTVIEW(1.0),"Passenger cars, by type of motor energy and size of engine",A,Annual,NR,Number,DIE,Diesel,CC_LT1400,Less than 1 400 cm³,EE,Estonia,2016,,3066,,,,,
dataflow,ESTAT:ROAD_EQS_CARMOT$DEFAULTVIEW(1.0),"Passenger cars, by type of motor energy and size of engine",A,Annual,NR,Number,DIE,Diesel,CC_LT1400,Less than 1 400 cm³,EE,Estonia,2017,,3146,,,,,
dataflow,ESTAT:ROAD_EQS_CARMOT$DEFAULTVIEW(1.0),"Passenger cars, by type of motor energy and size of engine",A,Annual,NR,Number,DIE,Diesel,CC_LT1400,Less than 1 400 cm³,EE,Estonia,2018,,3253,,,,,
dataflow,ESTAT:ROAD_EQS_CARMOT$DEFAULTVIEW(1.0),"Passenger cars, by type of motor energy and size of engine",A,Annual,NR,Number,DIE,Diesel,CC_LT1400,Less than 1 400 cm³,EE,Estonia,2019,,3376,,,,,
dataflow,ESTAT:ROAD_EQS_CARMOT$DEFAULTVIEW(1.0),"Passenger cars, by type of motor energy and size of engine",A,Annual,NR,Number,DIE,Diesel,CC_LT1400,Less than 1 400 cm³,EE,Estonia,2020,,3409,,,,,
dataflow,ESTAT:ROAD_EQS_CARMOT$DEFAULTVIEW(1.0),"Passenger cars, by type of motor energy and size of engine",A,Annual,NR,Number,DIE,Diesel,CC_LT1400,Less than 1 400 cm³,EE,Estonia,2021,,3444,,,,,
dataflow,ESTAT:ROAD_EQS_CARMOT$DEFAULTVIEW(1.0),"Passenger cars, by type of motor energy and size of engine",A,Annual,NR,Number,DIE,Diesel,CC_LT1400,Less than 1 400 cm³,EE,Estonia,2022,,3518,,,,,
dataflow,ESTAT:ROAD_EQS_CARMOT$DEFAULTVIEW(1.0),"Passenger cars, by type of motor energy and size of engine",A,Annual,NR,Number,DIE,Diesel,CC_LT1400,Less than 1 400 cm³,EE,Estonia,2023,,3511,,,,,
dataflow,ESTAT:ROAD_EQS_CARMOT$DEFAULTVIEW(1.0),"Passenger cars, by type of motor energy and size of engine",A,Annual,NR,Number,DIE,Diesel,CC_LT1400,Less than 1 400 cm³,EE,Estonia,2024,,3398,,,,,
dataflow,ESTAT:ROAD_EQS_CARMOT$DEFAULTVIEW(1.0),"Passenger cars, by type of motor energy and size of engine",A,Annual,NR,Number,DIE,Diesel,CC_LT1400,Less than 1 400 cm³,ES,Spain,2015,,826750,,,,,
dataflow,ESTAT:ROAD_EQS_CARMOT$DEFAULTVIEW(1.0),"Passenger cars, by type of motor energy and size of engine",A,Annual,NR,Number,DIE,Diesel,CC_LT1400,Less than 1 400 cm³,ES,Spain,2016,,842591,,,,,
dataflow,ESTAT:ROAD_EQS_CARMOT$DEFAULTVIEW(1.0),"Passenger cars, by type of motor energy and size of engine",A,Annual,NR,Number,DIE,Diesel,CC_LT1400,Less than 1 400 cm³,ES,Spain,2017,,846796,,,,,
dataflow,ESTAT:ROAD_EQS_CARMOT$DEFAULTVIEW(1.0),"Passenger cars, by type of motor energy and size of engine",A,Annual,NR,Number,DIE,Diesel,CC_LT1400,Less than 1 400 cm³,ES,Spain,2018,,835837,,,,,
dataflow,ESTAT:ROAD_EQS_CARMOT$DEFAULTVIEW(1.0),"Passenger cars, by type of motor energy and size of engine",A,Annual,NR,Number,DIE,Diesel,CC_LT1400,Less than 1 400 cm³,ES,Spain,2019,,818418,,,,,
dataflow,ESTAT:ROAD_EQS_CARMOT$DEFAULTVIEW(1.0),"Passenger cars, by type of motor energy and size of engine",A,Annual,NR,Number,DIE,Diesel,CC_LT1400,Less than 1 400 cm³,ES,Spain,2020,,801999,,,,,
dataflow,ESTAT:ROAD_EQS_CARMOT$DEFAULTVIEW(1.0),"Passenger cars, by type of motor energy and size of engine",A,Annual,NR,Number,DIE,Diesel,CC_LT1400,Less than 1 400 cm³,ES,Spain,2021,,782950,,,,,
dataflow,ESTAT:ROAD_EQS_CARMOT$DEFAULTVIEW(1.0),"Passenger cars, by type of motor energy and size of engine",A,Annual,NR,Number,DIE,Diesel,CC_LT1400,Less than 1 400 cm³,ES,Spain,2022,,764093,,,,,
dataflow,ESTAT:ROAD_EQS_CARMOT$DEFAULTVIEW(1.0),"Passenger cars, by type of motor energy and size of engine",A,Annual,NR,Number,DIE,Diesel,CC_LT1400,Less than 1 400 cm³,ES,Spain,2023,,745687,,,,,
dataflow,ESTAT:ROAD_EQS_CARMOT$DEFAULTVIEW(1.0),"Passenger cars, by type of motor energy and size of engine",A,Annual,NR,Number,DIE,Diesel,CC_LT1400,Less than 1 400 cm³,ES,Spain,2024,,722079,,,,,
dataflow,ESTAT:ROAD_EQS_CARMOT$DEFAULTVIEW(1.0),"Passenger cars, by type of motor energy and size of engine",A,Annual,NR,Number,DIE,Diesel,CC_LT1400,Less than 1 400 cm³,FI,Finland,2015,,14542,,,,,
dataflow,ESTAT:ROAD_EQS_CARMOT$DEFAULTVIEW(1.0),"Passenger cars, by type of motor energy and size of engine",A,Annual,NR,Number,DIE,Diesel,CC_LT1400,Less than 1 400 cm³,FI,Finland,2016,,14462,,,,,
dataflow,ESTAT:ROAD_EQS_CARMOT$DEFAULTVIEW(1.0),"Passenger cars, by type of motor energy and size of engine",A,Annual,NR,Number,DIE,Diesel,CC_LT1400,Less than 1 400 cm³,FI,Finland,2017,,14514,,,,,
dataflow,ESTAT:ROAD_EQS_CARMOT$DEFAULTVIEW(1.0),"Passenger cars, by type of motor energy and size of engine",A,Annual,NR,Number,DIE,Diesel,CC_LT1400,Less than 1 400 cm³,FI,Finland,2018,,14205,,,,,
dataflow,ESTAT:ROAD_EQS_CARMOT$DEFAULTVIEW(1.0),"Passenger cars, by type of motor energy and size of engine",A,Annual,NR,Number,DIE,Diesel,CC_LT1400,Less than 1 400 cm³,FI,Finland,2019,,13891,,,,,
dataflow,ESTAT:ROAD_EQS_CARMOT$DEFAULTVIEW(1.0),"Passenger cars, by type of motor energy and size of engine",A,Annual,NR,Number,DIE,Diesel,CC_LT1400,Less than 1 400 cm³,FI,Finland,2020,,13618,,,,,
dataflow,ESTAT:ROAD_EQS_CARMOT$DEFAULTVIEW(1.0),"Passenger cars, by type of motor energy and size of engine",A,Annual,NR,Number,DIE,Diesel,CC_LT1400,Less than 1 400 cm³,FI,Finland,2021,,13255,,,,,
dataflow,ESTAT:ROAD_EQS_CARMOT$DEFAULTVIEW(1.0),"Passenger cars, by type of motor energy and size of engine",A,Annual,NR,Number,DIE,Diesel,CC_LT1400,Less than 1 400 cm³,FI,Finland,2022,,12850,,,,,
dataflow,ESTAT:ROAD_EQS_CARMOT$DEFAULTVIEW(1.0),"Passenger cars, by type of motor energy and size of engine",A,Annual,NR,Number,DIE,Diesel,CC_LT1400,Less than 1 400 cm³,FI,Finland,2023,,12621,,,,,
dataflow,ESTAT:ROAD_EQS_CARMOT$DEFAULTVIEW(1.0),"Passenger cars, by type of motor energy and size of engine",A,Annual,NR,Number,DIE,Diesel,CC_LT1400,Less than 1 400 cm³,FI,Finland,2024,,12205,,,,,
dataflow,ESTAT:ROAD_EQS_CARMOT$DEFAULTVIEW(1.0),"Passenger cars, by type of motor energy and size of engine",A,Annual,NR,Number,DIE,Diesel,CC_LT1400,Less than 1 400 cm³,FR,France,2015,,5963209,,,,,
dataflow,ESTAT:ROAD_EQS_CARMOT$DEFAULTVIEW(1.0),"Passenger cars, by type of motor energy and size of engine",A,Annual,NR,Number,DIE,Diesel,CC_LT1400,Less than 1 400 cm³,FR,France,2016,,5484354,,,,,
dataflow,ESTAT:ROAD_EQS_CARMOT$DEFAULTVIEW(1.0),"Passenger cars, by type of motor energy and size of engine",A,Annual,NR,Number,DIE,Diesel,CC_LT1400,Less than 1 400 cm³,FR,France,2017,,5021931,,,,,
dataflow,ESTAT:ROAD_EQS_CARMOT$DEFAULTVIEW(1.0),"Passenger cars, by type of motor energy and size of engine",A,Annual,NR,Number,DIE,Diesel,CC_LT1400,Less than 1 400 cm³,FR,France,2018,,4431240,,,,,
dataflow,ESTAT:ROAD_EQS_CARMOT$DEFAULTVIEW(1.0),"Passenger cars, by type of motor energy and size of engine",A,Annual,NR,Number,DIE,Diesel,CC_LT1400,Less than 1 400 cm³,FR,France,2019,,3861634,,,,,
dataflow,ESTAT:ROAD_EQS_CARMOT$DEFAULTVIEW(1.0),"Passenger cars, by type of motor energy and size of engine",A,Annual,NR,Number,DIE,Diesel,CC_LT1400,Less than 1 400 cm³,FR,France,2020,,3445000,,,,,
dataflow,ESTAT:ROAD_EQS_CARMOT$DEFAULTVIEW(1.0),"Passenger cars, by type of motor energy and size of engine",A,Annual,NR,Number,DIE,Diesel,CC_LT1400,Less than 1 400 cm³,FR,France,2021,,3166549,,,,,
dataflow,ESTAT:ROAD_EQS_CARMOT$DEFAULTVIEW(1.0),"Passenger cars, by type of motor energy and size of engine",A,Annual,NR,Number,DIE,Diesel,CC_LT1400,Less than 1 400 cm³,FR,France,2022,,2930188,,,,,
dataflow,ESTAT:ROAD_EQS_CARMOT$DEFAULTVIEW(1.0),"Passenger cars, by type of motor energy and size of engine",A,Annual,NR,Number,DIE,Diesel,CC_LT1400,Less than 1 400 cm³,FR,France,2023,,2727840,,,,,
dataflow,ESTAT:ROAD_EQS_CARMOT$DEFAULTVIEW(1.0),"Passenger cars, by type of motor energy and size of engine",A,Annual,NR,Number,DIE,Diesel,CC_LT1400,Less than 1 400 cm³,FR,France,2024,,2539131,,,,,
dataflow,ESTAT:ROAD_EQS_CARMOT$DEFAULTVIEW(1.0),"Passenger cars, by type of motor energy and size of engine",A,Annual,NR,Number,DIE,Diesel,CC_LT1400,Less than 1 400 cm³,GE,Georgia,2017,,617,,,,,
dataflow,ESTAT:ROAD_EQS_CARMOT$DEFAULTVIEW(1.0),"Passenger cars, by type of motor energy and size of engine",A,Annual,NR,Number,DIE,Diesel,CC_LT1400,Less than 1 400 cm³,GE,Georgia,2018,,913,,,,,
dataflow,ESTAT:ROAD_EQS_CARMOT$DEFAULTVIEW(1.0),"Passenger cars, by type of motor energy and size of engine",A,Annual,NR,Number,DIE,Diesel,CC_LT1400,Less than 1 400 cm³,GE,Georgia,2019,,1349,,,,,
dataflow,ESTAT:ROAD_EQS_CARMOT$DEFAULTVIEW(1.0),"Passenger cars, by type of motor energy and size of engine",A,Annual,NR,Number,DIE,Diesel,CC_LT1400,Less than 1 400 cm³,GE,Georgia,2020,,1638,,,,,
dataflow,ESTAT:ROAD_EQS_CARMOT$DEFAULTVIEW(1.0),"Passenger cars, by type of motor energy and size of engine",A,Annual,NR,Number,DIE,Diesel,CC_LT1400,Less than 1 400 cm³,GE,Georgia,2021,,2941,,,,,
dataflow,ESTAT:ROAD_EQS_CARMOT$DEFAULTVIEW(1.0),"Passenger cars, by type of motor energy and size of engine",A,Annual,NR,Number,DIE,Diesel,CC_LT1400,Less than 1 400 cm³,GE,Georgia,2022,,4326,,,,,
dataflow,ESTAT:ROAD_EQS_CARMOT$DEFAULTVIEW(1.0),"Passenger cars, by type of motor energy and size of engine",A,Annual,NR,Number,DIE,Diesel,CC_LT1400,Less than 1 400 cm³,GE,Georgia,2023,,6682,,,,,
dataflow,ESTAT:ROAD_EQS_CARMOT$DEFAULTVIEW(1.0),"Passenger cars, by type of motor energy and size of engine",A,Annual,NR,Number,DIE,Diesel,CC_LT1400,Less than 1 400 cm³,GE,Georgia,2024,,5994,,,,,
dataflow,ESTAT:ROAD_EQS_CARMOT$DEFAULTVIEW(1.0),"Passenger cars, by type of motor energy and size of engine",A,Annual,NR,Number,DIE,Diesel,CC_LT1400,Less than 1 400 cm³,HR,Croatia,2015,,35388,,,,,
dataflow,ESTAT:ROAD_EQS_CARMOT$DEFAULTVIEW(1.0),"Passenger cars, by type of motor energy and size of engine",A,Annual,NR,Number,DIE,Diesel,CC_LT1400,Less than 1 400 cm³,HR,Croatia,2016,,39725,,,,,
dataflow,ESTAT:ROAD_EQS_CARMOT$DEFAULTVIEW(1.0),"Passenger cars, by type of motor energy and size of engine",A,Annual,NR,Number,DIE,Diesel,CC_LT1400,Less than 1 400 cm³,HR,Croatia,2017,,44864,,,,,
dataflow,ESTAT:ROAD_EQS_CARMOT$DEFAULTVIEW(1.0),"Passenger cars, by type of motor energy and size of engine",A,Annual,NR,Number,DIE,Diesel,CC_LT1400,Less than 1 400 cm³,HR,Croatia,2018,,50969,,,,,
dataflow,ESTAT:ROAD_EQS_CARMOT$DEFAULTVIEW(1.0),"Passenger cars, by type of motor energy and size of engine",A,Annual,NR,Number,DIE,Diesel,CC_LT1400,Less than 1 400 cm³,HR,Croatia,2019,,55767,,,,,
dataflow,ESTAT:ROAD_EQS_CARMOT$DEFAULTVIEW(1.0),"Passenger cars, by type of motor energy and size of engine",A,Annual,NR,Number,DIE,Diesel,CC_LT1400,Less than 1 400 cm³,HR,Croatia,2020,,58397,,,,,
dataflow,ESTAT:ROAD_EQS_CARMOT$DEFAULTVIEW(1.0),"Passenger cars, by type of motor energy and size of engine",A,Annual,NR,Number,DIE,Diesel,CC_LT1400,Less than 1 400 cm³,HR,Croatia,2021,,61070,,,,,
dataflow,ESTAT:ROAD_EQS_CARMOT$DEFAULTVIEW(1.0),"Passenger cars, by type of motor energy and size of engine",A,Annual,NR,Number,DIE,Diesel,CC_LT1400,Less than 1 400 cm³,HR,Croatia,2022,,62534,,,,,
dataflow,ESTAT:ROAD_EQS_CARMOT$DEFAULTVIEW(1.0),"Passenger cars, by type of motor energy and size of engine",A,Annual,NR,Number,DIE,Diesel,CC_LT1400,Less than 1 400 cm³,HR,Croatia,2023,,63076,,,,,
dataflow,ESTAT:ROAD_EQS_CARMOT$DEFAULTVIEW(1.0),"Passenger cars, by type of motor energy and size of engine",A,Annual,NR,Number,DIE,Diesel,CC_LT1400,Less than 1 400 cm³,HR,Croatia,2024,,62552,,,,,
dataflow,ESTAT:ROAD_EQS_CARMOT$DEFAULTVIEW(1.0),"Passenger cars, by type of motor energy and size of engine",A,Annual,NR,Number,DIE,Diesel,CC_LT1400,Less than 1 400 cm³,HU,Hungary,2015,,62430,,,,,
dataflow,ESTAT:ROAD_EQS_CARMOT$DEFAULTVIEW(1.0),"Passenger cars, by type of motor energy and size of engine",A,Annual,NR,Number,DIE,Diesel,CC_LT1400,Less than 1 400 cm³,HU,Hungary,2016,,63848,,,,,
dataflow,ESTAT:ROAD_EQS_CARMOT$DEFAULTVIEW(1.0),"Passenger cars, by type of motor energy and size of engine",A,Annual,NR,Number,DIE,Diesel,CC_LT1400,Less than 1 400 cm³,HU,Hungary,2017,,65762,,,,,
dataflow,ESTAT:ROAD_EQS_CARMOT$DEFAULTVIEW(1.0),"Passenger cars, by type of motor energy and size of engine",A,Annual,NR,Number,DIE,Diesel,CC_LT1400,Less than 1 400 cm³,HU,Hungary,2018,,67353,,,,,
dataflow,ESTAT:ROAD_EQS_CARMOT$DEFAULTVIEW(1.0),"Passenger cars, by type of motor energy and size of engine",A,Annual,NR,Number,DIE,Diesel,CC_LT1400,Less than 1 400 cm³,HU,Hungary,2019,,68483,,,,,
dataflow,ESTAT:ROAD_EQS_CARMOT$DEFAULTVIEW(1.0),"Passenger cars, by type of motor energy and size of engine",A,Annual,NR,Number,DIE,Diesel,CC_LT1400,Less than 1 400 cm³,HU,Hungary,2020,,68973,,,,,
dataflow,ESTAT:ROAD_EQS_CARMOT$DEFAULTVIEW(1.0),"Passenger cars, by type of motor energy and size of engine",A,Annual,NR,Number,DIE,Diesel,CC_LT1400,Less than 1 400 cm³,HU,Hungary,2021,,69429,,,,,
dataflow,ESTAT:ROAD_EQS_CARMOT$DEFAULTVIEW(1.0),"Passenger cars, by type of motor energy and size of engine",A,Annual,NR,Number,DIE,Diesel,CC_LT1400,Less than 1 400 cm³,HU,Hungary,2022,,69616,,,,,
dataflow,ESTAT:ROAD_EQS_CARMOT$DEFAULTVIEW(1.0),"Passenger cars, by type of motor energy and size of engine",A,Annual,NR,Number,DIE,Diesel,CC_LT1400,Less than 1 400 cm³,HU,Hungary,2023,,69618,,,,,
dataflow,ESTAT:ROAD_EQS_CARMOT$DEFAULTVIEW(1.0),"Passenger cars, by type of motor energy and size of engine",A,Annual,NR,Number,DIE,Diesel,CC_LT1400,Less than 1 400 cm³,HU,Hungary,2024,,69431,,,,,
dataflow,ESTAT:ROAD_EQS_CARMOT$DEFAULTVIEW(1.0),"Passenger cars, by type of motor energy and size of engine",A,Annual,NR,Number,DIE,Diesel,CC_LT1400,Less than 1 400 cm³,IE,Ireland,2015,,73150,,,,,
dataflow,ESTAT:ROAD_EQS_CARMOT$DEFAULTVIEW(1.0),"Passenger cars, by type of motor energy and size of engine",A,Annual,NR,Number,DIE,Diesel,CC_LT1400,Less than 1 400 cm³,IE,Ireland,2016,,80860,,,,,
dataflow,ESTAT:ROAD_EQS_CARMOT$DEFAULTVIEW(1.0),"Passenger cars, by type of motor energy and size of engine",A,Annual,NR,Number,DIE,Diesel,CC_LT1400,Less than 1 400 cm³,IE,Ireland,2017,,85540,,,,,
dataflow,ESTAT:ROAD_EQS_CARMOT$DEFAULTVIEW(1.0),"Passenger cars, by type of motor energy and size of engine",A,Annual,NR,Number,DIE,Diesel,CC_LT1400,Less than 1 400 cm³,IE,Ireland,2018,,87010,,,,,
dataflow,ESTAT:ROAD_EQS_CARMOT$DEFAULTVIEW(1.0),"Passenger cars, by type of motor energy and size of engine",A,Annual,NR,Number,DIE,Diesel,CC_LT1400,Less than 1 400 cm³,IE,Ireland,2019,,87110,,,,,
dataflow,ESTAT:ROAD_EQS_CARMOT$DEFAULTVIEW(1.0),"Passenger cars, by type of motor energy and size of engine",A,Annual,NR,Number,DIE,Diesel,CC_LT1400,Less than 1 400 cm³,IE,Ireland,2020,,84940,,,,,
dataflow,ESTAT:ROAD_EQS_CARMOT$DEFAULTVIEW(1.0),"Passenger cars, by type of motor energy and size of engine",A,Annual,NR,Number,DIE,Diesel,CC_LT1400,Less than 1 400 cm³,IE,Ireland,2021,,81010,,,,,
dataflow,ESTAT:ROAD_EQS_CARMOT$DEFAULTVIEW(1.0),"Passenger cars, by type of motor energy and size of engine",A,Annual,NR,Number,DIE,Diesel,CC_LT1400,Less than 1 400 cm³,IE,Ireland,2022,,77750,,,,,
dataflow,ESTAT:ROAD_EQS_CARMOT$DEFAULTVIEW(1.0),"Passenger cars, by type of motor energy and size of engine",A,Annual,NR,Number,DIE,Diesel,CC_LT1400,Less than 1 400 cm³,IE,Ireland,2023,,74490,,,,,
dataflow,ESTAT:ROAD_EQS_CARMOT$DEFAULTVIEW(1.0),"Passenger cars, by type of motor energy and size of engine",A,Annual,NR,Number,DIE,Diesel,CC_LT1400,Less than 1 400 cm³,IT,Italy,2015,,162424,,,,,
dataflow,ESTAT:ROAD_EQS_CARMOT$DEFAULTVIEW(1.0),"Passenger cars, by type of motor energy and size of engine",A,Annual,NR,Number,DIE,Diesel,CC_LT1400,Less than 1 400 cm³,IT,Italy,2016,,167783,,,,,
dataflow,ESTAT:ROAD_EQS_CARMOT$DEFAULTVIEW(1.0),"Passenger cars, by type of motor energy and size of engine",A,Annual,NR,Number,DIE,Diesel,CC_LT1400,Less than 1 400 cm³,IT,Italy,2017,,169828,,,,,
dataflow,ESTAT:ROAD_EQS_CARMOT$DEFAULTVIEW(1.0),"Passenger cars, by type of motor energy and size of engine",A,Annual,NR,Number,DIE,Diesel,CC_LT1400,Less than 1 400 cm³,IT,Italy,2018,,168879,,,,,
dataflow,ESTAT:ROAD_EQS_CARMOT$DEFAULTVIEW(1.0),"Passenger cars, by type of motor energy and size of engine",A,Annual,NR,Number,DIE,Diesel,CC_LT1400,Less than 1 400 cm³,IT,Italy,2019,,166823,,,,,
dataflow,ESTAT:ROAD_EQS_CARMOT$DEFAULTVIEW(1.0),"Passenger cars, by type of motor energy and size of engine",A,Annual,NR,Number,DIE,Diesel,CC_LT1400,Less than 1 400 cm³,IT,Italy,2020,,164215,,,,,
dataflow,ESTAT:ROAD_EQS_CARMOT$DEFAULTVIEW(1.0),"Passenger cars, by type of motor energy and size of engine",A,Annual,NR,Number,DIE,Diesel,CC_LT1400,Less than 1 400 cm³,IT,Italy,2021,,160549,,,,,
dataflow,ESTAT:ROAD_EQS_CARMOT$DEFAULTVIEW(1.0),"Passenger cars, by type of motor energy and size of engine",A,Annual,NR,Number,DIE,Diesel,CC_LT1400,Less than 1 400 cm³,IT,Italy,2022,,69649,,,,,
dataflow,ESTAT:ROAD_EQS_CARMOT$DEFAULTVIEW(1.0),"Passenger cars, by type of motor energy and size of engine",A,Annual,NR,Number,DIE,Diesel,CC_LT1400,Less than 1 400 cm³,IT,Italy,2023,,155748,,,,,
dataflow,ESTAT:ROAD_EQS_CARMOT$DEFAULTVIEW(1.0),"Passenger cars, by type of motor energy and size of engine",A,Annual,NR,Number,DIE,Diesel,CC_LT1400,Less than 1 400 cm³,IT,Italy,2024,,152848,,,,,
dataflow,ESTAT:ROAD_EQS_CARMOT$DEFAULTVIEW(1.0),"Passenger cars, by type of motor energy and size of engine",A,Annual,NR,Number,DIE,Diesel,CC_LT1400,Less than 1 400 cm³,LI,Liechtenstein,2015,,203,,,,,
dataflow,ESTAT:ROAD_EQS_CARMOT$DEFAULTVIEW(1.0),"Passenger cars, by type of motor energy and size of engine",A,Annual,NR,Number,DIE,Diesel,CC_LT1400,Less than 1 400 cm³,LI,Liechtenstein,2016,,207,,,,,
dataflow,ESTAT:ROAD_EQS_CARMOT$DEFAULTVIEW(1.0),"Passenger cars, by type of motor energy and size of engine",A,Annual,NR,Number,DIE,Diesel,CC_LT1400,Less than 1 400 cm³,LI,Liechtenstein,2017,,198,,,,,
dataflow,ESTAT:ROAD_EQS_CARMOT$DEFAULTVIEW(1.0),"Passenger cars, by type of motor energy and size of engine",A,Annual,NR,Number,DIE,Diesel,CC_LT1400,Less than 1 400 cm³,LI,Liechtenstein,2018,,195,,,,,
dataflow,ESTAT:ROAD_EQS_CARMOT$DEFAULTVIEW(1.0),"Passenger cars, by type of motor energy and size of engine",A,Annual,NR,Number,DIE,Diesel,CC_LT1400,Less than 1 400 cm³,LI,Liechtenstein,2019,,178,,,,,
dataflow,ESTAT:ROAD_EQS_CARMOT$DEFAULTVIEW(1.0),"Passenger cars, by type of motor energy and size of engine",A,Annual,NR,Number,DIE,Diesel,CC_LT1400,Less than 1 400 cm³,LI,Liechtenstein,2020,,165,,,,,
dataflow,ESTAT:ROAD_EQS_CARMOT$DEFAULTVIEW(1.0),"Passenger cars, by type of motor energy and size of engine",A,Annual,NR,Number,DIE,Diesel,CC_LT1400,Less than 1 400 cm³,LI,Liechtenstein,2021,,150,,,,,
dataflow,ESTAT:ROAD_EQS_CARMOT$DEFAULTVIEW(1.0),"Passenger cars, by type of motor energy and size of engine",A,Annual,NR,Number,DIE,Diesel,CC_LT1400,Less than 1 400 cm³,LI,Liechtenstein,2022,,132,,,,,
dataflow,ESTAT:ROAD_EQS_CARMOT$DEFAULTVIEW(1.0),"Passenger cars, by type of motor energy and size of engine",A,Annual,NR,Number,DIE,Diesel,CC_LT1400,Less than 1 400 cm³,LI,Liechtenstein,2023,,125,,,,,
dataflow,ESTAT:ROAD_EQS_CARMOT$DEFAULTVIEW(1.0),"Passenger cars, by type of motor energy and size of engine",A,Annual,NR,Number,DIE,Diesel,CC_LT1400,Less than 1 400 cm³,LI,Liechtenstein,2024,,112,,,,,
dataflow,ESTAT:ROAD_EQS_CARMOT$DEFAULTVIEW(1.0),"Passenger cars, by type of motor energy and size of engine",A,Annual,NR,Number,DIE,Diesel,CC_LT1400,Less than 1 400 cm³,LT,Lithuania,2022,,23307,,,,,
dataflow,ESTAT:ROAD_EQS_CARMOT$DEFAULTVIEW(1.0),"Passenger cars, by type of motor energy and size of engine",A,Annual,NR,Number,DIE,Diesel,CC_LT1400,Less than 1 400 cm³,LT,Lithuania,2023,,23235,,,,,
dataflow,ESTAT:ROAD_EQS_CARMOT$DEFAULTVIEW(1.0),"Passenger cars, by type of motor energy and size of engine",A,Annual,NR,Number,DIE,Diesel,CC_LT1400,Less than 1 400 cm³,LT,Lithuania,2024,,22440,,,,,
dataflow,ESTAT:ROAD_EQS_CARMOT$DEFAULTVIEW(1.0),"Passenger cars, by type of motor energy and size of engine",A,Annual,NR,Number,DIE,Diesel,CC_LT1400,Less than 1 400 cm³,LU,Luxembourg,2017,,9622,,,,,
dataflow,ESTAT:ROAD_EQS_CARMOT$DEFAULTVIEW(1.0),"Passenger cars, by type of motor energy and size of engine",A,Annual,NR,Number,DIE,Diesel,CC_LT1400,Less than 1 400 cm³,LU,Luxembourg,2018,,8705,,,,,
dataflow,ESTAT:ROAD_EQS_CARMOT$DEFAULTVIEW(1.0),"Passenger cars, by type of motor energy and size of engine",A,Annual,NR,Number,DIE,Diesel,CC_LT1400,Less than 1 400 cm³,LU,Luxembourg,2019,,7518,,,,,
dataflow,ESTAT:ROAD_EQS_CARMOT$DEFAULTVIEW(1.0),"Passenger cars, by type of motor energy and size of engine",A,Annual,NR,Number,DIE,Diesel,CC_LT1400,Less than 1 400 cm³,LU,Luxembourg,2020,,6523,,,,,
dataflow,ESTAT:ROAD_EQS_CARMOT$DEFAULTVIEW(1.0),"Passenger cars, by type of motor energy and size of engine",A,Annual,NR,Number,DIE,Diesel,CC_LT1400,Less than 1 400 cm³,LU,Luxembourg,2021,,5703,,,,,
dataflow,ESTAT:ROAD_EQS_CARMOT$DEFAULTVIEW(1.0),"Passenger cars, by type of motor energy and size of engine",A,Annual,NR,Number,DIE,Diesel,CC_LT1400,Less than 1 400 cm³,LU,Luxembourg,2022,,5062,,i,value imputed by Eurostat or other receiving agencies,,
dataflow,ESTAT:ROAD_EQS_CARMOT$DEFAULTVIEW(1.0),"Passenger cars, by type of motor energy and size of engine",A,Annual,NR,Number,DIE,Diesel,CC_LT1400,Less than 1 400 cm³,LU,Luxembourg,2023,,4475,,,,,
dataflow,ESTAT:ROAD_EQS_CARMOT$DEFAULTVIEW(1.0),"Passenger cars, by type of motor energy and size of engine",A,Annual,NR,Number,DIE,Diesel,CC_LT1400,Less than 1 400 cm³,LU,Luxembourg,2024,,3890,,,,,
dataflow,ESTAT:ROAD_EQS_CARMOT$DEFAULTVIEW(1.0),"Passenger cars, by type of motor energy and size of engine",A,Annual,NR,Number,DIE,Diesel,CC_LT1400,Less than 1 400 cm³,LV,Latvia,2015,,17023,,,,,
dataflow,ESTAT:ROAD_EQS_CARMOT$DEFAULTVIEW(1.0),"Passenger cars, by type of motor energy and size of engine",A,Annual,NR,Number,DIE,Diesel,CC_LT1400,Less than 1 400 cm³,LV,Latvia,2016,,14487,,,,,
dataflow,ESTAT:ROAD_EQS_CARMOT$DEFAULTVIEW(1.0),"Passenger cars, by type of motor energy and size of engine",A,Annual,NR,Number,DIE,Diesel,CC_LT1400,Less than 1 400 cm³,LV,Latvia,2017,,13252,,,,,
dataflow,ESTAT:ROAD_EQS_CARMOT$DEFAULTVIEW(1.0),"Passenger cars, by type of motor energy and size of engine",A,Annual,NR,Number,DIE,Diesel,CC_LT1400,Less than 1 400 cm³,LV,Latvia,2018,,12621,,,,,
dataflow,ESTAT:ROAD_EQS_CARMOT$DEFAULTVIEW(1.0),"Passenger cars, by type of motor energy and size of engine",A,Annual,NR,Number,DIE,Diesel,CC_LT1400,Less than 1 400 cm³,LV,Latvia,2019,,11905,,,,,
dataflow,ESTAT:ROAD_EQS_CARMOT$DEFAULTVIEW(1.0),"Passenger cars, by type of motor energy and size of engine",A,Annual,NR,Number,DIE,Diesel,CC_LT1400,Less than 1 400 cm³,LV,Latvia,2020,,11337,,,,,
dataflow,ESTAT:ROAD_EQS_CARMOT$DEFAULTVIEW(1.0),"Passenger cars, by type of motor energy and size of engine",A,Annual,NR,Number,DIE,Diesel,CC_LT1400,Less than 1 400 cm³,LV,Latvia,2021,,10827,,,,,
dataflow,ESTAT:ROAD_EQS_CARMOT$DEFAULTVIEW(1.0),"Passenger cars, by type of motor energy and size of engine",A,Annual,NR,Number,DIE,Diesel,CC_LT1400,Less than 1 400 cm³,LV,Latvia,2022,,10428,,,,,
dataflow,ESTAT:ROAD_EQS_CARMOT$DEFAULTVIEW(1.0),"Passenger cars, by type of motor energy and size of engine",A,Annual,NR,Number,DIE,Diesel,CC_LT1400,Less than 1 400 cm³,LV,Latvia,2023,,10005,,,,,
dataflow,ESTAT:ROAD_EQS_CARMOT$DEFAULTVIEW(1.0),"Passenger cars, by type of motor energy and size of engine",A,Annual,NR,Number,DIE,Diesel,CC_LT1400,Less than 1 400 cm³,LV,Latvia,2024,,9435,,,,,
dataflow,ESTAT:ROAD_EQS_CARMOT$DEFAULTVIEW(1.0),"Passenger cars, by type of motor energy and size of engine",A,Annual,NR,Number,DIE,Diesel,CC_LT1400,Less than 1 400 cm³,MD,Moldova,2015,,18371,,,,,
dataflow,ESTAT:ROAD_EQS_CARMOT$DEFAULTVIEW(1.0),"Passenger cars, by type of motor energy and size of engine",A,Annual,NR,Number,DIE,Diesel,CC_LT1400,Less than 1 400 cm³,MD,Moldova,2016,,20837,,,,,
dataflow,ESTAT:ROAD_EQS_CARMOT$DEFAULTVIEW(1.0),"Passenger cars, by type of motor energy and size of engine",A,Annual,NR,Number,DIE,Diesel,CC_LT1400,Less than 1 400 cm³,MD,Moldova,2017,,23629,,,,,
dataflow,ESTAT:ROAD_EQS_CARMOT$DEFAULTVIEW(1.0),"Passenger cars, by type of motor energy and size of engine",A,Annual,NR,Number,DIE,Diesel,CC_LT1400,Less than 1 400 cm³,MD,Moldova,2018,,26854,,,,,
dataflow,ESTAT:ROAD_EQS_CARMOT$DEFAULTVIEW(1.0),"Passenger cars, by type of motor energy and size of engine",A,Annual,NR,Number,DIE,Diesel,CC_LT1400,Less than 1 400 cm³,MD,Moldova,2019,,30260,,,,,
dataflow,ESTAT:ROAD_EQS_CARMOT$DEFAULTVIEW(1.0),"Passenger cars, by type of motor energy and size of engine",A,Annual,NR,Number,DIE,Diesel,CC_LT1400,Less than 1 400 cm³,MD,Moldova,2020,,33154,,,,,
dataflow,ESTAT:ROAD_EQS_CARMOT$DEFAULTVIEW(1.0),"Passenger cars, by type of motor energy and size of engine",A,Annual,NR,Number,DIE,Diesel,CC_LT1400,Less than 1 400 cm³,MD,Moldova,2021,,36008,,,,,
dataflow,ESTAT:ROAD_EQS_CARMOT$DEFAULTVIEW(1.0),"Passenger cars, by type of motor energy and size of engine",A,Annual,NR,Number,DIE,Diesel,CC_LT1400,Less than 1 400 cm³,MD,Moldova,2022,,37606,,,,,
dataflow,ESTAT:ROAD_EQS_CARMOT$DEFAULTVIEW(1.0),"Passenger cars, by type of motor energy and size of engine",A,Annual,NR,Number,DIE,Diesel,CC_LT1400,Less than 1 400 cm³,MD,Moldova,2023,,38769,,,,,
dataflow,ESTAT:ROAD_EQS_CARMOT$DEFAULTVIEW(1.0),"Passenger cars, by type of motor energy and size of engine",A,Annual,NR,Number,DIE,Diesel,CC_LT1400,Less than 1 400 cm³,MD,Moldova,2024,,39517,,,,,
dataflow,ESTAT:ROAD_EQS_CARMOT$DEFAULTVIEW(1.0),"Passenger cars, by type of motor energy and size of engine",A,Annual,NR,Number,DIE,Diesel,CC_LT1400,Less than 1 400 cm³,ME,Montenegro,2016,,5737,,,,,
dataflow,ESTAT:ROAD_EQS_CARMOT$DEFAULTVIEW(1.0),"Passenger cars, by type of motor energy and size of engine",A,Annual,NR,Number,DIE,Diesel,CC_LT1400,Less than 1 400 cm³,ME,Montenegro,2017,,6716,,,,,
dataflow,ESTAT:ROAD_EQS_CARMOT$DEFAULTVIEW(1.0),"Passenger cars, by type of motor energy and size of engine",A,Annual,NR,Number,DIE,Diesel,CC_LT1400,Less than 1 400 cm³,ME,Montenegro,2018,,7721,,,,,
dataflow,ESTAT:ROAD_EQS_CARMOT$DEFAULTVIEW(1.0),"Passenger cars, by type of motor energy and size of engine",A,Annual,NR,Number,DIE,Diesel,CC_LT1400,Less than 1 400 cm³,ME,Montenegro,2019,,8580,,,,,
dataflow,ESTAT:ROAD_EQS_CARMOT$DEFAULTVIEW(1.0),"Passenger cars, by type of motor energy and size of engine",A,Annual,NR,Number,DIE,Diesel,CC_LT1400,Less than 1 400 cm³,ME,Montenegro,2020,,8798,,,,,
dataflow,ESTAT:ROAD_EQS_CARMOT$DEFAULTVIEW(1.0),"Passenger cars, by type of motor energy and size of engine",A,Annual,NR,Number,DIE,Diesel,CC_LT1400,Less than 1 400 cm³,ME,Montenegro,2021,,8725,,,,,
dataflow,ESTAT:ROAD_EQS_CARMOT$DEFAULTVIEW(1.0),"Passenger cars, by type of motor energy and size of engine",A,Annual,NR,Number,DIE,Diesel,CC_LT1400,Less than 1 400 cm³,ME,Montenegro,2022,,10173,,,,,
dataflow,ESTAT:ROAD_EQS_CARMOT$DEFAULTVIEW(1.0),"Passenger cars, by type of motor energy and size of engine",A,Annual,NR,Number,DIE,Diesel,CC_LT1400,Less than 1 400 cm³,ME,Montenegro,2023,,11406,,,,,
dataflow,ESTAT:ROAD_EQS_CARMOT$DEFAULTVIEW(1.0),"Passenger cars, by type of motor energy and size of engine",A,Annual,NR,Number,DIE,Diesel,CC_LT1400,Less than 1 400 cm³,ME,Montenegro,2024,,12492,,,,,
dataflow,ESTAT:ROAD_EQS_CARMOT$DEFAULTVIEW(1.0),"Passenger cars, by type of motor energy and size of engine",A,Annual,NR,Number,DIE,Diesel,CC_LT1400,Less than 1 400 cm³,MT,Malta,2015,,7093,,,,,
dataflow,ESTAT:ROAD_EQS_CARMOT$DEFAULTVIEW(1.0),"Passenger cars, by type of motor energy and size of engine",A,Annual,NR,Number,DIE,Diesel,CC_LT1400,Less than 1 400 cm³,MT,Malta,2016,,7202,,,,,
dataflow,ESTAT:ROAD_EQS_CARMOT$DEFAULTVIEW(1.0),"Passenger cars, by type of motor energy and size of engine",A,Annual,NR,Number,DIE,Diesel,CC_LT1400,Less than 1 400 cm³,MT,Malta,2017,,7362,,,,,
dataflow,ESTAT:ROAD_EQS_CARMOT$DEFAULTVIEW(1.0),"Passenger cars, by type of motor energy and size of engine",A,Annual,NR,Number,DIE,Diesel,CC_LT1400,Less than 1 400 cm³,MT,Malta,2018,,7455,,,,,
dataflow,ESTAT:ROAD_EQS_CARMOT$DEFAULTVIEW(1.0),"Passenger cars, by type of motor energy and size of engine",A,Annual,NR,Number,DIE,Diesel,CC_LT1400,Less than 1 400 cm³,MT,Malta,2019,,7467,,,,,
dataflow,ESTAT:ROAD_EQS_CARMOT$DEFAULTVIEW(1.0),"Passenger cars, by type of motor energy and size of engine",A,Annual,NR,Number,DIE,Diesel,CC_LT1400,Less than 1 400 cm³,MT,Malta,2020,,7355,,,,,
dataflow,ESTAT:ROAD_EQS_CARMOT$DEFAULTVIEW(1.0),"Passenger cars, by type of motor energy and size of engine",A,Annual,NR,Number,DIE,Diesel,CC_LT1400,Less than 1 400 cm³,MT,Malta,2021,,7263,,,,,
dataflow,ESTAT:ROAD_EQS_CARMOT$DEFAULTVIEW(1.0),"Passenger cars, by type of motor energy and size of engine",A,Annual,NR,Number,DIE,Diesel,CC_LT1400,Less than 1 400 cm³,MT,Malta,2022,,7122,,,,,
dataflow,ESTAT:ROAD_EQS_CARMOT$DEFAULTVIEW(1.0),"Passenger cars, by type of motor energy and size of engine",A,Annual,NR,Number,DIE,Diesel,CC_LT1400,Less than 1 400 cm³,MT,Malta,2023,,6983,,,,,
dataflow,ESTAT:ROAD_EQS_CARMOT$DEFAULTVIEW(1.0),"Passenger cars, by type of motor energy and size of engine",A,Annual,NR,Number,DIE,Diesel,CC_LT1400,Less than 1 400 cm³,MT,Malta,2024,,6736,,,,,
dataflow,ESTAT:ROAD_EQS_CARMOT$DEFAULTVIEW(1.0),"Passenger cars, by type of motor energy and size of engine",A,Annual,NR,Number,DIE,Diesel,CC_LT1400,Less than 1 400 cm³,NL,Netherlands,2015,,161345,,,,,
dataflow,ESTAT:ROAD_EQS_CARMOT$DEFAULTVIEW(1.0),"Passenger cars, by type of motor energy and size of engine",A,Annual,NR,Number,DIE,Diesel,CC_LT1400,Less than 1 400 cm³,NL,Netherlands,2016,,157368,,,,,
dataflow,ESTAT:ROAD_EQS_CARMOT$DEFAULTVIEW(1.0),"Passenger cars, by type of motor energy and size of engine",A,Annual,NR,Number,DIE,Diesel,CC_LT1400,Less than 1 400 cm³,NL,Netherlands,2017,,151691,,,,,
dataflow,ESTAT:ROAD_EQS_CARMOT$DEFAULTVIEW(1.0),"Passenger cars, by type of motor energy and size of engine",A,Annual,NR,Number,DIE,Diesel,CC_LT1400,Less than 1 400 cm³,NL,Netherlands,2018,,141192,,,,,
dataflow,ESTAT:ROAD_EQS_CARMOT$DEFAULTVIEW(1.0),"Passenger cars, by type of motor energy and size of engine",A,Annual,NR,Number,DIE,Diesel,CC_LT1400,Less than 1 400 cm³,NL,Netherlands,2019,,130997,,,,,
dataflow,ESTAT:ROAD_EQS_CARMOT$DEFAULTVIEW(1.0),"Passenger cars, by type of motor energy and size of engine",A,Annual,NR,Number,DIE,Diesel,CC_LT1400,Less than 1 400 cm³,NL,Netherlands,2020,,118442,,,,,
dataflow,ESTAT:ROAD_EQS_CARMOT$DEFAULTVIEW(1.0),"Passenger cars, by type of motor energy and size of engine",A,Annual,NR,Number,DIE,Diesel,CC_LT1400,Less than 1 400 cm³,NL,Netherlands,2021,,105003,,,,,
dataflow,ESTAT:ROAD_EQS_CARMOT$DEFAULTVIEW(1.0),"Passenger cars, by type of motor energy and size of engine",A,Annual,NR,Number,DIE,Diesel,CC_LT1400,Less than 1 400 cm³,NL,Netherlands,2022,,88993,,,,,
dataflow,ESTAT:ROAD_EQS_CARMOT$DEFAULTVIEW(1.0),"Passenger cars, by type of motor energy and size of engine",A,Annual,NR,Number,DIE,Diesel,CC_LT1400,Less than 1 400 cm³,NL,Netherlands,2023,,73360,,,,,
dataflow,ESTAT:ROAD_EQS_CARMOT$DEFAULTVIEW(1.0),"Passenger cars, by type of motor energy and size of engine",A,Annual,NR,Number,DIE,Diesel,CC_LT1400,Less than 1 400 cm³,NL,Netherlands,2024,,59245,,,,,
dataflow,ESTAT:ROAD_EQS_CARMOT$DEFAULTVIEW(1.0),"Passenger cars, by type of motor energy and size of engine",A,Annual,NR,Number,DIE,Diesel,CC_LT1400,Less than 1 400 cm³,NO,Norway,2016,,49154,,,,,
dataflow,ESTAT:ROAD_EQS_CARMOT$DEFAULTVIEW(1.0),"Passenger cars, by type of motor energy and size of engine",A,Annual,NR,Number,DIE,Diesel,CC_LT1400,Less than 1 400 cm³,NO,Norway,2017,,48688,,,,,
dataflow,ESTAT:ROAD_EQS_CARMOT$DEFAULTVIEW(1.0),"Passenger cars, by type of motor energy and size of engine",A,Annual,NR,Number,DIE,Diesel,CC_LT1400,Less than 1 400 cm³,NO,Norway,2018,,47772,,,,,
dataflow,ESTAT:ROAD_EQS_CARMOT$DEFAULTVIEW(1.0),"Passenger cars, by type of motor energy and size of engine",A,Annual,NR,Number,DIE,Diesel,CC_LT1400,Less than 1 400 cm³,NO,Norway,2019,,46742,,,,,
dataflow,ESTAT:ROAD_EQS_CARMOT$DEFAULTVIEW(1.0),"Passenger cars, by type of motor energy and size of engine",A,Annual,NR,Number,DIE,Diesel,CC_LT1400,Less than 1 400 cm³,NO,Norway,2020,,45494,,,,,
dataflow,ESTAT:ROAD_EQS_CARMOT$DEFAULTVIEW(1.0),"Passenger cars, by type of motor energy and size of engine",A,Annual,NR,Number,DIE,Diesel,CC_LT1400,Less than 1 400 cm³,NO,Norway,2021,,43295,,,,,
dataflow,ESTAT:ROAD_EQS_CARMOT$DEFAULTVIEW(1.0),"Passenger cars, by type of motor energy and size of engine",A,Annual,NR,Number,DIE,Diesel,CC_LT1400,Less than 1 400 cm³,NO,Norway,2022,,40363,,,,,
dataflow,ESTAT:ROAD_EQS_CARMOT$DEFAULTVIEW(1.0),"Passenger cars, by type of motor energy and size of engine",A,Annual,NR,Number,DIE,Diesel,CC_LT1400,Less than 1 400 cm³,NO,Norway,2023,,36660,,,,,
dataflow,ESTAT:ROAD_EQS_CARMOT$DEFAULTVIEW(1.0),"Passenger cars, by type of motor energy and size of engine",A,Annual,NR,Number,DIE,Diesel,CC_LT1400,Less than 1 400 cm³,NO,Norway,2024,,33932,,,,,
dataflow,ESTAT:ROAD_EQS_CARMOT$DEFAULTVIEW(1.0),"Passenger cars, by type of motor energy and size of engine",A,Annual,NR,Number,DIE,Diesel,CC_LT1400,Less than 1 400 cm³,PT,Portugal,2015,,302760,,,,,
dataflow,ESTAT:ROAD_EQS_CARMOT$DEFAULTVIEW(1.0),"Passenger cars, by type of motor energy and size of engine",A,Annual,NR,Number,DIE,Diesel,CC_LT1400,Less than 1 400 cm³,PT,Portugal,2016,,310835,,,,,
dataflow,ESTAT:ROAD_EQS_CARMOT$DEFAULTVIEW(1.0),"Passenger cars, by type of motor energy and size of engine",A,Annual,NR,Number,DIE,Diesel,CC_LT1400,Less than 1 400 cm³,PT,Portugal,2017,,323488,,,,,
dataflow,ESTAT:ROAD_EQS_CARMOT$DEFAULTVIEW(1.0),"Passenger cars, by type of motor energy and size of engine",A,Annual,NR,Number,DIE,Diesel,CC_LT1400,Less than 1 400 cm³,PT,Portugal,2018,,330467,,,,,
dataflow,ESTAT:ROAD_EQS_CARMOT$DEFAULTVIEW(1.0),"Passenger cars, by type of motor energy and size of engine",A,Annual,NR,Number,DIE,Diesel,CC_LT1400,Less than 1 400 cm³,PT,Portugal,2019,,335619,,,,,
dataflow,ESTAT:ROAD_EQS_CARMOT$DEFAULTVIEW(1.0),"Passenger cars, by type of motor energy and size of engine",A,Annual,NR,Number,DIE,Diesel,CC_LT1400,Less than 1 400 cm³,PT,Portugal,2020,,341242,,,,,
dataflow,ESTAT:ROAD_EQS_CARMOT$DEFAULTVIEW(1.0),"Passenger cars, by type of motor energy and size of engine",A,Annual,NR,Number,DIE,Diesel,CC_LT1400,Less than 1 400 cm³,PT,Portugal,2021,,340352,,,,,
dataflow,ESTAT:ROAD_EQS_CARMOT$DEFAULTVIEW(1.0),"Passenger cars, by type of motor energy and size of engine",A,Annual,NR,Number,DIE,Diesel,CC_LT1400,Less than 1 400 cm³,PT,Portugal,2022,,341168,,,,,
dataflow,ESTAT:ROAD_EQS_CARMOT$DEFAULTVIEW(1.0),"Passenger cars, by type of motor energy and size of engine",A,Annual,NR,Number,DIE,Diesel,CC_LT1400,Less than 1 400 cm³,PT,Portugal,2023,,335624,,,,,
dataflow,ESTAT:ROAD_EQS_CARMOT$DEFAULTVIEW(1.0),"Passenger cars, by type of motor energy and size of engine",A,Annual,NR,Number,DIE,Diesel,CC_LT1400,Less than 1 400 cm³,PT,Portugal,2024,,337956,,,,,
dataflow,ESTAT:ROAD_EQS_CARMOT$DEFAULTVIEW(1.0),"Passenger cars, by type of motor energy and size of engine",A,Annual,NR,Number,DIE,Diesel,CC_LT1400,Less than 1 400 cm³,RO,Romania,2015,,95978,,,,,
dataflow,ESTAT:ROAD_EQS_CARMOT$DEFAULTVIEW(1.0),"Passenger cars, by type of motor energy and size of engine",A,Annual,NR,Number,DIE,Diesel,CC_LT1400,Less than 1 400 cm³,RO,Romania,2016,,103085,,,,,
dataflow,ESTAT:ROAD_EQS_CARMOT$DEFAULTVIEW(1.0),"Passenger cars, by type of motor energy and size of engine",A,Annual,NR,Number,DIE,Diesel,CC_LT1400,Less than 1 400 cm³,RO,Romania,2017,,110166,,,,,
dataflow,ESTAT:ROAD_EQS_CARMOT$DEFAULTVIEW(1.0),"Passenger cars, by type of motor energy and size of engine",A,Annual,NR,Number,DIE,Diesel,CC_LT1400,Less than 1 400 cm³,RO,Romania,2018,,117057,,,,,
dataflow,ESTAT:ROAD_EQS_CARMOT$DEFAULTVIEW(1.0),"Passenger cars, by type of motor energy and size of engine",A,Annual,NR,Number,DIE,Diesel,CC_LT1400,Less than 1 400 cm³,RO,Romania,2019,,122480,,,,,
dataflow,ESTAT:ROAD_EQS_CARMOT$DEFAULTVIEW(1.0),"Passenger cars, by type of motor energy and size of engine",A,Annual,NR,Number,DIE,Diesel,CC_LT1400,Less than 1 400 cm³,RO,Romania,2020,,126832,,,,,
dataflow,ESTAT:ROAD_EQS_CARMOT$DEFAULTVIEW(1.0),"Passenger cars, by type of motor energy and size of engine",A,Annual,NR,Number,DIE,Diesel,CC_LT1400,Less than 1 400 cm³,RO,Romania,2021,,130803,,,,,
dataflow,ESTAT:ROAD_EQS_CARMOT$DEFAULTVIEW(1.0),"Passenger cars, by type of motor energy and size of engine",A,Annual,NR,Number,DIE,Diesel,CC_LT1400,Less than 1 400 cm³,RO,Romania,2022,,133721,,,,,
dataflow,ESTAT:ROAD_EQS_CARMOT$DEFAULTVIEW(1.0),"Passenger cars, by type of motor energy and size of engine",A,Annual,NR,Number,DIE,Diesel,CC_LT1400,Less than 1 400 cm³,RO,Romania,2023,,135949,,,,,
dataflow,ESTAT:ROAD_EQS_CARMOT$DEFAULTVIEW(1.0),"Passenger cars, by type of motor energy and size of engine",A,Annual,NR,Number,DIE,Diesel,CC_LT1400,Less than 1 400 cm³,RO,Romania,2024,,138242,,,,,
dataflow,ESTAT:ROAD_EQS_CARMOT$DEFAULTVIEW(1.0),"Passenger cars, by type of motor energy and size of engine",A,Annual,NR,Number,DIE,Diesel,CC_LT1400,Less than 1 400 cm³,RS,Serbia,2019,,79425,,,,,
dataflow,ESTAT:ROAD_EQS_CARMOT$DEFAULTVIEW(1.0),"Passenger cars, by type of motor energy and size of engine",A,Annual,NR,Number,DIE,Diesel,CC_LT1400,Less than 1 400 cm³,RS,Serbia,2020,,88618,,,,,
dataflow,ESTAT:ROAD_EQS_CARMOT$DEFAULTVIEW(1.0),"Passenger cars, by type of motor energy and size of engine",A,Annual,NR,Number,DIE,Diesel,CC_LT1400,Less than 1 400 cm³,RS,Serbia,2021,,98486,,,,,
dataflow,ESTAT:ROAD_EQS_CARMOT$DEFAULTVIEW(1.0),"Passenger cars, by type of motor energy and size of engine",A,Annual,NR,Number,DIE,Diesel,CC_LT1400,Less than 1 400 cm³,RS,Serbia,2022,,104612,,,,,
dataflow,ESTAT:ROAD_EQS_CARMOT$DEFAULTVIEW(1.0),"Passenger cars, by type of motor energy and size of engine",A,Annual,NR,Number,DIE,Diesel,CC_LT1400,Less than 1 400 cm³,RS,Serbia,2023,,110009,,,,,
dataflow,ESTAT:ROAD_EQS_CARMOT$DEFAULTVIEW(1.0),"Passenger cars, by type of motor energy and size of engine",A,Annual,NR,Number,DIE,Diesel,CC_LT1400,Less than 1 400 cm³,RS,Serbia,2024,,115053,,,,,
dataflow,ESTAT:ROAD_EQS_CARMOT$DEFAULTVIEW(1.0),"Passenger cars, by type of motor energy and size of engine",A,Annual,NR,Number,DIE,Diesel,CC_LT1400,Less than 1 400 cm³,SE,Sweden,2015,,85074,,,,,
dataflow,ESTAT:ROAD_EQS_CARMOT$DEFAULTVIEW(1.0),"Passenger cars, by type of motor energy and size of engine",A,Annual,NR,Number,DIE,Diesel,CC_LT1400,Less than 1 400 cm³,SE,Sweden,2016,,75727,,,,,
dataflow,ESTAT:ROAD_EQS_CARMOT$DEFAULTVIEW(1.0),"Passenger cars, by type of motor energy and size of engine",A,Annual,NR,Number,DIE,Diesel,CC_LT1400,Less than 1 400 cm³,SE,Sweden,2017,,67321,,,,,
dataflow,ESTAT:ROAD_EQS_CARMOT$DEFAULTVIEW(1.0),"Passenger cars, by type of motor energy and size of engine",A,Annual,NR,Number,DIE,Diesel,CC_LT1400,Less than 1 400 cm³,SE,Sweden,2018,,59912,,,,,
dataflow,ESTAT:ROAD_EQS_CARMOT$DEFAULTVIEW(1.0),"Passenger cars, by type of motor energy and size of engine",A,Annual,NR,Number,DIE,Diesel,CC_LT1400,Less than 1 400 cm³,SE,Sweden,2019,,54387,,,,,
dataflow,ESTAT:ROAD_EQS_CARMOT$DEFAULTVIEW(1.0),"Passenger cars, by type of motor energy and size of engine",A,Annual,NR,Number,DIE,Diesel,CC_LT1400,Less than 1 400 cm³,SE,Sweden,2020,,50613,,,,,
dataflow,ESTAT:ROAD_EQS_CARMOT$DEFAULTVIEW(1.0),"Passenger cars, by type of motor energy and size of engine",A,Annual,NR,Number,DIE,Diesel,CC_LT1400,Less than 1 400 cm³,SE,Sweden,2021,,47030,,,,,
dataflow,ESTAT:ROAD_EQS_CARMOT$DEFAULTVIEW(1.0),"Passenger cars, by type of motor energy and size of engine",A,Annual,NR,Number,DIE,Diesel,CC_LT1400,Less than 1 400 cm³,SE,Sweden,2022,,43954,,,,,
dataflow,ESTAT:ROAD_EQS_CARMOT$DEFAULTVIEW(1.0),"Passenger cars, by type of motor energy and size of engine",A,Annual,NR,Number,DIE,Diesel,CC_LT1400,Less than 1 400 cm³,SE,Sweden,2023,,42127,,,,,
dataflow,ESTAT:ROAD_EQS_CARMOT$DEFAULTVIEW(1.0),"Passenger cars, by type of motor energy and size of engine",A,Annual,NR,Number,DIE,Diesel,CC_LT1400,Less than 1 400 cm³,SE,Sweden,2024,,40353,,,,,
dataflow,ESTAT:ROAD_EQS_CARMOT$DEFAULTVIEW(1.0),"Passenger cars, by type of motor energy and size of engine",A,Annual,NR,Number,DIE,Diesel,CC_LT1400,Less than 1 400 cm³,SI,Slovenia,2015,,17429,,,,,
dataflow,ESTAT:ROAD_EQS_CARMOT$DEFAULTVIEW(1.0),"Passenger cars, by type of motor energy and size of engine",A,Annual,NR,Number,DIE,Diesel,CC_LT1400,Less than 1 400 cm³,SI,Slovenia,2016,,18171,,,,,
dataflow,ESTAT:ROAD_EQS_CARMOT$DEFAULTVIEW(1.0),"Passenger cars, by type of motor energy and size of engine",A,Annual,NR,Number,DIE,Diesel,CC_LT1400,Less than 1 400 cm³,SI,Slovenia,2017,,18513,,,,,
dataflow,ESTAT:ROAD_EQS_CARMOT$DEFAULTVIEW(1.0),"Passenger cars, by type of motor energy and size of engine",A,Annual,NR,Number,DIE,Diesel,CC_LT1400,Less than 1 400 cm³,SI,Slovenia,2018,,18544,,,,,
dataflow,ESTAT:ROAD_EQS_CARMOT$DEFAULTVIEW(1.0),"Passenger cars, by type of motor energy and size of engine",A,Annual,NR,Number,DIE,Diesel,CC_LT1400,Less than 1 400 cm³,SI,Slovenia,2019,,18071,,,,,
dataflow,ESTAT:ROAD_EQS_CARMOT$DEFAULTVIEW(1.0),"Passenger cars, by type of motor energy and size of engine",A,Annual,NR,Number,DIE,Diesel,CC_LT1400,Less than 1 400 cm³,SI,Slovenia,2020,,17331,,,,,
dataflow,ESTAT:ROAD_EQS_CARMOT$DEFAULTVIEW(1.0),"Passenger cars, by type of motor energy and size of engine",A,Annual,NR,Number,DIE,Diesel,CC_LT1400,Less than 1 400 cm³,SI,Slovenia,2021,,16504,,,,,
dataflow,ESTAT:ROAD_EQS_CARMOT$DEFAULTVIEW(1.0),"Passenger cars, by type of motor energy and size of engine",A,Annual,NR,Number,DIE,Diesel,CC_LT1400,Less than 1 400 cm³,SI,Slovenia,2022,,15565,,,,,
dataflow,ESTAT:ROAD_EQS_CARMOT$DEFAULTVIEW(1.0),"Passenger cars, by type of motor energy and size of engine",A,Annual,NR,Number,DIE,Diesel,CC_LT1400,Less than 1 400 cm³,SI,Slovenia,2023,,14640,,b,break in time series,,
dataflow,ESTAT:ROAD_EQS_CARMOT$DEFAULTVIEW(1.0),"Passenger cars, by type of motor energy and size of engine",A,Annual,NR,Number,DIE,Diesel,CC_LT1400,Less than 1 400 cm³,SI,Slovenia,2024,,13513,,,,,
dataflow,ESTAT:ROAD_EQS_CARMOT$DEFAULTVIEW(1.0),"Passenger cars, by type of motor energy and size of engine",A,Annual,NR,Number,DIE,Diesel,CC_LT1400,Less than 1 400 cm³,TR,Türkiye,2015,,865462,,,,,
dataflow,ESTAT:ROAD_EQS_CARMOT$DEFAULTVIEW(1.0),"Passenger cars, by type of motor energy and size of engine",A,Annual,NR,Number,DIE,Diesel,CC_LT1400,Less than 1 400 cm³,TR,Türkiye,2016,,916668,,,,,
dataflow,ESTAT:ROAD_EQS_CARMOT$DEFAULTVIEW(1.0),"Passenger cars, by type of motor energy and size of engine",A,Annual,NR,Number,DIE,Diesel,CC_LT1400,Less than 1 400 cm³,TR,Türkiye,2017,,964348,,,,,
dataflow,ESTAT:ROAD_EQS_CARMOT$DEFAULTVIEW(1.0),"Passenger cars, by type of motor energy and size of engine",A,Annual,NR,Number,DIE,Diesel,CC_LT1400,Less than 1 400 cm³,TR,Türkiye,2018,,593688,,,,,
dataflow,ESTAT:ROAD_EQS_CARMOT$DEFAULTVIEW(1.0),"Passenger cars, by type of motor energy and size of engine",A,Annual,NR,Number,DIE,Diesel,CC_LT1400,Less than 1 400 cm³,TR,Türkiye,2019,,609090,,,,,
dataflow,ESTAT:ROAD_EQS_CARMOT$DEFAULTVIEW(1.0),"Passenger cars, by type of motor energy and size of engine",A,Annual,NR,Number,DIE,Diesel,CC_LT1400,Less than 1 400 cm³,TR,Türkiye,2020,,1046831,,,,,
dataflow,ESTAT:ROAD_EQS_CARMOT$DEFAULTVIEW(1.0),"Passenger cars, by type of motor energy and size of engine",A,Annual,NR,Number,DIE,Diesel,CC_LT1400,Less than 1 400 cm³,TR,Türkiye,2021,,1062645,,,,,
dataflow,ESTAT:ROAD_EQS_CARMOT$DEFAULTVIEW(1.0),"Passenger cars, by type of motor energy and size of engine",A,Annual,NR,Number,DIE,Diesel,CC_LT1400,Less than 1 400 cm³,TR,Türkiye,2022,,1081226,,,,,
dataflow,ESTAT:ROAD_EQS_CARMOT$DEFAULTVIEW(1.0),"Passenger cars, by type of motor energy and size of engine",A,Annual,NR,Number,DIE,Diesel,CC_LT1400,Less than 1 400 cm³,TR,Türkiye,2023,,1121686,,,,,
dataflow,ESTAT:ROAD_EQS_CARMOT$DEFAULTVIEW(1.0),"Passenger cars, by type of motor energy and size of engine",A,Annual,NR,Number,DIE,Diesel,CC_LT1400,Less than 1 400 cm³,TR,Türkiye,2024,,1142796,,,,,
dataflow,ESTAT:ROAD_EQS_CARMOT$DEFAULTVIEW(1.0),"Passenger cars, by type of motor energy and size of engine",A,Annual,NR,Number,DIE,Diesel,CC_LT1400,Less than 1 400 cm³,UK,United Kingdom,2015,,62910,,,,,
dataflow,ESTAT:ROAD_EQS_CARMOT$DEFAULTVIEW(1.0),"Passenger cars, by type of motor energy and size of engine",A,Annual,NR,Number,DIE,Diesel,CC_LT1400,Less than 1 400 cm³,UK,United Kingdom,2016,,580448,,,,,
dataflow,ESTAT:ROAD_EQS_CARMOT$DEFAULTVIEW(1.0),"Passenger cars, by type of motor energy and size of engine",A,Annual,NR,Number,DIE,Diesel,CC_LT1400,Less than 1 400 cm³,UK,United Kingdom,2017,,551664,,,,,
dataflow,ESTAT:ROAD_EQS_CARMOT$DEFAULTVIEW(1.0),"Passenger cars, by type of motor energy and size of engine",A,Annual,NR,Number,DIE,Diesel,CC_LT1400,Less than 1 400 cm³,UK,United Kingdom,2018,,516926,,,,,
dataflow,ESTAT:ROAD_EQS_CARMOT$DEFAULTVIEW(1.0),"Passenger cars, by type of motor energy and size of engine",A,Annual,NR,Number,DIE,Diesel,CC_LT1400,Less than 1 400 cm³,UK,United Kingdom,2021,,406489,,,,,
dataflow,ESTAT:ROAD_EQS_CARMOT$DEFAULTVIEW(1.0),"Passenger cars, by type of motor energy and size of engine",A,Annual,NR,Number,DIE,Diesel,CC_LT1400,Less than 1 400 cm³,UK,United Kingdom,2022,,374494,,,,,
dataflow,ESTAT:ROAD_EQS_CARMOT$DEFAULTVIEW(1.0),"Passenger cars, by type of motor energy and size of engine",A,Annual,NR,Number,DIE,Diesel,CC_LT1400,Less than 1 400 cm³,UK,United Kingdom,2023,,339787,,,,,
dataflow,ESTAT:ROAD_EQS_CARMOT$DEFAULTVIEW(1.0),"Passenger cars, by type of motor energy and size of engine",A,Annual,NR,Number,DIE,Diesel,CC_LT1400,Less than 1 400 cm³,UK,United Kingdom,2024,,302979,,,,,
dataflow,ESTAT:ROAD_EQS_CARMOT$DEFAULTVIEW(1.0),"Passenger cars, by type of motor energy and size of engine",A,Annual,NR,Number,DIE,Diesel,CC_LT1400,Less than 1 400 cm³,XK,Kosovo*,2019,,6506,,,,,
dataflow,ESTAT:ROAD_EQS_CARMOT$DEFAULTVIEW(1.0),"Passenger cars, by type of motor energy and size of engine",A,Annual,NR,Number,DIE,Diesel,CC_LT1400,Less than 1 400 cm³,XK,Kosovo*,2021,,214,,,,,
dataflow,ESTAT:ROAD_EQS_CARMOT$DEFAULTVIEW(1.0),"Passenger cars, by type of motor energy and size of engine",A,Annual,NR,Number,DIE,Diesel,TOTAL,Total,AL,Albania,2015,,292461,,,,,
dataflow,ESTAT:ROAD_EQS_CARMOT$DEFAULTVIEW(1.0),"Passenger cars, by type of motor energy and size of engine",A,Annual,NR,Number,DIE,Diesel,TOTAL,Total,AL,Albania,2016,,317053,,,,,
dataflow,ESTAT:ROAD_EQS_CARMOT$DEFAULTVIEW(1.0),"Passenger cars, by type of motor energy and size of engine",A,Annual,NR,Number,DIE,Diesel,TOTAL,Total,AL,Albania,2017,,300905,,,,,
dataflow,ESTAT:ROAD_EQS_CARMOT$DEFAULTVIEW(1.0),"Passenger cars, by type of motor energy and size of engine",A,Annual,NR,Number,DIE,Diesel,TOTAL,Total,AL,Albania,2018,,335240,,,,,
dataflow,ESTAT:ROAD_EQS_CARMOT$DEFAULTVIEW(1.0),"Passenger cars, by type of motor energy and size of engine",A,Annual,NR,Number,DIE,Diesel,TOTAL,Total,AL,Albania,2019,,366379,,,,,
dataflow,ESTAT:ROAD_EQS_CARMOT$DEFAULTVIEW(1.0),"Passenger cars, by type of motor energy and size of engine",A,Annual,NR,Number,DIE,Diesel,TOTAL,Total,AL,Albania,2020,,396885,,,,,
dataflow,ESTAT:ROAD_EQS_CARMOT$DEFAULTVIEW(1.0),"Passenger cars, by type of motor energy and size of engine",A,Annual,NR,Number,DIE,Diesel,TOTAL,Total,AL,Albania,2021,,437038,,,,,
dataflow,ESTAT:ROAD_EQS_CARMOT$DEFAULTVIEW(1.0),"Passenger cars, by type of motor energy and size of engine",A,Annual,NR,Number,DIE,Diesel,TOTAL,Total,AL,Albania,2022,,471551,,,,,
dataflow,ESTAT:ROAD_EQS_CARMOT$DEFAULTVIEW(1.0),"Passenger cars, by type of motor energy and size of engine",A,Annual,NR,Number,DIE,Diesel,TOTAL,Total,AL,Albania,2023,,514965,,,,,
dataflow,ESTAT:ROAD_EQS_CARMOT$DEFAULTVIEW(1.0),"Passenger cars, by type of motor energy and size of engine",A,Annual,NR,Number,DIE,Diesel,TOTAL,Total,AL,Albania,2024,,567064,,,,,
dataflow,ESTAT:ROAD_EQS_CARMOT$DEFAULTVIEW(1.0),"Passenger cars, by type of motor energy and size of engine",A,Annual,NR,Number,DIE,Diesel,TOTAL,Total,AT,Austria,2015,,2703999,,,,,
dataflow,ESTAT:ROAD_EQS_CARMOT$DEFAULTVIEW(1.0),"Passenger cars, by type of motor energy and size of engine",A,Annual,NR,Number,DIE,Diesel,TOTAL,Total,AT,Austria,2016,,2750383,,,,,
dataflow,ESTAT:ROAD_EQS_CARMOT$DEFAULTVIEW(1.0),"Passenger cars, by type of motor energy and size of engine",A,Annual,NR,Number,DIE,Diesel,TOTAL,Total,AT,Austria,2017,,2771925,,,,,
dataflow,ESTAT:ROAD_EQS_CARMOT$DEFAULTVIEW(1.0),"Passenger cars, by type of motor energy and size of engine",A,Annual,NR,Number,DIE,Diesel,TOTAL,Total,AT,Austria,2018,,2778795,,,,,
dataflow,ESTAT:ROAD_EQS_CARMOT$DEFAULTVIEW(1.0),"Passenger cars, by type of motor energy and size of engine",A,Annual,NR,Number,DIE,Diesel,TOTAL,Total,AT,Austria,2019,,2779026,,,,,
dataflow,ESTAT:ROAD_EQS_CARMOT$DEFAULTVIEW(1.0),"Passenger cars, by type of motor energy and size of engine",A,Annual,NR,Number,DIE,Diesel,TOTAL,Total,AT,Austria,2020,,2776651,,,,,
dataflow,ESTAT:ROAD_EQS_CARMOT$DEFAULTVIEW(1.0),"Passenger cars, by type of motor energy and size of engine",A,Annual,NR,Number,DIE,Diesel,TOTAL,Total,AT,Austria,2021,,2745471,,,,,
dataflow,ESTAT:ROAD_EQS_CARMOT$DEFAULTVIEW(1.0),"Passenger cars, by type of motor energy and size of engine",A,Annual,NR,Number,DIE,Diesel,TOTAL,Total,AT,Austria,2022,,2692682,,,,,
dataflow,ESTAT:ROAD_EQS_CARMOT$DEFAULTVIEW(1.0),"Passenger cars, by type of motor energy and size of engine",A,Annual,NR,Number,DIE,Diesel,TOTAL,Total,AT,Austria,2023,,2640528,,,,,
dataflow,ESTAT:ROAD_EQS_CARMOT$DEFAULTVIEW(1.0),"Passenger cars, by type of motor energy and size of engine",A,Annual,NR,Number,DIE,Diesel,TOTAL,Total,AT,Austria,2024,,2582446,,,,,
dataflow,ESTAT:ROAD_EQS_CARMOT$DEFAULTVIEW(1.0),"Passenger cars, by type of motor energy and size of engine",A,Annual,NR,Number,DIE,Diesel,TOTAL,Total,BA,Bosnia and Herzegovina,2015,,556876,,,,,
dataflow,ESTAT:ROAD_EQS_CARMOT$DEFAULTVIEW(1.0),"Passenger cars, by type of motor energy and size of engine",A,Annual,NR,Number,DIE,Diesel,TOTAL,Total,BA,Bosnia and Herzegovina,2016,,591856,,,,,
dataflow,ESTAT:ROAD_EQS_CARMOT$DEFAULTVIEW(1.0),"Passenger cars, by type of motor energy and size of engine",A,Annual,NR,Number,DIE,Diesel,TOTAL,Total,BA,Bosnia and Herzegovina,2017,,615124,,,,,
dataflow,ESTAT:ROAD_EQS_CARMOT$DEFAULTVIEW(1.0),"Passenger cars, by type of motor energy and size of engine",A,Annual,NR,Number,DIE,Diesel,TOTAL,Total,BA,Bosnia and Herzegovina,2018,,650635,,,,,
dataflow,ESTAT:ROAD_EQS_CARMOT$DEFAULTVIEW(1.0),"Passenger cars, by type of motor energy and size of engine",A,Annual,NR,Number,DIE,Diesel,TOTAL,Total,BA,Bosnia and Herzegovina,2019,,681039,,,,,
dataflow,ESTAT:ROAD_EQS_CARMOT$DEFAULTVIEW(1.0),"Passenger cars, by type of motor energy and size of engine",A,Annual,NR,Number,DIE,Diesel,TOTAL,Total,BA,Bosnia and Herzegovina,2020,,689134,,,,,
dataflow,ESTAT:ROAD_EQS_CARMOT$DEFAULTVIEW(1.0),"Passenger cars, by type of motor energy and size of engine",A,Annual,NR,Number,DIE,Diesel,TOTAL,Total,BA,Bosnia and Herzegovina,2021,,736688,,,,,
dataflow,ESTAT:ROAD_EQS_CARMOT$DEFAULTVIEW(1.0),"Passenger cars, by type of motor energy and size of engine",A,Annual,NR,Number,DIE,Diesel,TOTAL,Total,BA,Bosnia and Herzegovina,2022,,763028,,,,,
dataflow,ESTAT:ROAD_EQS_CARMOT$DEFAULTVIEW(1.0),"Passenger cars, by type of motor energy and size of engine",A,Annual,NR,Number,DIE,Diesel,TOTAL,Total,BA,Bosnia and Herzegovina,2023,,801796,,,,,
dataflow,ESTAT:ROAD_EQS_CARMOT$DEFAULTVIEW(1.0),"Passenger cars, by type of motor energy and size of engine",A,Annual,NR,Number,DIE,Diesel,TOTAL,Total,BA,Bosnia and Herzegovina,2024,,850261,,,,,
dataflow,ESTAT:ROAD_EQS_CARMOT$DEFAULTVIEW(1.0),"Passenger cars, by type of motor energy and size of engine",A,Annual,NR,Number,DIE,Diesel,TOTAL,Total,BE,Belgium,2015,,3467249,,,,,
dataflow,ESTAT:ROAD_EQS_CARMOT$DEFAULTVIEW(1.0),"Passenger cars, by type of motor energy and size of engine",A,Annual,NR,Number,DIE,Diesel,TOTAL,Total,BE,Belgium,2016,,3399720,,,,,
dataflow,ESTAT:ROAD_EQS_CARMOT$DEFAULTVIEW(1.0),"Passenger cars, by type of motor energy and size of engine",A,Annual,NR,Number,DIE,Diesel,TOTAL,Total,BE,Belgium,2017,,3299815,,,,,
dataflow,ESTAT:ROAD_EQS_CARMOT$DEFAULTVIEW(1.0),"Passenger cars, by type of motor energy and size of engine",A,Annual,NR,Number,DIE,Diesel,TOTAL,Total,BE,Belgium,2018,,3124893,,,,,
dataflow,ESTAT:ROAD_EQS_CARMOT$DEFAULTVIEW(1.0),"Passenger cars, by type of motor energy and size of engine",A,Annual,NR,Number,DIE,Diesel,TOTAL,Total,BE,Belgium,2019,,2931542,,,,,
dataflow,ESTAT:ROAD_EQS_CARMOT$DEFAULTVIEW(1.0),"Passenger cars, by type of motor energy and size of engine",A,Annual,NR,Number,DIE,Diesel,TOTAL,Total,BE,Belgium,2020,,2768630,,,,,
dataflow,ESTAT:ROAD_EQS_CARMOT$DEFAULTVIEW(1.0),"Passenger cars, by type of motor energy and size of engine",A,Annual,NR,Number,DIE,Diesel,TOTAL,Total,BE,Belgium,2021,,2589340,,,,,
dataflow,ESTAT:ROAD_EQS_CARMOT$DEFAULTVIEW(1.0),"Passenger cars, by type of motor energy and size of engine",A,Annual,NR,Number,DIE,Diesel,TOTAL,Total,BE,Belgium,2022,,2398632,,,,,
dataflow,ESTAT:ROAD_EQS_CARMOT$DEFAULTVIEW(1.0),"Passenger cars, by type of motor energy and size of engine",A,Annual,NR,Number,DIE,Diesel,TOTAL,Total,BE,Belgium,2023,,2167055,,i,value imputed by Eurostat or other receiving agencies,,
dataflow,ESTAT:ROAD_EQS_CARMOT$DEFAULTVIEW(1.0),"Passenger cars, by type of motor energy and size of engine",A,Annual,NR,Number,DIE,Diesel,TOTAL,Total,BE,Belgium,2024,,1923183,,i,value imputed by Eurostat or other receiving agencies,,
dataflow,ESTAT:ROAD_EQS_CARMOT$DEFAULTVIEW(1.0),"Passenger cars, by type of motor energy and size of engine",A,Annual,NR,Number,DIE,Diesel,TOTAL,Total,BG,Bulgaria,2016,,1237910,,i,value imputed by Eurostat or other receiving agencies,,
dataflow,ESTAT:ROAD_EQS_CARMOT$DEFAULTVIEW(1.0),"Passenger cars, by type of motor energy and size of engine",A,Annual,NR,Number,DIE,Diesel,TOTAL,Total,BG,Bulgaria,2017,,1168083,,i,value imputed by Eurostat or other receiving agencies,,
dataflow,ESTAT:ROAD_EQS_CARMOT$DEFAULTVIEW(1.0),"Passenger cars, by type of motor energy and size of engine",A,Annual,NR,Number,DIE,Diesel,TOTAL,Total,BG,Bulgaria,2018,,1218434,,,,,
dataflow,ESTAT:ROAD_EQS_CARMOT$DEFAULTVIEW(1.0),"Passenger cars, by type of motor energy and size of engine",A,Annual,NR,Number,DIE,Diesel,TOTAL,Total,BG,Bulgaria,2019,,1289077,,i,value imputed by Eurostat or other receiving agencies,,
dataflow,ESTAT:ROAD_EQS_CARMOT$DEFAULTVIEW(1.0),"Passenger cars, by type of motor energy and size of engine",A,Annual,NR,Number,DIE,Diesel,TOTAL,Total,BG,Bulgaria,2020,,1333446,,i,value imputed by Eurostat or other receiving agencies,,
dataflow,ESTAT:ROAD_EQS_CARMOT$DEFAULTVIEW(1.0),"Passenger cars, by type of motor energy and size of engine",A,Annual,NR,Number,DIE,Diesel,TOTAL,Total,BG,Bulgaria,2021,,1355862,,i,value imputed by Eurostat or other receiving agencies,,
dataflow,ESTAT:ROAD_EQS_CARMOT$DEFAULTVIEW(1.0),"Passenger cars, by type of motor energy and size of engine",A,Annual,NR,Number,DIE,Diesel,TOTAL,Total,BG,Bulgaria,2022,,1404607,,i,value imputed by Eurostat or other receiving agencies,,
dataflow,ESTAT:ROAD_EQS_CARMOT$DEFAULTVIEW(1.0),"Passenger cars, by type of motor energy and size of engine",A,Annual,NR,Number,DIE,Diesel,TOTAL,Total,BG,Bulgaria,2023,,1464587,,i,value imputed by Eurostat or other receiving agencies,,
dataflow,ESTAT:ROAD_EQS_CARMOT$DEFAULTVIEW(1.0),"Passenger cars, by type of motor energy and size of engine",A,Annual,NR,Number,DIE,Diesel,TOTAL,Total,BG,Bulgaria,2024,,1529021,,i,value imputed by Eurostat or other receiving agencies,,
dataflow,ESTAT:ROAD_EQS_CARMOT$DEFAULTVIEW(1.0),"Passenger cars, by type of motor energy and size of engine",A,Annual,NR,Number,DIE,Diesel,TOTAL,Total,CH,Switzerland,2015,,1259549,,,,,
dataflow,ESTAT:ROAD_EQS_CARMOT$DEFAULTVIEW(1.0),"Passenger cars, by type of motor energy and size of engine",A,Annual,NR,Number,DIE,Diesel,TOTAL,Total,CH,Switzerland,2016,,1341939,,,,,
dataflow,ESTAT:ROAD_EQS_CARMOT$DEFAULTVIEW(1.0),"Passenger cars, by type of motor energy and size of engine",A,Annual,NR,Number,DIE,Diesel,TOTAL,Total,CH,Switzerland,2017,,1402063,,,,,
dataflow,ESTAT:ROAD_EQS_CARMOT$DEFAULTVIEW(1.0),"Passenger cars, by type of motor energy and size of engine",A,Annual,NR,Number,DIE,Diesel,TOTAL,Total,CH,Switzerland,2018,,1434282,,,,,
dataflow,ESTAT:ROAD_EQS_CARMOT$DEFAULTVIEW(1.0),"Passenger cars, by type of motor energy and size of engine",A,Annual,NR,Number,DIE,Diesel,TOTAL,Total,CH,Switzerland,2019,,1450435,,,,,
dataflow,ESTAT:ROAD_EQS_CARMOT$DEFAULTVIEW(1.0),"Passenger cars, by type of motor energy and size of engine",A,Annual,NR,Number,DIE,Diesel,TOTAL,Total,CH,Switzerland,2020,,1458016,,,,,
dataflow,ESTAT:ROAD_EQS_CARMOT$DEFAULTVIEW(1.0),"Passenger cars, by type of motor energy and size of engine",A,Annual,NR,Number,DIE,Diesel,TOTAL,Total,CH,Switzerland,2021,,1458607,,,,,
dataflow,ESTAT:ROAD_EQS_CARMOT$DEFAULTVIEW(1.0),"Passenger cars, by type of motor energy and size of engine",A,Annual,NR,Number,DIE,Diesel,TOTAL,Total,CH,Switzerland,2022,,1435383,,,,,
dataflow,ESTAT:ROAD_EQS_CARMOT$DEFAULTVIEW(1.0),"Passenger cars, by type of motor energy and size of engine",A,Annual,NR,Number,DIE,Diesel,TOTAL,Total,CH,Switzerland,2023,,1411098,,,,,
dataflow,ESTAT:ROAD_EQS_CARMOT$DEFAULTVIEW(1.0),"Passenger cars, by type of motor energy and size of engine",A,Annual,NR,Number,DIE,Diesel,TOTAL,Total,CH,Switzerland,2024,,1378558,,,,,
dataflow,ESTAT:ROAD_EQS_CARMOT$DEFAULTVIEW(1.0),"Passenger cars, by type of motor energy and size of engine",A,Annual,NR,Number,DIE,Diesel,TOTAL,Total,CY,Cyprus,2015,,60592,,,,,
dataflow,ESTAT:ROAD_EQS_CARMOT$DEFAULTVIEW(1.0),"Passenger cars, by type of motor energy and size of engine",A,Annual,NR,Number,DIE,Diesel,TOTAL,Total,CY,Cyprus,2016,,70264,,,,,
dataflow,ESTAT:ROAD_EQS_CARMOT$DEFAULTVIEW(1.0),"Passenger cars, by type of motor energy and size of engine",A,Annual,NR,Number,DIE,Diesel,TOTAL,Total,CY,Cyprus,2017,,83505,,,,,
dataflow,ESTAT:ROAD_EQS_CARMOT$DEFAULTVIEW(1.0),"Passenger cars, by type of motor energy and size of engine",A,Annual,NR,Number,DIE,Diesel,TOTAL,Total,CY,Cyprus,2018,,99381,,,,,
dataflow,ESTAT:ROAD_EQS_CARMOT$DEFAULTVIEW(1.0),"Passenger cars, by type of motor energy and size of engine",A,Annual,NR,Number,DIE,Diesel,TOTAL,Total,CY,Cyprus,2019,,114291,,,,,
dataflow,ESTAT:ROAD_EQS_CARMOT$DEFAULTVIEW(1.0),"Passenger cars, by type of motor energy and size of engine",A,Annual,NR,Number,DIE,Diesel,TOTAL,Total,CY,Cyprus,2020,,123622,,,,,
dataflow,ESTAT:ROAD_EQS_CARMOT$DEFAULTVIEW(1.0),"Passenger cars, by type of motor energy and size of engine",A,Annual,NR,Number,DIE,Diesel,TOTAL,Total,CY,Cyprus,2021,,129661,,,,,
dataflow,ESTAT:ROAD_EQS_CARMOT$DEFAULTVIEW(1.0),"Passenger cars, by type of motor energy and size of engine",A,Annual,NR,Number,DIE,Diesel,TOTAL,Total,CY,Cyprus,2022,,129536,,,,,
dataflow,ESTAT:ROAD_EQS_CARMOT$DEFAULTVIEW(1.0),"Passenger cars, by type of motor energy and size of engine",A,Annual,NR,Number,DIE,Diesel,TOTAL,Total,CY,Cyprus,2023,,133556,,,,,
dataflow,ESTAT:ROAD_EQS_CARMOT$DEFAULTVIEW(1.0),"Passenger cars, by type of motor energy and size of engine",A,Annual,NR,Number,DIE,Diesel,TOTAL,Total,CY,Cyprus,2024,,135829,,,,,
dataflow,ESTAT:ROAD_EQS_CARMOT$DEFAULTVIEW(1.0),"Passenger cars, by type of motor energy and size of engine",A,Annual,NR,Number,DIE,Diesel,TOTAL,Total,CZ,Czechia,2015,,1807953,,,,,
dataflow,ESTAT:ROAD_EQS_CARMOT$DEFAULTVIEW(1.0),"Passenger cars, by type of motor energy and size of engine",A,Annual,NR,Number,DIE,Diesel,TOTAL,Total,CZ,Czechia,2016,,1954086,,,,,
dataflow,ESTAT:ROAD_EQS_CARMOT$DEFAULTVIEW(1.0),"Passenger cars, by type of motor energy and size of engine",A,Annual,NR,Number,DIE,Diesel,TOTAL,Total,CZ,Czechia,2017,,2097056,,,,,
dataflow,ESTAT:ROAD_EQS_CARMOT$DEFAULTVIEW(1.0),"Passenger cars, by type of motor energy and size of engine",A,Annual,NR,Number,DIE,Diesel,TOTAL,Total,CZ,Czechia,2018,,2205495,,,,,
dataflow,ESTAT:ROAD_EQS_CARMOT$DEFAULTVIEW(1.0),"Passenger cars, by type of motor energy and size of engine",A,Annual,NR,Number,DIE,Diesel,TOTAL,Total,CZ,Czechia,2019,,2313009,,,,,
dataflow,ESTAT:ROAD_EQS_CARMOT$DEFAULTVIEW(1.0),"Passenger cars, by type of motor energy and size of engine",A,Annual,NR,Number,DIE,Diesel,TOTAL,Total,CZ,Czechia,2020,,2388353,,,,,
dataflow,ESTAT:ROAD_EQS_CARMOT$DEFAULTVIEW(1.0),"Passenger cars, by type of motor energy and size of engine",A,Annual,NR,Number,DIE,Diesel,TOTAL,Total,CZ,Czechia,2021,,2415250,,,,,
dataflow,ESTAT:ROAD_EQS_CARMOT$DEFAULTVIEW(1.0),"Passenger cars, by type of motor energy and size of engine",A,Annual,NR,Number,DIE,Diesel,TOTAL,Total,CZ,Czechia,2022,,2508001,,,,,
dataflow,ESTAT:ROAD_EQS_CARMOT$DEFAULTVIEW(1.0),"Passenger cars, by type of motor energy and size of engine",A,Annual,NR,Number,DIE,Diesel,TOTAL,Total,CZ,Czechia,2023,,2473580,,b,break in time series,,
dataflow,ESTAT:ROAD_EQS_CARMOT$DEFAULTVIEW(1.0),"Passenger cars, by type of motor energy and size of engine",A,Annual,NR,Number,DIE,Diesel,TOTAL,Total,CZ,Czechia,2024,,2524164,,,,,
dataflow,ESTAT:ROAD_EQS_CARMOT$DEFAULTVIEW(1.0),"Passenger cars, by type of motor energy and size of engine",A,Annual,NR,Number,DIE,Diesel,TOTAL,Total,DE,Germany,2015,,14532000,,,,,
dataflow,ESTAT:ROAD_EQS_CARMOT$DEFAULTVIEW(1.0),"Passenger cars, by type of motor energy and size of engine",A,Annual,NR,Number,DIE,Diesel,TOTAL,Total,DE,Germany,2016,,15089392,,,,,
dataflow,ESTAT:ROAD_EQS_CARMOT$DEFAULTVIEW(1.0),"Passenger cars, by type of motor energy and size of engine",A,Annual,NR,Number,DIE,Diesel,TOTAL,Total,DE,Germany,2017,,15237472,,,,,
dataflow,ESTAT:ROAD_EQS_CARMOT$DEFAULTVIEW(1.0),"Passenger cars, by type of motor energy and size of engine",A,Annual,NR,Number,DIE,Diesel,TOTAL,Total,DE,Germany,2018,,15179677,,,,,
dataflow,ESTAT:ROAD_EQS_CARMOT$DEFAULTVIEW(1.0),"Passenger cars, by type of motor energy and size of engine",A,Annual,NR,Number,DIE,Diesel,TOTAL,Total,DE,Germany,2019,,15202076,,,,,
dataflow,ESTAT:ROAD_EQS_CARMOT$DEFAULTVIEW(1.0),"Passenger cars, by type of motor energy and size of engine",A,Annual,NR,Number,DIE,Diesel,TOTAL,Total,DE,Germany,2020,,15270342,,,,,
dataflow,ESTAT:ROAD_EQS_CARMOT$DEFAULTVIEW(1.0),"Passenger cars, by type of motor energy and size of engine",A,Annual,NR,Number,DIE,Diesel,TOTAL,Total,DE,Germany,2021,,15179992,,,,,
dataflow,ESTAT:ROAD_EQS_CARMOT$DEFAULTVIEW(1.0),"Passenger cars, by type of motor energy and size of engine",A,Annual,NR,Number,DIE,Diesel,TOTAL,Total,DE,Germany,2022,,14915009,,,,,
dataflow,ESTAT:ROAD_EQS_CARMOT$DEFAULTVIEW(1.0),"Passenger cars, by type of motor energy and size of engine",A,Annual,NR,Number,DIE,Diesel,TOTAL,Total,DE,Germany,2023,,14772094,,,,,
dataflow,ESTAT:ROAD_EQS_CARMOT$DEFAULTVIEW(1.0),"Passenger cars, by type of motor energy and size of engine",A,Annual,NR,Number,DIE,Diesel,TOTAL,Total,DE,Germany,2024,,14592567,,,,,
dataflow,ESTAT:ROAD_EQS_CARMOT$DEFAULTVIEW(1.0),"Passenger cars, by type of motor energy and size of engine",A,Annual,NR,Number,DIE,Diesel,TOTAL,Total,DK,Denmark,2015,,715682,,,,,
dataflow,ESTAT:ROAD_EQS_CARMOT$DEFAULTVIEW(1.0),"Passenger cars, by type of motor energy and size of engine",A,Annual,NR,Number,DIE,Diesel,TOTAL,Total,DK,Denmark,2016,,754095,,,,,
dataflow,ESTAT:ROAD_EQS_CARMOT$DEFAULTVIEW(1.0),"Passenger cars, by type of motor energy and size of engine",A,Annual,NR,Number,DIE,Diesel,TOTAL,Total,DK,Denmark,2017,,782907,,,,,
dataflow,ESTAT:ROAD_EQS_CARMOT$DEFAULTVIEW(1.0),"Passenger cars, by type of motor energy and size of engine",A,Annual,NR,Number,DIE,Diesel,TOTAL,Total,DK,Denmark,2018,,812574,,,,,
dataflow,ESTAT:ROAD_EQS_CARMOT$DEFAULTVIEW(1.0),"Passenger cars, by type of motor energy and size of engine",A,Annual,NR,Number,DIE,Diesel,TOTAL,Total,DK,Denmark,2019,,822368,,,,,
dataflow,ESTAT:ROAD_EQS_CARMOT$DEFAULTVIEW(1.0),"Passenger cars, by type of motor energy and size of engine",A,Annual,NR,Number,DIE,Diesel,TOTAL,Total,DK,Denmark,2020,,828081,,,,,
dataflow,ESTAT:ROAD_EQS_CARMOT$DEFAULTVIEW(1.0),"Passenger cars, by type of motor energy and size of engine",A,Annual,NR,Number,DIE,Diesel,TOTAL,Total,DK,Denmark,2021,,804754,,,,,
dataflow,ESTAT:ROAD_EQS_CARMOT$DEFAULTVIEW(1.0),"Passenger cars, by type of motor energy and size of engine",A,Annual,NR,Number,DIE,Diesel,TOTAL,Total,DK,Denmark,2022,,766234,,,,,
dataflow,ESTAT:ROAD_EQS_CARMOT$DEFAULTVIEW(1.0),"Passenger cars, by type of motor energy and size of engine",A,Annual,NR,Number,DIE,Diesel,TOTAL,Total,DK,Denmark,2023,,712354,,,,,
dataflow,ESTAT:ROAD_EQS_CARMOT$DEFAULTVIEW(1.0),"Passenger cars, by type of motor energy and size of engine",A,Annual,NR,Number,DIE,Diesel,TOTAL,Total,DK,Denmark,2024,,649811,,,,,
dataflow,ESTAT:ROAD_EQS_CARMOT$DEFAULTVIEW(1.0),"Passenger cars, by type of motor energy and size of engine",A,Annual,NR,Number,DIE,Diesel,TOTAL,Total,EE,Estonia,2015,,241054,,,,,
dataflow,ESTAT:ROAD_EQS_CARMOT$DEFAULTVIEW(1.0),"Passenger cars, by type of motor energy and size of engine",A,Annual,NR,Number,DIE,Diesel,TOTAL,Total,EE,Estonia,2016,,258436,,,,,
dataflow,ESTAT:ROAD_EQS_CARMOT$DEFAULTVIEW(1.0),"Passenger cars, by type of motor energy and size of engine",A,Annual,NR,Number,DIE,Diesel,TOTAL,Total,EE,Estonia,2017,,274839,,,,,
dataflow,ESTAT:ROAD_EQS_CARMOT$DEFAULTVIEW(1.0),"Passenger cars, by type of motor energy and size of engine",A,Annual,NR,Number,DIE,Diesel,TOTAL,Total,EE,Estonia,2018,,291597,,,,,
dataflow,ESTAT:ROAD_EQS_CARMOT$DEFAULTVIEW(1.0),"Passenger cars, by type of motor energy and size of engine",A,Annual,NR,Number,DIE,Diesel,TOTAL,Total,EE,Estonia,2019,,314979,,,,,
dataflow,ESTAT:ROAD_EQS_CARMOT$DEFAULTVIEW(1.0),"Passenger cars, by type of motor energy and size of engine",A,Annual,NR,Number,DIE,Diesel,TOTAL,Total,EE,Estonia,2020,,326706,,,,,
dataflow,ESTAT:ROAD_EQS_CARMOT$DEFAULTVIEW(1.0),"Passenger cars, by type of motor energy and size of engine",A,Annual,NR,Number,DIE,Diesel,TOTAL,Total,EE,Estonia,2021,,340588,,,,,
dataflow,ESTAT:ROAD_EQS_CARMOT$DEFAULTVIEW(1.0),"Passenger cars, by type of motor energy and size of engine",A,Annual,NR,Number,DIE,Diesel,TOTAL,Total,EE,Estonia,2022,,357005,,,,,
dataflow,ESTAT:ROAD_EQS_CARMOT$DEFAULTVIEW(1.0),"Passenger cars, by type of motor energy and size of engine",A,Annual,NR,Number,DIE,Diesel,TOTAL,Total,EE,Estonia,2023,,367060,,,,,
dataflow,ESTAT:ROAD_EQS_CARMOT$DEFAULTVIEW(1.0),"Passenger cars, by type of motor energy and size of engine",A,Annual,NR,Number,DIE,Diesel,TOTAL,Total,EE,Estonia,2024,,369142,,,,,
dataflow,ESTAT:ROAD_EQS_CARMOT$DEFAULTVIEW(1.0),"Passenger cars, by type of motor energy and size of engine",A,Annual,NR,Number,DIE,Diesel,TOTAL,Total,ES,Spain,2015,,12645648,,,,,
dataflow,ESTAT:ROAD_EQS_CARMOT$DEFAULTVIEW(1.0),"Passenger cars, by type of motor energy and size of engine",A,Annual,NR,Number,DIE,Diesel,TOTAL,Total,ES,Spain,2016,,12881856,,i,value imputed by Eurostat or other receiving agencies,,
dataflow,ESTAT:ROAD_EQS_CARMOT$DEFAULTVIEW(1.0),"Passenger cars, by type of motor energy and size of engine",A,Annual,NR,Number,DIE,Diesel,TOTAL,Total,ES,Spain,2017,,14394389,,,,,
dataflow,ESTAT:ROAD_EQS_CARMOT$DEFAULTVIEW(1.0),"Passenger cars, by type of motor energy and size of engine",A,Annual,NR,Number,DIE,Diesel,TOTAL,Total,ES,Spain,2018,,14575031,,,,,
dataflow,ESTAT:ROAD_EQS_CARMOT$DEFAULTVIEW(1.0),"Passenger cars, by type of motor energy and size of engine",A,Annual,NR,Number,DIE,Diesel,TOTAL,Total,ES,Spain,2019,,14624456,,,,,
dataflow,ESTAT:ROAD_EQS_CARMOT$DEFAULTVIEW(1.0),"Passenger cars, by type of motor energy and size of engine",A,Annual,NR,Number,DIE,Diesel,TOTAL,Total,ES,Spain,2020,,14599359,,,,,
dataflow,ESTAT:ROAD_EQS_CARMOT$DEFAULTVIEW(1.0),"Passenger cars, by type of motor energy and size of engine",A,Annual,NR,Number,DIE,Diesel,TOTAL,Total,ES,Spain,2021,,14524538,,,,,
dataflow,ESTAT:ROAD_EQS_CARMOT$DEFAULTVIEW(1.0),"Passenger cars, by type of motor energy and size of engine",A,Annual,NR,Number,DIE,Diesel,TOTAL,Total,ES,Spain,2022,,14444847,,,,,
dataflow,ESTAT:ROAD_EQS_CARMOT$DEFAULTVIEW(1.0),"Passenger cars, by type of motor energy and size of engine",A,Annual,NR,Number,DIE,Diesel,TOTAL,Total,ES,Spain,2023,,14334215,,,,,
dataflow,ESTAT:ROAD_EQS_CARMOT$DEFAULTVIEW(1.0),"Passenger cars, by type of motor energy and size of engine",A,Annual,NR,Number,DIE,Diesel,TOTAL,Total,ES,Spain,2024,,14157909,,,,,
dataflow,ESTAT:ROAD_EQS_CARMOT$DEFAULTVIEW(1.0),"Passenger cars, by type of motor energy and size of engine",A,Annual,NR,Number,DIE,Diesel,TOTAL,Total,FI,Finland,2015,,783760,,,,,
dataflow,ESTAT:ROAD_EQS_CARMOT$DEFAULTVIEW(1.0),"Passenger cars, by type of motor energy and size of engine",A,Annual,NR,Number,DIE,Diesel,TOTAL,Total,FI,Finland,2016,,828194,,,,,
dataflow,ESTAT:ROAD_EQS_CARMOT$DEFAULTVIEW(1.0),"Passenger cars, by type of motor energy and size of engine",A,Annual,NR,Number,DIE,Diesel,TOTAL,Total,FI,Finland,2017,,867128,,,,,
dataflow,ESTAT:ROAD_EQS_CARMOT$DEFAULTVIEW(1.0),"Passenger cars, by type of motor energy and size of engine",A,Annual,NR,Number,DIE,Diesel,TOTAL,Total,FI,Finland,2018,,901393,,,,,
dataflow,ESTAT:ROAD_EQS_CARMOT$DEFAULTVIEW(1.0),"Passenger cars, by type of motor energy and size of engine",A,Annual,NR,Number,DIE,Diesel,TOTAL,Total,FI,Finland,2019,,927011,,,,,
dataflow,ESTAT:ROAD_EQS_CARMOT$DEFAULTVIEW(1.0),"Passenger cars, by type of motor energy and size of engine",A,Annual,NR,Number,DIE,Diesel,TOTAL,Total,FI,Finland,2020,,942092,,,,,
dataflow,ESTAT:ROAD_EQS_CARMOT$DEFAULTVIEW(1.0),"Passenger cars, by type of motor energy and size of engine",A,Annual,NR,Number,DIE,Diesel,TOTAL,Total,FI,Finland,2021,,945046,,,,,
dataflow,ESTAT:ROAD_EQS_CARMOT$DEFAULTVIEW(1.0),"Passenger cars, by type of motor energy and size of engine",A,Annual,NR,Number,DIE,Diesel,TOTAL,Total,FI,Finland,2022,,937381,,,,,
dataflow,ESTAT:ROAD_EQS_CARMOT$DEFAULTVIEW(1.0),"Passenger cars, by type of motor energy and size of engine",A,Annual,NR,Number,DIE,Diesel,TOTAL,Total,FI,Finland,2023,,923449,,,,,
dataflow,ESTAT:ROAD_EQS_CARMOT$DEFAULTVIEW(1.0),"Passenger cars, by type of motor energy and size of engine",A,Annual,NR,Number,DIE,Diesel,TOTAL,Total,FI,Finland,2024,,908124,,,,,
dataflow,ESTAT:ROAD_EQS_CARMOT$DEFAULTVIEW(1.0),"Passenger cars, by type of motor energy and size of engine",A,Annual,NR,Number,DIE,Diesel,TOTAL,Total,FR,France,2015,,23770158,,,,,
dataflow,ESTAT:ROAD_EQS_CARMOT$DEFAULTVIEW(1.0),"Passenger cars, by type of motor energy and size of engine",A,Annual,NR,Number,DIE,Diesel,TOTAL,Total,FR,France,2016,,23896213,,,,,
dataflow,ESTAT:ROAD_EQS_CARMOT$DEFAULTVIEW(1.0),"Passenger cars, by type of motor energy and size of engine",A,Annual,NR,Number,DIE,Diesel,TOTAL,Total,FR,France,2017,,23808937,,,,,
dataflow,ESTAT:ROAD_EQS_CARMOT$DEFAULTVIEW(1.0),"Passenger cars, by type of motor energy and size of engine",A,Annual,NR,Number,DIE,Diesel,TOTAL,Total,FR,France,2018,,23256662,,,,,
dataflow,ESTAT:ROAD_EQS_CARMOT$DEFAULTVIEW(1.0),"Passenger cars, by type of motor energy and size of engine",A,Annual,NR,Number,DIE,Diesel,TOTAL,Total,FR,France,2019,,22679025,,,,,
dataflow,ESTAT:ROAD_EQS_CARMOT$DEFAULTVIEW(1.0),"Passenger cars, by type of motor energy and size of engine",A,Annual,NR,Number,DIE,Diesel,TOTAL,Total,FR,France,2020,,22116864,,,,,
dataflow,ESTAT:ROAD_EQS_CARMOT$DEFAULTVIEW(1.0),"Passenger cars, by type of motor energy and size of engine",A,Annual,NR,Number,DIE,Diesel,TOTAL,Total,FR,France,2021,,21553559,,,,,
dataflow,ESTAT:ROAD_EQS_CARMOT$DEFAULTVIEW(1.0),"Passenger cars, by type of motor energy and size of engine",A,Annual,NR,Number,DIE,Diesel,TOTAL,Total,FR,France,2022,,20831620,,,,,
dataflow,ESTAT:ROAD_EQS_CARMOT$DEFAULTVIEW(1.0),"Passenger cars, by type of motor energy and size of engine",A,Annual,NR,Number,DIE,Diesel,TOTAL,Total,FR,France,2023,,20129451,,,,,
dataflow,ESTAT:ROAD_EQS_CARMOT$DEFAULTVIEW(1.0),"Passenger cars, by type of motor energy and size of engine",A,Annual,NR,Number,DIE,Diesel,TOTAL,Total,FR,France,2024,,19404333,,,,,
dataflow,ESTAT:ROAD_EQS_CARMOT$DEFAULTVIEW(1.0),"Passenger cars, by type of motor energy and size of engine",A,Annual,NR,Number,DIE,Diesel,TOTAL,Total,GE,Georgia,2017,,71052,,,,,
dataflow,ESTAT:ROAD_EQS_CARMOT$DEFAULTVIEW(1.0),"Passenger cars, by type of motor energy and size of engine",A,Annual,NR,Number,DIE,Diesel,TOTAL,Total,GE,Georgia,2018,,86982,,,,,
dataflow,ESTAT:ROAD_EQS_CARMOT$DEFAULTVIEW(1.0),"Passenger cars, by type of motor energy and size of engine",A,Annual,NR,Number,DIE,Diesel,TOTAL,Total,GE,Georgia,2019,,104564,,,,,
dataflow,ESTAT:ROAD_EQS_CARMOT$DEFAULTVIEW(1.0),"Passenger cars, by type of motor energy and size of engine",A,Annual,NR,Number,DIE,Diesel,TOTAL,Total,GE,Georgia,2020,,118795,,,,,
dataflow,ESTAT:ROAD_EQS_CARMOT$DEFAULTVIEW(1.0),"Passenger cars, by type of motor energy and size of engine",A,Annual,NR,Number,DIE,Diesel,TOTAL,Total,GE,Georgia,2021,,144544,,,,,
dataflow,ESTAT:ROAD_EQS_CARMOT$DEFAULTVIEW(1.0),"Passenger cars, by type of motor energy and size of engine",A,Annual,NR,Number,DIE,Diesel,TOTAL,Total,GE,Georgia,2022,,162329,,,,,
dataflow,ESTAT:ROAD_EQS_CARMOT$DEFAULTVIEW(1.0),"Passenger cars, by type of motor energy and size of engine",A,Annual,NR,Number,DIE,Diesel,TOTAL,Total,GE,Georgia,2023,,180073,,,,,
dataflow,ESTAT:ROAD_EQS_CARMOT$DEFAULTVIEW(1.0),"Passenger cars, by type of motor energy and size of engine",A,Annual,NR,Number,DIE,Diesel,TOTAL,Total,GE,Georgia,2024,,193485,,,,,
dataflow,ESTAT:ROAD_EQS_CARMOT$DEFAULTVIEW(1.0),"Passenger cars, by type of motor energy and size of engine",A,Annual,NR,Number,DIE,Diesel,TOTAL,Total,HR,Croatia,2015,,650007,,,,,
dataflow,ESTAT:ROAD_EQS_CARMOT$DEFAULTVIEW(1.0),"Passenger cars, by type of motor energy and size of engine",A,Annual,NR,Number,DIE,Diesel,TOTAL,Total,HR,Croatia,2016,,711886,,,,,
dataflow,ESTAT:ROAD_EQS_CARMOT$DEFAULTVIEW(1.0),"Passenger cars, by type of motor energy and size of engine",A,Annual,NR,Number,DIE,Diesel,TOTAL,Total,HR,Croatia,2017,,767666,,,,,
dataflow,ESTAT:ROAD_EQS_CARMOT$DEFAULTVIEW(1.0),"Passenger cars, by type of motor energy and size of engine",A,Annual,NR,Number,DIE,Diesel,TOTAL,Total,HR,Croatia,2018,,844546,,,,,
dataflow,ESTAT:ROAD_EQS_CARMOT$DEFAULTVIEW(1.0),"Passenger cars, by type of motor energy and size of engine",A,Annual,NR,Number,DIE,Diesel,TOTAL,Total,HR,Croatia,2019,,913400,,,,,
dataflow,ESTAT:ROAD_EQS_CARMOT$DEFAULTVIEW(1.0),"Passenger cars, by type of motor energy and size of engine",A,Annual,NR,Number,DIE,Diesel,TOTAL,Total,HR,Croatia,2020,,951149,,,,,
dataflow,ESTAT:ROAD_EQS_CARMOT$DEFAULTVIEW(1.0),"Passenger cars, by type of motor energy and size of engine",A,Annual,NR,Number,DIE,Diesel,TOTAL,Total,HR,Croatia,2021,,995611,,,,,
dataflow,ESTAT:ROAD_EQS_CARMOT$DEFAULTVIEW(1.0),"Passenger cars, by type of motor energy and size of engine",A,Annual,NR,Number,DIE,Diesel,TOTAL,Total,HR,Croatia,2022,,1027371,,,,,
dataflow,ESTAT:ROAD_EQS_CARMOT$DEFAULTVIEW(1.0),"Passenger cars, by type of motor energy and size of engine",A,Annual,NR,Number,DIE,Diesel,TOTAL,Total,HR,Croatia,2023,,1069231,,,,,
dataflow,ESTAT:ROAD_EQS_CARMOT$DEFAULTVIEW(1.0),"Passenger cars, by type of motor energy and size of engine",A,Annual,NR,Number,DIE,Diesel,TOTAL,Total,HR,Croatia,2024,,1110070,,,,,
dataflow,ESTAT:ROAD_EQS_CARMOT$DEFAULTVIEW(1.0),"Passenger cars, by type of motor energy and size of engine",A,Annual,NR,Number,DIE,Diesel,TOTAL,Total,HU,Hungary,2015,,888874,,,,,
dataflow,ESTAT:ROAD_EQS_CARMOT$DEFAULTVIEW(1.0),"Passenger cars, by type of motor energy and size of engine",A,Annual,NR,Number,DIE,Diesel,TOTAL,Total,HU,Hungary,2016,,970997,,,,,
dataflow,ESTAT:ROAD_EQS_CARMOT$DEFAULTVIEW(1.0),"Passenger cars, by type of motor energy and size of engine",A,Annual,NR,Number,DIE,Diesel,TOTAL,Total,HU,Hungary,2017,,1055268,,,,,
dataflow,ESTAT:ROAD_EQS_CARMOT$DEFAULTVIEW(1.0),"Passenger cars, by type of motor energy and size of engine",A,Annual,NR,Number,DIE,Diesel,TOTAL,Total,HU,Hungary,2018,,1131685,,,,,
dataflow,ESTAT:ROAD_EQS_CARMOT$DEFAULTVIEW(1.0),"Passenger cars, by type of motor energy and size of engine",A,Annual,NR,Number,DIE,Diesel,TOTAL,Total,HU,Hungary,2019,,1199155,,,,,
dataflow,ESTAT:ROAD_EQS_CARMOT$DEFAULTVIEW(1.0),"Passenger cars, by type of motor energy and size of engine",A,Annual,NR,Number,DIE,Diesel,TOTAL,Total,HU,Hungary,2020,,1241967,,,,,
dataflow,ESTAT:ROAD_EQS_CARMOT$DEFAULTVIEW(1.0),"Passenger cars, by type of motor energy and size of engine",A,Annual,NR,Number,DIE,Diesel,TOTAL,Total,HU,Hungary,2021,,1272218,,,,,
dataflow,ESTAT:ROAD_EQS_CARMOT$DEFAULTVIEW(1.0),"Passenger cars, by type of motor energy and size of engine",A,Annual,NR,Number,DIE,Diesel,TOTAL,Total,HU,Hungary,2022,,1294087,,,,,
dataflow,ESTAT:ROAD_EQS_CARMOT$DEFAULTVIEW(1.0),"Passenger cars, by type of motor energy and size of engine",A,Annual,NR,Number,DIE,Diesel,TOTAL,Total,HU,Hungary,2023,,1315322,,,,,
dataflow,ESTAT:ROAD_EQS_CARMOT$DEFAULTVIEW(1.0),"Passenger cars, by type of motor energy and size of engine",A,Annual,NR,Number,DIE,Diesel,TOTAL,Total,HU,Hungary,2024,,1365075,,,,,
dataflow,ESTAT:ROAD_EQS_CARMOT$DEFAULTVIEW(1.0),"Passenger cars, by type of motor energy and size of engine",A,Annual,NR,Number,DIE,Diesel,TOTAL,Total,IE,Ireland,2015,,917690,,,,,
dataflow,ESTAT:ROAD_EQS_CARMOT$DEFAULTVIEW(1.0),"Passenger cars, by type of motor energy and size of engine",A,Annual,NR,Number,DIE,Diesel,TOTAL,Total,IE,Ireland,2016,,1024270,,,,,
dataflow,ESTAT:ROAD_EQS_CARMOT$DEFAULTVIEW(1.0),"Passenger cars, by type of motor energy and size of engine",A,Annual,NR,Number,DIE,Diesel,TOTAL,Total,IE,Ireland,2017,,1127720,,,,,
dataflow,ESTAT:ROAD_EQS_CARMOT$DEFAULTVIEW(1.0),"Passenger cars, by type of motor energy and size of engine",A,Annual,NR,Number,DIE,Diesel,TOTAL,Total,IE,Ireland,2018,,1211800,,,,,
dataflow,ESTAT:ROAD_EQS_CARMOT$DEFAULTVIEW(1.0),"Passenger cars, by type of motor energy and size of engine",A,Annual,NR,Number,DIE,Diesel,TOTAL,Total,IE,Ireland,2019,,1296020,,,,,
dataflow,ESTAT:ROAD_EQS_CARMOT$DEFAULTVIEW(1.0),"Passenger cars, by type of motor energy and size of engine",A,Annual,NR,Number,DIE,Diesel,TOTAL,Total,IE,Ireland,2020,,1345100,,,,,
dataflow,ESTAT:ROAD_EQS_CARMOT$DEFAULTVIEW(1.0),"Passenger cars, by type of motor energy and size of engine",A,Annual,NR,Number,DIE,Diesel,TOTAL,Total,IE,Ireland,2021,,1352520,,,,,
dataflow,ESTAT:ROAD_EQS_CARMOT$DEFAULTVIEW(1.0),"Passenger cars, by type of motor energy and size of engine",A,Annual,NR,Number,DIE,Diesel,TOTAL,Total,IE,Ireland,2022,,1335860,,,,,
dataflow,ESTAT:ROAD_EQS_CARMOT$DEFAULTVIEW(1.0),"Passenger cars, by type of motor energy and size of engine",A,Annual,NR,Number,DIE,Diesel,TOTAL,Total,IE,Ireland,2023,,1336330,,,,,
dataflow,ESTAT:ROAD_EQS_CARMOT$DEFAULTVIEW(1.0),"Passenger cars, by type of motor energy and size of engine",A,Annual,NR,Number,DIE,Diesel,TOTAL,Total,IE,Ireland,2024,,1357639,,i,value imputed by Eurostat or other receiving agencies,,
dataflow,ESTAT:ROAD_EQS_CARMOT$DEFAULTVIEW(1.0),"Passenger cars, by type of motor energy and size of engine",A,Annual,NR,Number,DIE,Diesel,TOTAL,Total,IS,Iceland,2017,,77622,,,,,
dataflow,ESTAT:ROAD_EQS_CARMOT$DEFAULTVIEW(1.0),"Passenger cars, by type of motor energy and size of engine",A,Annual,NR,Number,DIE,Diesel,TOTAL,Total,IS,Iceland,2018,,85043,,,,,
dataflow,ESTAT:ROAD_EQS_CARMOT$DEFAULTVIEW(1.0),"Passenger cars, by type of motor energy and size of engine",A,Annual,NR,Number,DIE,Diesel,TOTAL,Total,IS,Iceland,2019,,88102,,,,,
dataflow,ESTAT:ROAD_EQS_CARMOT$DEFAULTVIEW(1.0),"Passenger cars, by type of motor energy and size of engine",A,Annual,NR,Number,DIE,Diesel,TOTAL,Total,IS,Iceland,2020,,89096,,,,,
dataflow,ESTAT:ROAD_EQS_CARMOT$DEFAULTVIEW(1.0),"Passenger cars, by type of motor energy and size of engine",A,Annual,NR,Number,DIE,Diesel,TOTAL,Total,IS,Iceland,2021,,90330,,,,,
dataflow,ESTAT:ROAD_EQS_CARMOT$DEFAULTVIEW(1.0),"Passenger cars, by type of motor energy and size of engine",A,Annual,NR,Number,DIE,Diesel,TOTAL,Total,IT,Italy,2015,,15669276,,,,,
dataflow,ESTAT:ROAD_EQS_CARMOT$DEFAULTVIEW(1.0),"Passenger cars, by type of motor energy and size of engine",A,Annual,NR,Number,DIE,Diesel,TOTAL,Total,IT,Italy,2016,,16263957,,,,,
dataflow,ESTAT:ROAD_EQS_CARMOT$DEFAULTVIEW(1.0),"Passenger cars, by type of motor energy and size of engine",A,Annual,NR,Number,DIE,Diesel,TOTAL,Total,IT,Italy,2017,,16900141,,,,,
dataflow,ESTAT:ROAD_EQS_CARMOT$DEFAULTVIEW(1.0),"Passenger cars, by type of motor energy and size of engine",A,Annual,NR,Number,DIE,Diesel,TOTAL,Total,IT,Italy,2018,,17321593,,,,,
dataflow,ESTAT:ROAD_EQS_CARMOT$DEFAULTVIEW(1.0),"Passenger cars, by type of motor energy and size of engine",A,Annual,NR,Number,DIE,Diesel,TOTAL,Total,IT,Italy,2019,,17486135,,,,,
dataflow,ESTAT:ROAD_EQS_CARMOT$DEFAULTVIEW(1.0),"Passenger cars, by type of motor energy and size of engine",A,Annual,NR,Number,DIE,Diesel,TOTAL,Total,IT,Italy,2020,,17426703,,,,,
dataflow,ESTAT:ROAD_EQS_CARMOT$DEFAULTVIEW(1.0),"Passenger cars, by type of motor energy and size of engine",A,Annual,NR,Number,DIE,Diesel,TOTAL,Total,IT,Italy,2021,,17197765,,,,,
dataflow,ESTAT:ROAD_EQS_CARMOT$DEFAULTVIEW(1.0),"Passenger cars, by type of motor energy and size of engine",A,Annual,NR,Number,DIE,Diesel,TOTAL,Total,IT,Italy,2022,,17100357,,,,,
dataflow,ESTAT:ROAD_EQS_CARMOT$DEFAULTVIEW(1.0),"Passenger cars, by type of motor energy and size of engine",A,Annual,NR,Number,DIE,Diesel,TOTAL,Total,IT,Italy,2023,,17039273,,,,,
dataflow,ESTAT:ROAD_EQS_CARMOT$DEFAULTVIEW(1.0),"Passenger cars, by type of motor energy and size of engine",A,Annual,NR,Number,DIE,Diesel,TOTAL,Total,IT,Italy,2024,,16796038,,,,,
dataflow,ESTAT:ROAD_EQS_CARMOT$DEFAULTVIEW(1.0),"Passenger cars, by type of motor energy and size of engine",A,Annual,NR,Number,DIE,Diesel,TOTAL,Total,LI,Liechtenstein,2015,,8896,,,,,
dataflow,ESTAT:ROAD_EQS_CARMOT$DEFAULTVIEW(1.0),"Passenger cars, by type of motor energy and size of engine",A,Annual,NR,Number,DIE,Diesel,TOTAL,Total,LI,Liechtenstein,2016,,9430,,,,,
dataflow,ESTAT:ROAD_EQS_CARMOT$DEFAULTVIEW(1.0),"Passenger cars, by type of motor energy and size of engine",A,Annual,NR,Number,DIE,Diesel,TOTAL,Total,LI,Liechtenstein,2017,,9822,,,,,
dataflow,ESTAT:ROAD_EQS_CARMOT$DEFAULTVIEW(1.0),"Passenger cars, by type of motor energy and size of engine",A,Annual,NR,Number,DIE,Diesel,TOTAL,Total,LI,Liechtenstein,2018,,9927,,,,,
dataflow,ESTAT:ROAD_EQS_CARMOT$DEFAULTVIEW(1.0),"Passenger cars, by type of motor energy and size of engine",A,Annual,NR,Number,DIE,Diesel,TOTAL,Total,LI,Liechtenstein,2019,,10004,,,,,
dataflow,ESTAT:ROAD_EQS_CARMOT$DEFAULTVIEW(1.0),"Passenger cars, by type of motor energy and size of engine",A,Annual,NR,Number,DIE,Diesel,TOTAL,Total,LI,Liechtenstein,2020,,10003,,,,,
dataflow,ESTAT:ROAD_EQS_CARMOT$DEFAULTVIEW(1.0),"Passenger cars, by type of motor energy and size of engine",A,Annual,NR,Number,DIE,Diesel,TOTAL,Total,LI,Liechtenstein,2021,,9808,,,,,
dataflow,ESTAT:ROAD_EQS_CARMOT$DEFAULTVIEW(1.0),"Passenger cars, by type of motor energy and size of engine",A,Annual,NR,Number,DIE,Diesel,TOTAL,Total,LI,Liechtenstein,2022,,9632,,,,,
dataflow,ESTAT:ROAD_EQS_CARMOT$DEFAULTVIEW(1.0),"Passenger cars, by type of motor energy and size of engine",A,Annual,NR,Number,DIE,Diesel,TOTAL,Total,LI,Liechtenstein,2023,,9336,,,,,
dataflow,ESTAT:ROAD_EQS_CARMOT$DEFAULTVIEW(1.0),"Passenger cars, by type of motor energy and size of engine",A,Annual,NR,Number,DIE,Diesel,TOTAL,Total,LI,Liechtenstein,2024,,9011,,,,,
dataflow,ESTAT:ROAD_EQS_CARMOT$DEFAULTVIEW(1.0),"Passenger cars, by type of motor energy and size of engine",A,Annual,NR,Number,DIE,Diesel,TOTAL,Total,LT,Lithuania,2015,,783606,,,,,
dataflow,ESTAT:ROAD_EQS_CARMOT$DEFAULTVIEW(1.0),"Passenger cars, by type of motor energy and size of engine",A,Annual,NR,Number,DIE,Diesel,TOTAL,Total,LT,Lithuania,2016,,847326,,,,,
dataflow,ESTAT:ROAD_EQS_CARMOT$DEFAULTVIEW(1.0),"Passenger cars, by type of motor energy and size of engine",A,Annual,NR,Number,DIE,Diesel,TOTAL,Total,LT,Lithuania,2017,,907246,,,,,
dataflow,ESTAT:ROAD_EQS_CARMOT$DEFAULTVIEW(1.0),"Passenger cars, by type of motor energy and size of engine",A,Annual,NR,Number,DIE,Diesel,TOTAL,Total,LT,Lithuania,2018,,968045,,,,,
dataflow,ESTAT:ROAD_EQS_CARMOT$DEFAULTVIEW(1.0),"Passenger cars, by type of motor energy and size of engine",A,Annual,NR,Number,DIE,Diesel,TOTAL,Total,LT,Lithuania,2019,,1016229,,,,,
dataflow,ESTAT:ROAD_EQS_CARMOT$DEFAULTVIEW(1.0),"Passenger cars, by type of motor energy and size of engine",A,Annual,NR,Number,DIE,Diesel,TOTAL,Total,LT,Lithuania,2020,,1060090,,,,,
dataflow,ESTAT:ROAD_EQS_CARMOT$DEFAULTVIEW(1.0),"Passenger cars, by type of motor energy and size of engine",A,Annual,NR,Number,DIE,Diesel,TOTAL,Total,LT,Lithuania,2021,,1091013,,,,,
dataflow,ESTAT:ROAD_EQS_CARMOT$DEFAULTVIEW(1.0),"Passenger cars, by type of motor energy and size of engine",A,Annual,NR,Number,DIE,Diesel,TOTAL,Total,LT,Lithuania,2022,,1105846,,,,,
dataflow,ESTAT:ROAD_EQS_CARMOT$DEFAULTVIEW(1.0),"Passenger cars, by type of motor energy and size of engine",A,Annual,NR,Number,DIE,Diesel,TOTAL,Total,LT,Lithuania,2023,,1127236,,,,,
dataflow,ESTAT:ROAD_EQS_CARMOT$DEFAULTVIEW(1.0),"Passenger cars, by type of motor energy and size of engine",A,Annual,NR,Number,DIE,Diesel,TOTAL,Total,LT,Lithuania,2024,,1130750,,,,,
dataflow,ESTAT:ROAD_EQS_CARMOT$DEFAULTVIEW(1.0),"Passenger cars, by type of motor energy and size of engine",A,Annual,NR,Number,DIE,Diesel,TOTAL,Total,LU,Luxembourg,2015,,249006,,,,,
dataflow,ESTAT:ROAD_EQS_CARMOT$DEFAULTVIEW(1.0),"Passenger cars, by type of motor energy and size of engine",A,Annual,NR,Number,DIE,Diesel,TOTAL,Total,LU,Luxembourg,2016,,251306,,,,,
dataflow,ESTAT:ROAD_EQS_CARMOT$DEFAULTVIEW(1.0),"Passenger cars, by type of motor energy and size of engine",A,Annual,NR,Number,DIE,Diesel,TOTAL,Total,LU,Luxembourg,2017,,249587,,,,,
dataflow,ESTAT:ROAD_EQS_CARMOT$DEFAULTVIEW(1.0),"Passenger cars, by type of motor energy and size of engine",A,Annual,NR,Number,DIE,Diesel,TOTAL,Total,LU,Luxembourg,2018,,245135,,,,,
dataflow,ESTAT:ROAD_EQS_CARMOT$DEFAULTVIEW(1.0),"Passenger cars, by type of motor energy and size of engine",A,Annual,NR,Number,DIE,Diesel,TOTAL,Total,LU,Luxembourg,2019,,238932,,,,,
dataflow,ESTAT:ROAD_EQS_CARMOT$DEFAULTVIEW(1.0),"Passenger cars, by type of motor energy and size of engine",A,Annual,NR,Number,DIE,Diesel,TOTAL,Total,LU,Luxembourg,2020,,230364,,,,,
dataflow,ESTAT:ROAD_EQS_CARMOT$DEFAULTVIEW(1.0),"Passenger cars, by type of motor energy and size of engine",A,Annual,NR,Number,DIE,Diesel,TOTAL,Total,LU,Luxembourg,2021,,220107,,,,,
dataflow,ESTAT:ROAD_EQS_CARMOT$DEFAULTVIEW(1.0),"Passenger cars, by type of motor energy and size of engine",A,Annual,NR,Number,DIE,Diesel,TOTAL,Total,LU,Luxembourg,2022,,209362,,,,,
dataflow,ESTAT:ROAD_EQS_CARMOT$DEFAULTVIEW(1.0),"Passenger cars, by type of motor energy and size of engine",A,Annual,NR,Number,DIE,Diesel,TOTAL,Total,LU,Luxembourg,2023,,196333,,,,,
dataflow,ESTAT:ROAD_EQS_CARMOT$DEFAULTVIEW(1.0),"Passenger cars, by type of motor energy and size of engine",A,Annual,NR,Number,DIE,Diesel,TOTAL,Total,LU,Luxembourg,2024,,181450,,,,,
dataflow,ESTAT:ROAD_EQS_CARMOT$DEFAULTVIEW(1.0),"Passenger cars, by type of motor energy and size of engine",A,Annual,NR,Number,DIE,Diesel,TOTAL,Total,LV,Latvia,2015,,337453,,,,,
dataflow,ESTAT:ROAD_EQS_CARMOT$DEFAULTVIEW(1.0),"Passenger cars, by type of motor energy and size of engine",A,Annual,NR,Number,DIE,Diesel,TOTAL,Total,LV,Latvia,2016,,355043,,,,,
dataflow,ESTAT:ROAD_EQS_CARMOT$DEFAULTVIEW(1.0),"Passenger cars, by type of motor energy and size of engine",A,Annual,NR,Number,DIE,Diesel,TOTAL,Total,LV,Latvia,2017,,387996,,,,,
dataflow,ESTAT:ROAD_EQS_CARMOT$DEFAULTVIEW(1.0),"Passenger cars, by type of motor energy and size of engine",A,Annual,NR,Number,DIE,Diesel,TOTAL,Total,LV,Latvia,2018,,418232,,,,,
dataflow,ESTAT:ROAD_EQS_CARMOT$DEFAULTVIEW(1.0),"Passenger cars, by type of motor energy and size of engine",A,Annual,NR,Number,DIE,Diesel,TOTAL,Total,LV,Latvia,2019,,447491,,,,,
dataflow,ESTAT:ROAD_EQS_CARMOT$DEFAULTVIEW(1.0),"Passenger cars, by type of motor energy and size of engine",A,Annual,NR,Number,DIE,Diesel,TOTAL,Total,LV,Latvia,2020,,468180,,,,,
dataflow,ESTAT:ROAD_EQS_CARMOT$DEFAULTVIEW(1.0),"Passenger cars, by type of motor energy and size of engine",A,Annual,NR,Number,DIE,Diesel,TOTAL,Total,LV,Latvia,2021,,492545,,,,,
dataflow,ESTAT:ROAD_EQS_CARMOT$DEFAULTVIEW(1.0),"Passenger cars, by type of motor energy and size of engine",A,Annual,NR,Number,DIE,Diesel,TOTAL,Total,LV,Latvia,2022,,506827,,,,,
dataflow,ESTAT:ROAD_EQS_CARMOT$DEFAULTVIEW(1.0),"Passenger cars, by type of motor energy and size of engine",A,Annual,NR,Number,DIE,Diesel,TOTAL,Total,LV,Latvia,2023,,518596,,,,,
dataflow,ESTAT:ROAD_EQS_CARMOT$DEFAULTVIEW(1.0),"Passenger cars, by type of motor energy and size of engine",A,Annual,NR,Number,DIE,Diesel,TOTAL,Total,LV,Latvia,2024,,523451,,,,,
dataflow,ESTAT:ROAD_EQS_CARMOT$DEFAULTVIEW(1.0),"Passenger cars, by type of motor energy and size of engine",A,Annual,NR,Number,DIE,Diesel,TOTAL,Total,MD,Moldova,2015,,112318,,,,,
dataflow,ESTAT:ROAD_EQS_CARMOT$DEFAULTVIEW(1.0),"Passenger cars, by type of motor energy and size of engine",A,Annual,NR,Number,DIE,Diesel,TOTAL,Total,MD,Moldova,2016,,120701,,,,,
dataflow,ESTAT:ROAD_EQS_CARMOT$DEFAULTVIEW(1.0),"Passenger cars, by type of motor energy and size of engine",A,Annual,NR,Number,DIE,Diesel,TOTAL,Total,MD,Moldova,2017,,144585,,,,,
dataflow,ESTAT:ROAD_EQS_CARMOT$DEFAULTVIEW(1.0),"Passenger cars, by type of motor energy and size of engine",A,Annual,NR,Number,DIE,Diesel,TOTAL,Total,MD,Moldova,2018,,159521,,,,,
dataflow,ESTAT:ROAD_EQS_CARMOT$DEFAULTVIEW(1.0),"Passenger cars, by type of motor energy and size of engine",A,Annual,NR,Number,DIE,Diesel,TOTAL,Total,MD,Moldova,2019,,177258,,,,,
dataflow,ESTAT:ROAD_EQS_CARMOT$DEFAULTVIEW(1.0),"Passenger cars, by type of motor energy and size of engine",A,Annual,NR,Number,DIE,Diesel,TOTAL,Total,MD,Moldova,2020,,193943,,,,,
dataflow,ESTAT:ROAD_EQS_CARMOT$DEFAULTVIEW(1.0),"Passenger cars, by type of motor energy and size of engine",A,Annual,NR,Number,DIE,Diesel,TOTAL,Total,MD,Moldova,2021,,215476,,,,,
dataflow,ESTAT:ROAD_EQS_CARMOT$DEFAULTVIEW(1.0),"Passenger cars, by type of motor energy and size of engine",A,Annual,NR,Number,DIE,Diesel,TOTAL,Total,MD,Moldova,2022,,232033,,,,,
dataflow,ESTAT:ROAD_EQS_CARMOT$DEFAULTVIEW(1.0),"Passenger cars, by type of motor energy and size of engine",A,Annual,NR,Number,DIE,Diesel,TOTAL,Total,MD,Moldova,2023,,257054,,,,,
dataflow,ESTAT:ROAD_EQS_CARMOT$DEFAULTVIEW(1.0),"Passenger cars, by type of motor energy and size of engine",A,Annual,NR,Number,DIE,Diesel,TOTAL,Total,MD,Moldova,2024,,284335,,,,,
dataflow,ESTAT:ROAD_EQS_CARMOT$DEFAULTVIEW(1.0),"Passenger cars, by type of motor energy and size of engine",A,Annual,NR,Number,DIE,Diesel,TOTAL,Total,ME,Montenegro,2016,,123006,,,,,
dataflow,ESTAT:ROAD_EQS_CARMOT$DEFAULTVIEW(1.0),"Passenger cars, by type of motor energy and size of engine",A,Annual,NR,Number,DIE,Diesel,TOTAL,Total,ME,Montenegro,2017,,134600,,,,,
dataflow,ESTAT:ROAD_EQS_CARMOT$DEFAULTVIEW(1.0),"Passenger cars, by type of motor energy and size of engine",A,Annual,NR,Number,DIE,Diesel,TOTAL,Total,ME,Montenegro,2018,,148644,,,,,
dataflow,ESTAT:ROAD_EQS_CARMOT$DEFAULTVIEW(1.0),"Passenger cars, by type of motor energy and size of engine",A,Annual,NR,Number,DIE,Diesel,TOTAL,Total,ME,Montenegro,2019,,160568,,,,,
dataflow,ESTAT:ROAD_EQS_CARMOT$DEFAULTVIEW(1.0),"Passenger cars, by type of motor energy and size of engine",A,Annual,NR,Number,DIE,Diesel,TOTAL,Total,ME,Montenegro,2020,,159394,,,,,
dataflow,ESTAT:ROAD_EQS_CARMOT$DEFAULTVIEW(1.0),"Passenger cars, by type of motor energy and size of engine",A,Annual,NR,Number,DIE,Diesel,TOTAL,Total,ME,Montenegro,2021,,170957,,,,,
dataflow,ESTAT:ROAD_EQS_CARMOT$DEFAULTVIEW(1.0),"Passenger cars, by type of motor energy and size of engine",A,Annual,NR,Number,DIE,Diesel,TOTAL,Total,ME,Montenegro,2022,,177985,,,,,
dataflow,ESTAT:ROAD_EQS_CARMOT$DEFAULTVIEW(1.0),"Passenger cars, by type of motor energy and size of engine",A,Annual,NR,Number,DIE,Diesel,TOTAL,Total,ME,Montenegro,2023,,193214,,,,,
dataflow,ESTAT:ROAD_EQS_CARMOT$DEFAULTVIEW(1.0),"Passenger cars, by type of motor energy and size of engine",A,Annual,NR,Number,DIE,Diesel,TOTAL,Total,ME,Montenegro,2024,,208180,,,,,
dataflow,ESTAT:ROAD_EQS_CARMOT$DEFAULTVIEW(1.0),"Passenger cars, by type of motor energy and size of engine",A,Annual,NR,Number,DIE,Diesel,TOTAL,Total,MK,North Macedonia,2015,,163038,,,,,
dataflow,ESTAT:ROAD_EQS_CARMOT$DEFAULTVIEW(1.0),"Passenger cars, by type of motor energy and size of engine",A,Annual,NR,Number,DIE,Diesel,TOTAL,Total,MK,North Macedonia,2016,,180394,,,,,
dataflow,ESTAT:ROAD_EQS_CARMOT$DEFAULTVIEW(1.0),"Passenger cars, by type of motor energy and size of engine",A,Annual,NR,Number,DIE,Diesel,TOTAL,Total,MK,North Macedonia,2017,,193837,,,,,
dataflow,ESTAT:ROAD_EQS_CARMOT$DEFAULTVIEW(1.0),"Passenger cars, by type of motor energy and size of engine",A,Annual,NR,Number,DIE,Diesel,TOTAL,Total,MK,North Macedonia,2018,,208805,,,,,
dataflow,ESTAT:ROAD_EQS_CARMOT$DEFAULTVIEW(1.0),"Passenger cars, by type of motor energy and size of engine",A,Annual,NR,Number,DIE,Diesel,TOTAL,Total,MK,North Macedonia,2019,,225625,,,,,
dataflow,ESTAT:ROAD_EQS_CARMOT$DEFAULTVIEW(1.0),"Passenger cars, by type of motor energy and size of engine",A,Annual,NR,Number,DIE,Diesel,TOTAL,Total,MK,North Macedonia,2020,,234864,,,,,
dataflow,ESTAT:ROAD_EQS_CARMOT$DEFAULTVIEW(1.0),"Passenger cars, by type of motor energy and size of engine",A,Annual,NR,Number,DIE,Diesel,TOTAL,Total,MK,North Macedonia,2021,,271394,,,,,
dataflow,ESTAT:ROAD_EQS_CARMOT$DEFAULTVIEW(1.0),"Passenger cars, by type of motor energy and size of engine",A,Annual,NR,Number,DIE,Diesel,TOTAL,Total,MK,North Macedonia,2022,,280737,,,,,
dataflow,ESTAT:ROAD_EQS_CARMOT$DEFAULTVIEW(1.0),"Passenger cars, by type of motor energy and size of engine",A,Annual,NR,Number,DIE,Diesel,TOTAL,Total,MK,North Macedonia,2023,,344100,,,,,
dataflow,ESTAT:ROAD_EQS_CARMOT$DEFAULTVIEW(1.0),"Passenger cars, by type of motor energy and size of engine",A,Annual,NR,Number,DIE,Diesel,TOTAL,Total,MK,North Macedonia,2024,,365947,,,,,
dataflow,ESTAT:ROAD_EQS_CARMOT$DEFAULTVIEW(1.0),"Passenger cars, by type of motor energy and size of engine",A,Annual,NR,Number,DIE,Diesel,TOTAL,Total,MT,Malta,2015,,85178,,,,,
dataflow,ESTAT:ROAD_EQS_CARMOT$DEFAULTVIEW(1.0),"Passenger cars, by type of motor energy and size of engine",A,Annual,NR,Number,DIE,Diesel,TOTAL,Total,MT,Malta,2016,,88061,,,,,
dataflow,ESTAT:ROAD_EQS_CARMOT$DEFAULTVIEW(1.0),"Passenger cars, by type of motor energy and size of engine",A,Annual,NR,Number,DIE,Diesel,TOTAL,Total,MT,Malta,2017,,91991,,,,,
dataflow,ESTAT:ROAD_EQS_CARMOT$DEFAULTVIEW(1.0),"Passenger cars, by type of motor energy and size of engine",A,Annual,NR,Number,DIE,Diesel,TOTAL,Total,MT,Malta,2018,,94870,,,,,
dataflow,ESTAT:ROAD_EQS_CARMOT$DEFAULTVIEW(1.0),"Passenger cars, by type of motor energy and size of engine",A,Annual,NR,Number,DIE,Diesel,TOTAL,Total,MT,Malta,2019,,97210,,,,,
dataflow,ESTAT:ROAD_EQS_CARMOT$DEFAULTVIEW(1.0),"Passenger cars, by type of motor energy and size of engine",A,Annual,NR,Number,DIE,Diesel,TOTAL,Total,MT,Malta,2020,,97356,,,,,
dataflow,ESTAT:ROAD_EQS_CARMOT$DEFAULTVIEW(1.0),"Passenger cars, by type of motor energy and size of engine",A,Annual,NR,Number,DIE,Diesel,TOTAL,Total,MT,Malta,2021,,96579,,,,,
dataflow,ESTAT:ROAD_EQS_CARMOT$DEFAULTVIEW(1.0),"Passenger cars, by type of motor energy and size of engine",A,Annual,NR,Number,DIE,Diesel,TOTAL,Total,MT,Malta,2022,,95532,,,,,
dataflow,ESTAT:ROAD_EQS_CARMOT$DEFAULTVIEW(1.0),"Passenger cars, by type of motor energy and size of engine",A,Annual,NR,Number,DIE,Diesel,TOTAL,Total,MT,Malta,2023,,94933,,,,,
dataflow,ESTAT:ROAD_EQS_CARMOT$DEFAULTVIEW(1.0),"Passenger cars, by type of motor energy and size of engine",A,Annual,NR,Number,DIE,Diesel,TOTAL,Total,MT,Malta,2024,,93513,,,,,
dataflow,ESTAT:ROAD_EQS_CARMOT$DEFAULTVIEW(1.0),"Passenger cars, by type of motor energy and size of engine",A,Annual,NR,Number,DIE,Diesel,TOTAL,Total,NL,Netherlands,2015,,1348059,,,,,
dataflow,ESTAT:ROAD_EQS_CARMOT$DEFAULTVIEW(1.0),"Passenger cars, by type of motor energy and size of engine",A,Annual,NR,Number,DIE,Diesel,TOTAL,Total,NL,Netherlands,2016,,1340630,,,,,
dataflow,ESTAT:ROAD_EQS_CARMOT$DEFAULTVIEW(1.0),"Passenger cars, by type of motor energy and size of engine",A,Annual,NR,Number,DIE,Diesel,TOTAL,Total,NL,Netherlands,2017,,1331765,,,,,
dataflow,ESTAT:ROAD_EQS_CARMOT$DEFAULTVIEW(1.0),"Passenger cars, by type of motor energy and size of engine",A,Annual,NR,Number,DIE,Diesel,TOTAL,Total,NL,Netherlands,2018,,1281777,,,,,
dataflow,ESTAT:ROAD_EQS_CARMOT$DEFAULTVIEW(1.0),"Passenger cars, by type of motor energy and size of engine",A,Annual,NR,Number,DIE,Diesel,TOTAL,Total,NL,Netherlands,2019,,1197337,,,,,
dataflow,ESTAT:ROAD_EQS_CARMOT$DEFAULTVIEW(1.0),"Passenger cars, by type of motor energy and size of engine",A,Annual,NR,Number,DIE,Diesel,TOTAL,Total,NL,Netherlands,2020,,1084188,,,,,
dataflow,ESTAT:ROAD_EQS_CARMOT$DEFAULTVIEW(1.0),"Passenger cars, by type of motor energy and size of engine",A,Annual,NR,Number,DIE,Diesel,TOTAL,Total,NL,Netherlands,2021,,990261,,,,,
dataflow,ESTAT:ROAD_EQS_CARMOT$DEFAULTVIEW(1.0),"Passenger cars, by type of motor energy and size of engine",A,Annual,NR,Number,DIE,Diesel,TOTAL,Total,NL,Netherlands,2022,,879495,,,,,
dataflow,ESTAT:ROAD_EQS_CARMOT$DEFAULTVIEW(1.0),"Passenger cars, by type of motor energy and size of engine",A,Annual,NR,Number,DIE,Diesel,TOTAL,Total,NL,Netherlands,2023,,776442,,,,,
dataflow,ESTAT:ROAD_EQS_CARMOT$DEFAULTVIEW(1.0),"Passenger cars, by type of motor energy and size of engine",A,Annual,NR,Number,DIE,Diesel,TOTAL,Total,NL,Netherlands,2024,,683003,,,,,
dataflow,ESTAT:ROAD_EQS_CARMOT$DEFAULTVIEW(1.0),"Passenger cars, by type of motor energy and size of engine",A,Annual,NR,Number,DIE,Diesel,TOTAL,Total,NO,Norway,2015,,1244000,,,,,
dataflow,ESTAT:ROAD_EQS_CARMOT$DEFAULTVIEW(1.0),"Passenger cars, by type of motor energy and size of engine",A,Annual,NR,Number,DIE,Diesel,TOTAL,Total,NO,Norway,2016,,1281166,,,,,
dataflow,ESTAT:ROAD_EQS_CARMOT$DEFAULTVIEW(1.0),"Passenger cars, by type of motor energy and size of engine",A,Annual,NR,Number,DIE,Diesel,TOTAL,Total,NO,Norway,2017,,1301337,,,,,
dataflow,ESTAT:ROAD_EQS_CARMOT$DEFAULTVIEW(1.0),"Passenger cars, by type of motor energy and size of engine",A,Annual,NR,Number,DIE,Diesel,TOTAL,Total,NO,Norway,2018,,1299096,,,,,
dataflow,ESTAT:ROAD_EQS_CARMOT$DEFAULTVIEW(1.0),"Passenger cars, by type of motor energy and size of engine",A,Annual,NR,Number,DIE,Diesel,TOTAL,Total,NO,Norway,2019,,1291219,,,,,
dataflow,ESTAT:ROAD_EQS_CARMOT$DEFAULTVIEW(1.0),"Passenger cars, by type of motor energy and size of engine",A,Annual,NR,Number,DIE,Diesel,TOTAL,Total,NO,Norway,2020,,1326749,,,,,
dataflow,ESTAT:ROAD_EQS_CARMOT$DEFAULTVIEW(1.0),"Passenger cars, by type of motor energy and size of engine",A,Annual,NR,Number,DIE,Diesel,TOTAL,Total,NO,Norway,2021,,1285566,,,,,
dataflow,ESTAT:ROAD_EQS_CARMOT$DEFAULTVIEW(1.0),"Passenger cars, by type of motor energy and size of engine",A,Annual,NR,Number,DIE,Diesel,TOTAL,Total,NO,Norway,2022,,1211679,,,,,
dataflow,ESTAT:ROAD_EQS_CARMOT$DEFAULTVIEW(1.0),"Passenger cars, by type of motor energy and size of engine",A,Annual,NR,Number,DIE,Diesel,TOTAL,Total,NO,Norway,2023,,1092616,,,,,
dataflow,ESTAT:ROAD_EQS_CARMOT$DEFAULTVIEW(1.0),"Passenger cars, by type of motor energy and size of engine",A,Annual,NR,Number,DIE,Diesel,TOTAL,Total,NO,Norway,2024,,1032974,,,,,
dataflow,ESTAT:ROAD_EQS_CARMOT$DEFAULTVIEW(1.0),"Passenger cars, by type of motor energy and size of engine",A,Annual,NR,Number,DIE,Diesel,TOTAL,Total,PT,Portugal,2015,,2475552,,,,,
dataflow,ESTAT:ROAD_EQS_CARMOT$DEFAULTVIEW(1.0),"Passenger cars, by type of motor energy and size of engine",A,Annual,NR,Number,DIE,Diesel,TOTAL,Total,PT,Portugal,2016,,2625271,,,,,
dataflow,ESTAT:ROAD_EQS_CARMOT$DEFAULTVIEW(1.0),"Passenger cars, by type of motor energy and size of engine",A,Annual,NR,Number,DIE,Diesel,TOTAL,Total,PT,Portugal,2017,,2809198,,,,,
dataflow,ESTAT:ROAD_EQS_CARMOT$DEFAULTVIEW(1.0),"Passenger cars, by type of motor energy and size of engine",A,Annual,NR,Number,DIE,Diesel,TOTAL,Total,PT,Portugal,2018,,2963408,,,,,
dataflow,ESTAT:ROAD_EQS_CARMOT$DEFAULTVIEW(1.0),"Passenger cars, by type of motor energy and size of engine",A,Annual,NR,Number,DIE,Diesel,TOTAL,Total,PT,Portugal,2019,,3060655,,,,,
dataflow,ESTAT:ROAD_EQS_CARMOT$DEFAULTVIEW(1.0),"Passenger cars, by type of motor energy and size of engine",A,Annual,NR,Number,DIE,Diesel,TOTAL,Total,PT,Portugal,2020,,3166757,,,,,
dataflow,ESTAT:ROAD_EQS_CARMOT$DEFAULTVIEW(1.0),"Passenger cars, by type of motor energy and size of engine",A,Annual,NR,Number,DIE,Diesel,TOTAL,Total,PT,Portugal,2021,,3206167,,,,,
dataflow,ESTAT:ROAD_EQS_CARMOT$DEFAULTVIEW(1.0),"Passenger cars, by type of motor energy and size of engine",A,Annual,NR,Number,DIE,Diesel,TOTAL,Total,PT,Portugal,2022,,3265531,,,,,
dataflow,ESTAT:ROAD_EQS_CARMOT$DEFAULTVIEW(1.0),"Passenger cars, by type of motor energy and size of engine",A,Annual,NR,Number,DIE,Diesel,TOTAL,Total,PT,Portugal,2023,,3253260,,,,,
dataflow,ESTAT:ROAD_EQS_CARMOT$DEFAULTVIEW(1.0),"Passenger cars, by type of motor energy and size of engine",A,Annual,NR,Number,DIE,Diesel,TOTAL,Total,PT,Portugal,2024,,3326068,,,,,
dataflow,ESTAT:ROAD_EQS_CARMOT$DEFAULTVIEW(1.0),"Passenger cars, by type of motor energy and size of engine",A,Annual,NR,Number,DIE,Diesel,TOTAL,Total,RO,Romania,2015,,1906195,,,,,
dataflow,ESTAT:ROAD_EQS_CARMOT$DEFAULTVIEW(1.0),"Passenger cars, by type of motor energy and size of engine",A,Annual,NR,Number,DIE,Diesel,TOTAL,Total,RO,Romania,2016,,2120151,,,,,
dataflow,ESTAT:ROAD_EQS_CARMOT$DEFAULTVIEW(1.0),"Passenger cars, by type of motor energy and size of engine",A,Annual,NR,Number,DIE,Diesel,TOTAL,Total,RO,Romania,2017,,2516380,,,,,
dataflow,ESTAT:ROAD_EQS_CARMOT$DEFAULTVIEW(1.0),"Passenger cars, by type of motor energy and size of engine",A,Annual,NR,Number,DIE,Diesel,TOTAL,Total,RO,Romania,2018,,2892922,,,,,
dataflow,ESTAT:ROAD_EQS_CARMOT$DEFAULTVIEW(1.0),"Passenger cars, by type of motor energy and size of engine",A,Annual,NR,Number,DIE,Diesel,TOTAL,Total,RO,Romania,2019,,3233944,,,,,
dataflow,ESTAT:ROAD_EQS_CARMOT$DEFAULTVIEW(1.0),"Passenger cars, by type of motor energy and size of engine",A,Annual,NR,Number,DIE,Diesel,TOTAL,Total,RO,Romania,2020,,3518101,,,,,
dataflow,ESTAT:ROAD_EQS_CARMOT$DEFAULTVIEW(1.0),"Passenger cars, by type of motor energy and size of engine",A,Annual,NR,Number,DIE,Diesel,TOTAL,Total,RO,Romania,2021,,3779497,,,,,
dataflow,ESTAT:ROAD_EQS_CARMOT$DEFAULTVIEW(1.0),"Passenger cars, by type of motor energy and size of engine",A,Annual,NR,Number,DIE,Diesel,TOTAL,Total,RO,Romania,2022,,3963472,,,,,
dataflow,ESTAT:ROAD_EQS_CARMOT$DEFAULTVIEW(1.0),"Passenger cars, by type of motor energy and size of engine",A,Annual,NR,Number,DIE,Diesel,TOTAL,Total,RO,Romania,2023,,4125373,,,,,
dataflow,ESTAT:ROAD_EQS_CARMOT$DEFAULTVIEW(1.0),"Passenger cars, by type of motor energy and size of engine",A,Annual,NR,Number,DIE,Diesel,TOTAL,Total,RO,Romania,2024,,4322854,,,,,
dataflow,ESTAT:ROAD_EQS_CARMOT$DEFAULTVIEW(1.0),"Passenger cars, by type of motor energy and size of engine",A,Annual,NR,Number,DIE,Diesel,TOTAL,Total,RS,Serbia,2019,,1066350,,,,,
dataflow,ESTAT:ROAD_EQS_CARMOT$DEFAULTVIEW(1.0),"Passenger cars, by type of motor energy and size of engine",A,Annual,NR,Number,DIE,Diesel,TOTAL,Total,RS,Serbia,2020,,1145380,,,,,
dataflow,ESTAT:ROAD_EQS_CARMOT$DEFAULTVIEW(1.0),"Passenger cars, by type of motor energy and size of engine",A,Annual,NR,Number,DIE,Diesel,TOTAL,Total,RS,Serbia,2021,,1218243,,,,,
dataflow,ESTAT:ROAD_EQS_CARMOT$DEFAULTVIEW(1.0),"Passenger cars, by type of motor energy and size of engine",A,Annual,NR,Number,DIE,Diesel,TOTAL,Total,RS,Serbia,2022,,1279212,,,,,
dataflow,ESTAT:ROAD_EQS_CARMOT$DEFAULTVIEW(1.0),"Passenger cars, by type of motor energy and size of engine",A,Annual,NR,Number,DIE,Diesel,TOTAL,Total,RS,Serbia,2023,,1328611,,,,,
dataflow,ESTAT:ROAD_EQS_CARMOT$DEFAULTVIEW(1.0),"Passenger cars, by type of motor energy and size of engine",A,Annual,NR,Number,DIE,Diesel,TOTAL,Total,RS,Serbia,2024,,1388677,,,,,
dataflow,ESTAT:ROAD_EQS_CARMOT$DEFAULTVIEW(1.0),"Passenger cars, by type of motor energy and size of engine",A,Annual,NR,Number,DIE,Diesel,TOTAL,Total,SE,Sweden,2015,,1383982,,,,,
dataflow,ESTAT:ROAD_EQS_CARMOT$DEFAULTVIEW(1.0),"Passenger cars, by type of motor energy and size of engine",A,Annual,NR,Number,DIE,Diesel,TOTAL,Total,SE,Sweden,2016,,1532855,,,,,
dataflow,ESTAT:ROAD_EQS_CARMOT$DEFAULTVIEW(1.0),"Passenger cars, by type of motor energy and size of engine",A,Annual,NR,Number,DIE,Diesel,TOTAL,Total,SE,Sweden,2017,,1648565,,,,,
dataflow,ESTAT:ROAD_EQS_CARMOT$DEFAULTVIEW(1.0),"Passenger cars, by type of motor energy and size of engine",A,Annual,NR,Number,DIE,Diesel,TOTAL,Total,SE,Sweden,2018,,1708781,,,,,
dataflow,ESTAT:ROAD_EQS_CARMOT$DEFAULTVIEW(1.0),"Passenger cars, by type of motor energy and size of engine",A,Annual,NR,Number,DIE,Diesel,TOTAL,Total,SE,Sweden,2019,,1744512,,,,,
dataflow,ESTAT:ROAD_EQS_CARMOT$DEFAULTVIEW(1.0),"Passenger cars, by type of motor energy and size of engine",A,Annual,NR,Number,DIE,Diesel,TOTAL,Total,SE,Sweden,2020,,1749235,,,,,
dataflow,ESTAT:ROAD_EQS_CARMOT$DEFAULTVIEW(1.0),"Passenger cars, by type of motor energy and size of engine",A,Annual,NR,Number,DIE,Diesel,TOTAL,Total,SE,Sweden,2021,,1736465,,,,,
dataflow,ESTAT:ROAD_EQS_CARMOT$DEFAULTVIEW(1.0),"Passenger cars, by type of motor energy and size of engine",A,Annual,NR,Number,DIE,Diesel,TOTAL,Total,SE,Sweden,2022,,1679193,,,,,
dataflow,ESTAT:ROAD_EQS_CARMOT$DEFAULTVIEW(1.0),"Passenger cars, by type of motor energy and size of engine",A,Annual,NR,Number,DIE,Diesel,TOTAL,Total,SE,Sweden,2023,,1619831,,,,,
dataflow,ESTAT:ROAD_EQS_CARMOT$DEFAULTVIEW(1.0),"Passenger cars, by type of motor energy and size of engine",A,Annual,NR,Number,DIE,Diesel,TOTAL,Total,SE,Sweden,2024,,1572610,,,,,
dataflow,ESTAT:ROAD_EQS_CARMOT$DEFAULTVIEW(1.0),"Passenger cars, by type of motor energy and size of engine",A,Annual,NR,Number,DIE,Diesel,TOTAL,Total,SI,Slovenia,2015,,473665,,,,,
dataflow,ESTAT:ROAD_EQS_CARMOT$DEFAULTVIEW(1.0),"Passenger cars, by type of motor energy and size of engine",A,Annual,NR,Number,DIE,Diesel,TOTAL,Total,SI,Slovenia,2016,,500659,,,,,
dataflow,ESTAT:ROAD_EQS_CARMOT$DEFAULTVIEW(1.0),"Passenger cars, by type of motor energy and size of engine",A,Annual,NR,Number,DIE,Diesel,TOTAL,Total,SI,Slovenia,2017,,528809,,,,,
dataflow,ESTAT:ROAD_EQS_CARMOT$DEFAULTVIEW(1.0),"Passenger cars, by type of motor energy and size of engine",A,Annual,NR,Number,DIE,Diesel,TOTAL,Total,SI,Slovenia,2018,,555500,,,,,
dataflow,ESTAT:ROAD_EQS_CARMOT$DEFAULTVIEW(1.0),"Passenger cars, by type of motor energy and size of engine",A,Annual,NR,Number,DIE,Diesel,TOTAL,Total,SI,Slovenia,2019,,577772,,,,,
dataflow,ESTAT:ROAD_EQS_CARMOT$DEFAULTVIEW(1.0),"Passenger cars, by type of motor energy and size of engine",A,Annual,NR,Number,DIE,Diesel,TOTAL,Total,SI,Slovenia,2020,,588692,,,,,
dataflow,ESTAT:ROAD_EQS_CARMOT$DEFAULTVIEW(1.0),"Passenger cars, by type of motor energy and size of engine",A,Annual,NR,Number,DIE,Diesel,TOTAL,Total,SI,Slovenia,2021,,601917,,,,,
dataflow,ESTAT:ROAD_EQS_CARMOT$DEFAULTVIEW(1.0),"Passenger cars, by type of motor energy and size of engine",A,Annual,NR,Number,DIE,Diesel,TOTAL,Total,SI,Slovenia,2022,,605424,,,,,
dataflow,ESTAT:ROAD_EQS_CARMOT$DEFAULTVIEW(1.0),"Passenger cars, by type of motor energy and size of engine",A,Annual,NR,Number,DIE,Diesel,TOTAL,Total,SI,Slovenia,2023,,607546,,b,break in time series,,
dataflow,ESTAT:ROAD_EQS_CARMOT$DEFAULTVIEW(1.0),"Passenger cars, by type of motor energy and size of engine",A,Annual,NR,Number,DIE,Diesel,TOTAL,Total,SI,Slovenia,2024,,602520,,,,,
dataflow,ESTAT:ROAD_EQS_CARMOT$DEFAULTVIEW(1.0),"Passenger cars, by type of motor energy and size of engine",A,Annual,NR,Number,DIE,Diesel,TOTAL,Total,TR,Türkiye,2015,,3346024,,,,,
dataflow,ESTAT:ROAD_EQS_CARMOT$DEFAULTVIEW(1.0),"Passenger cars, by type of motor energy and size of engine",A,Annual,NR,Number,DIE,Diesel,TOTAL,Total,TR,Türkiye,2016,,3803894,,,,,
dataflow,ESTAT:ROAD_EQS_CARMOT$DEFAULTVIEW(1.0),"Passenger cars, by type of motor energy and size of engine",A,Annual,NR,Number,DIE,Diesel,TOTAL,Total,TR,Türkiye,2017,,4256436,,,,,
dataflow,ESTAT:ROAD_EQS_CARMOT$DEFAULTVIEW(1.0),"Passenger cars, by type of motor energy and size of engine",A,Annual,NR,Number,DIE,Diesel,TOTAL,Total,TR,Türkiye,2018,,4568900,,,,,
dataflow,ESTAT:ROAD_EQS_CARMOT$DEFAULTVIEW(1.0),"Passenger cars, by type of motor energy and size of engine",A,Annual,NR,Number,DIE,Diesel,TOTAL,Total,TR,Türkiye,2019,,4770883,,,,,
dataflow,ESTAT:ROAD_EQS_CARMOT$DEFAULTVIEW(1.0),"Passenger cars, by type of motor energy and size of engine",A,Annual,NR,Number,DIE,Diesel,TOTAL,Total,TR,Türkiye,2020,,5017143,,,,,
dataflow,ESTAT:ROAD_EQS_CARMOT$DEFAULTVIEW(1.0),"Passenger cars, by type of motor energy and size of engine",A,Annual,NR,Number,DIE,Diesel,TOTAL,Total,TR,Türkiye,2021,,5166547,,,,,
dataflow,ESTAT:ROAD_EQS_CARMOT$DEFAULTVIEW(1.0),"Passenger cars, by type of motor energy and size of engine",A,Annual,NR,Number,DIE,Diesel,TOTAL,Total,TR,Türkiye,2022,,5275586,,,,,
dataflow,ESTAT:ROAD_EQS_CARMOT$DEFAULTVIEW(1.0),"Passenger cars, by type of motor energy and size of engine",A,Annual,NR,Number,DIE,Diesel,TOTAL,Total,TR,Türkiye,2023,,5448526,,i,value imputed by Eurostat or other receiving agencies,,
dataflow,ESTAT:ROAD_EQS_CARMOT$DEFAULTVIEW(1.0),"Passenger cars, by type of motor energy and size of engine",A,Annual,NR,Number,DIE,Diesel,TOTAL,Total,TR,Türkiye,2024,,5572054,,,,,
dataflow,ESTAT:ROAD_EQS_CARMOT$DEFAULTVIEW(1.0),"Passenger cars, by type of motor energy and size of engine",A,Annual,NR,Number,DIE,Diesel,TOTAL,Total,UK,United Kingdom,2015,,11438382,,,,,
dataflow,ESTAT:ROAD_EQS_CARMOT$DEFAULTVIEW(1.0),"Passenger cars, by type of motor energy and size of engine",A,Annual,NR,Number,DIE,Diesel,TOTAL,Total,UK,United Kingdom,2016,,12062977,,,,,
dataflow,ESTAT:ROAD_EQS_CARMOT$DEFAULTVIEW(1.0),"Passenger cars, by type of motor energy and size of engine",A,Annual,NR,Number,DIE,Diesel,TOTAL,Total,UK,United Kingdom,2017,,12371742,,,,,
dataflow,ESTAT:ROAD_EQS_CARMOT$DEFAULTVIEW(1.0),"Passenger cars, by type of motor energy and size of engine",A,Annual,NR,Number,DIE,Diesel,TOTAL,Total,UK,United Kingdom,2018,,12409324,,,,,
dataflow,ESTAT:ROAD_EQS_CARMOT$DEFAULTVIEW(1.0),"Passenger cars, by type of motor energy and size of engine",A,Annual,NR,Number,DIE,Diesel,TOTAL,Total,UK,United Kingdom,2021,,11639321,,,,,
dataflow,ESTAT:ROAD_EQS_CARMOT$DEFAULTVIEW(1.0),"Passenger cars, by type of motor energy and size of engine",A,Annual,NR,Number,DIE,Diesel,TOTAL,Total,UK,United Kingdom,2022,,11272500,,,,,
dataflow,ESTAT:ROAD_EQS_CARMOT$DEFAULTVIEW(1.0),"Passenger cars, by type of motor energy and size of engine",A,Annual,NR,Number,DIE,Diesel,TOTAL,Total,UK,United Kingdom,2023,,10773171,,,,,
dataflow,ESTAT:ROAD_EQS_CARMOT$DEFAULTVIEW(1.0),"Passenger cars, by type of motor energy and size of engine",A,Annual,NR,Number,DIE,Diesel,TOTAL,Total,UK,United Kingdom,2024,,10243963,,,,,
dataflow,ESTAT:ROAD_EQS_CARMOT$DEFAULTVIEW(1.0),"Passenger cars, by type of motor energy and size of engine",A,Annual,NR,Number,DIE,Diesel,TOTAL,Total,XK,Kosovo*,2019,,227310,,i,value imputed by Eurostat or other receiving agencies,,
dataflow,ESTAT:ROAD_EQS_CARMOT$DEFAULTVIEW(1.0),"Passenger cars, by type of motor energy and size of engine",A,Annual,NR,Number,DIE,Diesel,TOTAL,Total,XK,Kosovo*,2021,,264648,,,,,
dataflow,ESTAT:ROAD_EQS_CARMOT$DEFAULTVIEW(1.0),"Passenger cars, by type of motor energy and size of engine",A,Annual,NR,Number,PET,Petrol,CC1400-1999,From 1 400 to 1 999 cm³,AL,Albania,2021,,29259,,,,,
dataflow,ESTAT:ROAD_EQS_CARMOT$DEFAULTVIEW(1.0),"Passenger cars, by type of motor energy and size of engine",A,Annual,NR,Number,PET,Petrol,CC1400-1999,From 1 400 to 1 999 cm³,AL,Albania,2022,,30801,,,,,
dataflow,ESTAT:ROAD_EQS_CARMOT$DEFAULTVIEW(1.0),"Passenger cars, by type of motor energy and size of engine",A,Annual,NR,Number,PET,Petrol,CC1400-1999,From 1 400 to 1 999 cm³,AL,Albania,2023,,33619,,,,,
dataflow,ESTAT:ROAD_EQS_CARMOT$DEFAULTVIEW(1.0),"Passenger cars, by type of motor energy and size of engine",A,Annual,NR,Number,PET,Petrol,CC1400-1999,From 1 400 to 1 999 cm³,AL,Albania,2024,,37282,,,,,
dataflow,ESTAT:ROAD_EQS_CARMOT$DEFAULTVIEW(1.0),"Passenger cars, by type of motor energy and size of engine",A,Annual,NR,Number,PET,Petrol,CC1400-1999,From 1 400 to 1 999 cm³,AT,Austria,2015,,580633,,,,,
dataflow,ESTAT:ROAD_EQS_CARMOT$DEFAULTVIEW(1.0),"Passenger cars, by type of motor energy and size of engine",A,Annual,NR,Number,PET,Petrol,CC1400-1999,From 1 400 to 1 999 cm³,AT,Austria,2016,,569979,,,,,
dataflow,ESTAT:ROAD_EQS_CARMOT$DEFAULTVIEW(1.0),"Passenger cars, by type of motor energy and size of engine",A,Annual,NR,Number,PET,Petrol,CC1400-1999,From 1 400 to 1 999 cm³,AT,Austria,2017,,567271,,,,,
dataflow,ESTAT:ROAD_EQS_CARMOT$DEFAULTVIEW(1.0),"Passenger cars, by type of motor energy and size of engine",A,Annual,NR,Number,PET,Petrol,CC1400-1999,From 1 400 to 1 999 cm³,AT,Austria,2018,,573955,,,,,
dataflow,ESTAT:ROAD_EQS_CARMOT$DEFAULTVIEW(1.0),"Passenger cars, by type of motor energy and size of engine",A,Annual,NR,Number,PET,Petrol,CC1400-1999,From 1 400 to 1 999 cm³,AT,Austria,2019,,584875,,,,,
dataflow,ESTAT:ROAD_EQS_CARMOT$DEFAULTVIEW(1.0),"Passenger cars, by type of motor energy and size of engine",A,Annual,NR,Number,PET,Petrol,CC1400-1999,From 1 400 to 1 999 cm³,AT,Austria,2020,,594482,,,,,
dataflow,ESTAT:ROAD_EQS_CARMOT$DEFAULTVIEW(1.0),"Passenger cars, by type of motor energy and size of engine",A,Annual,NR,Number,PET,Petrol,CC1400-1999,From 1 400 to 1 999 cm³,AT,Austria,2021,,607980,,,,,
dataflow,ESTAT:ROAD_EQS_CARMOT$DEFAULTVIEW(1.0),"Passenger cars, by type of motor energy and size of engine",A,Annual,NR,Number,PET,Petrol,CC1400-1999,From 1 400 to 1 999 cm³,AT,Austria,2022,,626266,,,,,
dataflow,ESTAT:ROAD_EQS_CARMOT$DEFAULTVIEW(1.0),"Passenger cars, by type of motor energy and size of engine",A,Annual,NR,Number,PET,Petrol,CC1400-1999,From 1 400 to 1 999 cm³,AT,Austria,2023,,647599,,,,,
dataflow,ESTAT:ROAD_EQS_CARMOT$DEFAULTVIEW(1.0),"Passenger cars, by type of motor energy and size of engine",A,Annual,NR,Number,PET,Petrol,CC1400-1999,From 1 400 to 1 999 cm³,AT,Austria,2024,,679548,,,,,
dataflow,ESTAT:ROAD_EQS_CARMOT$DEFAULTVIEW(1.0),"Passenger cars, by type of motor energy and size of engine",A,Annual,NR,Number,PET,Petrol,CC1400-1999,From 1 400 to 1 999 cm³,BA,Bosnia and Herzegovina,2015,,105870,,,,,
dataflow,ESTAT:ROAD_EQS_CARMOT$DEFAULTVIEW(1.0),"Passenger cars, by type of motor energy and size of engine",A,Annual,NR,Number,PET,Petrol,CC1400-1999,From 1 400 to 1 999 cm³,BA,Bosnia and Herzegovina,2016,,101222,,,,,
dataflow,ESTAT:ROAD_EQS_CARMOT$DEFAULTVIEW(1.0),"Passenger cars, by type of motor energy and size of engine",A,Annual,NR,Number,PET,Petrol,CC1400-1999,From 1 400 to 1 999 cm³,BA,Bosnia and Herzegovina,2017,,82214,,,,,
dataflow,ESTAT:ROAD_EQS_CARMOT$DEFAULTVIEW(1.0),"Passenger cars, by type of motor energy and size of engine",A,Annual,NR,Number,PET,Petrol,CC1400-1999,From 1 400 to 1 999 cm³,BA,Bosnia and Herzegovina,2018,,78189,,,,,
dataflow,ESTAT:ROAD_EQS_CARMOT$DEFAULTVIEW(1.0),"Passenger cars, by type of motor energy and size of engine",A,Annual,NR,Number,PET,Petrol,CC1400-1999,From 1 400 to 1 999 cm³,BA,Bosnia and Herzegovina,2019,,72761,,,,,
dataflow,ESTAT:ROAD_EQS_CARMOT$DEFAULTVIEW(1.0),"Passenger cars, by type of motor energy and size of engine",A,Annual,NR,Number,PET,Petrol,CC1400-1999,From 1 400 to 1 999 cm³,BA,Bosnia and Herzegovina,2020,,66774,,,,,
dataflow,ESTAT:ROAD_EQS_CARMOT$DEFAULTVIEW(1.0),"Passenger cars, by type of motor energy and size of engine",A,Annual,NR,Number,PET,Petrol,CC1400-1999,From 1 400 to 1 999 cm³,BA,Bosnia and Herzegovina,2021,,65701,,,,,
dataflow,ESTAT:ROAD_EQS_CARMOT$DEFAULTVIEW(1.0),"Passenger cars, by type of motor energy and size of engine",A,Annual,NR,Number,PET,Petrol,CC1400-1999,From 1 400 to 1 999 cm³,BA,Bosnia and Herzegovina,2022,,63996,,,,,
dataflow,ESTAT:ROAD_EQS_CARMOT$DEFAULTVIEW(1.0),"Passenger cars, by type of motor energy and size of engine",A,Annual,NR,Number,PET,Petrol,CC1400-1999,From 1 400 to 1 999 cm³,BA,Bosnia and Herzegovina,2023,,64049,,,,,
dataflow,ESTAT:ROAD_EQS_CARMOT$DEFAULTVIEW(1.0),"Passenger cars, by type of motor energy and size of engine",A,Annual,NR,Number,PET,Petrol,CC1400-1999,From 1 400 to 1 999 cm³,BA,Bosnia and Herzegovina,2024,,64839,,,,,
dataflow,ESTAT:ROAD_EQS_CARMOT$DEFAULTVIEW(1.0),"Passenger cars, by type of motor energy and size of engine",A,Annual,NR,Number,PET,Petrol,CC1400-1999,From 1 400 to 1 999 cm³,BE,Belgium,2015,,602384,,,,,
dataflow,ESTAT:ROAD_EQS_CARMOT$DEFAULTVIEW(1.0),"Passenger cars, by type of motor energy and size of engine",A,Annual,NR,Number,PET,Petrol,CC1400-1999,From 1 400 to 1 999 cm³,BE,Belgium,2016,,630075,,,,,
dataflow,ESTAT:ROAD_EQS_CARMOT$DEFAULTVIEW(1.0),"Passenger cars, by type of motor energy and size of engine",A,Annual,NR,Number,PET,Petrol,CC1400-1999,From 1 400 to 1 999 cm³,BE,Belgium,2017,,666115,,,,,
dataflow,ESTAT:ROAD_EQS_CARMOT$DEFAULTVIEW(1.0),"Passenger cars, by type of motor energy and size of engine",A,Annual,NR,Number,PET,Petrol,CC1400-1999,From 1 400 to 1 999 cm³,BE,Belgium,2018,,727670,,,,,
dataflow,ESTAT:ROAD_EQS_CARMOT$DEFAULTVIEW(1.0),"Passenger cars, by type of motor energy and size of engine",A,Annual,NR,Number,PET,Petrol,CC1400-1999,From 1 400 to 1 999 cm³,BE,Belgium,2019,,808762,,,,,
dataflow,ESTAT:ROAD_EQS_CARMOT$DEFAULTVIEW(1.0),"Passenger cars, by type of motor energy and size of engine",A,Annual,NR,Number,PET,Petrol,CC1400-1999,From 1 400 to 1 999 cm³,BE,Belgium,2020,,873640,,,,,
dataflow,ESTAT:ROAD_EQS_CARMOT$DEFAULTVIEW(1.0),"Passenger cars, by type of motor energy and size of engine",A,Annual,NR,Number,PET,Petrol,CC1400-1999,From 1 400 to 1 999 cm³,BE,Belgium,2021,,954695,,,,,
dataflow,ESTAT:ROAD_EQS_CARMOT$DEFAULTVIEW(1.0),"Passenger cars, by type of motor energy and size of engine",A,Annual,NR,Number,PET,Petrol,CC1400-1999,From 1 400 to 1 999 cm³,BE,Belgium,2022,,1036682,,,,,
dataflow,ESTAT:ROAD_EQS_CARMOT$DEFAULTVIEW(1.0),"Passenger cars, by type of motor energy and size of engine",A,Annual,NR,Number,PET,Petrol,CC1400-1999,From 1 400 to 1 999 cm³,BE,Belgium,2023,,1149963,,,,,
dataflow,ESTAT:ROAD_EQS_CARMOT$DEFAULTVIEW(1.0),"Passenger cars, by type of motor energy and size of engine",A,Annual,NR,Number,PET,Petrol,CC1400-1999,From 1 400 to 1 999 cm³,BE,Belgium,2024,,1245873,,,,,
dataflow,ESTAT:ROAD_EQS_CARMOT$DEFAULTVIEW(1.0),"Passenger cars, by type of motor energy and size of engine",A,Annual,NR,Number,PET,Petrol,CC1400-1999,From 1 400 to 1 999 cm³,CH,Switzerland,2015,,1491610,,,,,
dataflow,ESTAT:ROAD_EQS_CARMOT$DEFAULTVIEW(1.0),"Passenger cars, by type of motor energy and size of engine",A,Annual,NR,Number,PET,Petrol,CC1400-1999,From 1 400 to 1 999 cm³,CH,Switzerland,2016,,1457776,,,,,
dataflow,ESTAT:ROAD_EQS_CARMOT$DEFAULTVIEW(1.0),"Passenger cars, by type of motor energy and size of engine",A,Annual,NR,Number,PET,Petrol,CC1400-1999,From 1 400 to 1 999 cm³,CH,Switzerland,2017,,1423010,,,,,
dataflow,ESTAT:ROAD_EQS_CARMOT$DEFAULTVIEW(1.0),"Passenger cars, by type of motor energy and size of engine",A,Annual,NR,Number,PET,Petrol,CC1400-1999,From 1 400 to 1 999 cm³,CH,Switzerland,2018,,1403442,,,,,
dataflow,ESTAT:ROAD_EQS_CARMOT$DEFAULTVIEW(1.0),"Passenger cars, by type of motor energy and size of engine",A,Annual,NR,Number,PET,Petrol,CC1400-1999,From 1 400 to 1 999 cm³,CH,Switzerland,2019,,1400187,,,,,
dataflow,ESTAT:ROAD_EQS_CARMOT$DEFAULTVIEW(1.0),"Passenger cars, by type of motor energy and size of engine",A,Annual,NR,Number,PET,Petrol,CC1400-1999,From 1 400 to 1 999 cm³,CH,Switzerland,2020,,1409045,,,,,
dataflow,ESTAT:ROAD_EQS_CARMOT$DEFAULTVIEW(1.0),"Passenger cars, by type of motor energy and size of engine",A,Annual,NR,Number,PET,Petrol,CC1400-1999,From 1 400 to 1 999 cm³,CH,Switzerland,2021,,1428298,,,,,
dataflow,ESTAT:ROAD_EQS_CARMOT$DEFAULTVIEW(1.0),"Passenger cars, by type of motor energy and size of engine",A,Annual,NR,Number,PET,Petrol,CC1400-1999,From 1 400 to 1 999 cm³,CH,Switzerland,2022,,1435246,,,,,
dataflow,ESTAT:ROAD_EQS_CARMOT$DEFAULTVIEW(1.0),"Passenger cars, by type of motor energy and size of engine",A,Annual,NR,Number,PET,Petrol,CC1400-1999,From 1 400 to 1 999 cm³,CH,Switzerland,2023,,1458699,,,,,
dataflow,ESTAT:ROAD_EQS_CARMOT$DEFAULTVIEW(1.0),"Passenger cars, by type of motor energy and size of engine",A,Annual,NR,Number,PET,Petrol,CC1400-1999,From 1 400 to 1 999 cm³,CH,Switzerland,2024,,1492123,,,,,
dataflow,ESTAT:ROAD_EQS_CARMOT$DEFAULTVIEW(1.0),"Passenger cars, by type of motor energy and size of engine",A,Annual,NR,Number,PET,Petrol,CC1400-1999,From 1 400 to 1 999 cm³,CY,Cyprus,2015,,235137,,,,,
dataflow,ESTAT:ROAD_EQS_CARMOT$DEFAULTVIEW(1.0),"Passenger cars, by type of motor energy and size of engine",A,Annual,NR,Number,PET,Petrol,CC1400-1999,From 1 400 to 1 999 cm³,CY,Cyprus,2016,,237179,,,,,
dataflow,ESTAT:ROAD_EQS_CARMOT$DEFAULTVIEW(1.0),"Passenger cars, by type of motor energy and size of engine",A,Annual,NR,Number,PET,Petrol,CC1400-1999,From 1 400 to 1 999 cm³,CY,Cyprus,2017,,234165,,,,,
dataflow,ESTAT:ROAD_EQS_CARMOT$DEFAULTVIEW(1.0),"Passenger cars, by type of motor energy and size of engine",A,Annual,NR,Number,PET,Petrol,CC1400-1999,From 1 400 to 1 999 cm³,CY,Cyprus,2018,,232340,,,,,
dataflow,ESTAT:ROAD_EQS_CARMOT$DEFAULTVIEW(1.0),"Passenger cars, by type of motor energy and size of engine",A,Annual,NR,Number,PET,Petrol,CC1400-1999,From 1 400 to 1 999 cm³,CY,Cyprus,2019,,230906,,,,,
dataflow,ESTAT:ROAD_EQS_CARMOT$DEFAULTVIEW(1.0),"Passenger cars, by type of motor energy and size of engine",A,Annual,NR,Number,PET,Petrol,CC1400-1999,From 1 400 to 1 999 cm³,CY,Cyprus,2020,,225699,,,,,
dataflow,ESTAT:ROAD_EQS_CARMOT$DEFAULTVIEW(1.0),"Passenger cars, by type of motor energy and size of engine",A,Annual,NR,Number,PET,Petrol,CC1400-1999,From 1 400 to 1 999 cm³,CY,Cyprus,2021,,226059,,,,,
dataflow,ESTAT:ROAD_EQS_CARMOT$DEFAULTVIEW(1.0),"Passenger cars, by type of motor energy and size of engine",A,Annual,NR,Number,PET,Petrol,CC1400-1999,From 1 400 to 1 999 cm³,CY,Cyprus,2022,,228557,,,,,
dataflow,ESTAT:ROAD_EQS_CARMOT$DEFAULTVIEW(1.0),"Passenger cars, by type of motor energy and size of engine",A,Annual,NR,Number,PET,Petrol,CC1400-1999,From 1 400 to 1 999 cm³,CY,Cyprus,2023,,239139,,,,,
dataflow,ESTAT:ROAD_EQS_CARMOT$DEFAULTVIEW(1.0),"Passenger cars, by type of motor energy and size of engine",A,Annual,NR,Number,PET,Petrol,CC1400-1999,From 1 400 to 1 999 cm³,CY,Cyprus,2024,,251136,,,,,
dataflow,ESTAT:ROAD_EQS_CARMOT$DEFAULTVIEW(1.0),"Passenger cars, by type of motor energy and size of engine",A,Annual,NR,Number,PET,Petrol,CC1400-1999,From 1 400 to 1 999 cm³,CZ,Czechia,2015,,1026640,,,,,
dataflow,ESTAT:ROAD_EQS_CARMOT$DEFAULTVIEW(1.0),"Passenger cars, by type of motor energy and size of engine",A,Annual,NR,Number,PET,Petrol,CC1400-1999,From 1 400 to 1 999 cm³,CZ,Czechia,2016,,1040307,,,,,
dataflow,ESTAT:ROAD_EQS_CARMOT$DEFAULTVIEW(1.0),"Passenger cars, by type of motor energy and size of engine",A,Annual,NR,Number,PET,Petrol,CC1400-1999,From 1 400 to 1 999 cm³,CZ,Czechia,2017,,1067967,,,,,
dataflow,ESTAT:ROAD_EQS_CARMOT$DEFAULTVIEW(1.0),"Passenger cars, by type of motor energy and size of engine",A,Annual,NR,Number,PET,Petrol,CC1400-1999,From 1 400 to 1 999 cm³,CZ,Czechia,2018,,1042532,,,,,
dataflow,ESTAT:ROAD_EQS_CARMOT$DEFAULTVIEW(1.0),"Passenger cars, by type of motor energy and size of engine",A,Annual,NR,Number,PET,Petrol,CC1400-1999,From 1 400 to 1 999 cm³,CZ,Czechia,2019,,1082758,,,,,
dataflow,ESTAT:ROAD_EQS_CARMOT$DEFAULTVIEW(1.0),"Passenger cars, by type of motor energy and size of engine",A,Annual,NR,Number,PET,Petrol,CC1400-1999,From 1 400 to 1 999 cm³,CZ,Czechia,2020,,1103904,,,,,
dataflow,ESTAT:ROAD_EQS_CARMOT$DEFAULTVIEW(1.0),"Passenger cars, by type of motor energy and size of engine",A,Annual,NR,Number,PET,Petrol,CC1400-1999,From 1 400 to 1 999 cm³,CZ,Czechia,2021,,1098606,,,,,
dataflow,ESTAT:ROAD_EQS_CARMOT$DEFAULTVIEW(1.0),"Passenger cars, by type of motor energy and size of engine",A,Annual,NR,Number,PET,Petrol,CC1400-1999,From 1 400 to 1 999 cm³,CZ,Czechia,2022,,1178740,,,,,
dataflow,ESTAT:ROAD_EQS_CARMOT$DEFAULTVIEW(1.0),"Passenger cars, by type of motor energy and size of engine",A,Annual,NR,Number,PET,Petrol,CC1400-1999,From 1 400 to 1 999 cm³,CZ,Czechia,2023,,1248248,,,,,
dataflow,ESTAT:ROAD_EQS_CARMOT$DEFAULTVIEW(1.0),"Passenger cars, by type of motor energy and size of engine",A,Annual,NR,Number,PET,Petrol,CC1400-1999,From 1 400 to 1 999 cm³,CZ,Czechia,2024,,1299254,,,,,
dataflow,ESTAT:ROAD_EQS_CARMOT$DEFAULTVIEW(1.0),"Passenger cars, by type of motor energy and size of engine",A,Annual,NR,Number,PET,Petrol,CC1400-1999,From 1 400 to 1 999 cm³,DE,Germany,2015,,12324000,,,,,
dataflow,ESTAT:ROAD_EQS_CARMOT$DEFAULTVIEW(1.0),"Passenger cars, by type of motor energy and size of engine",A,Annual,NR,Number,PET,Petrol,CC1400-1999,From 1 400 to 1 999 cm³,DE,Germany,2016,,12011661,,,,,
dataflow,ESTAT:ROAD_EQS_CARMOT$DEFAULTVIEW(1.0),"Passenger cars, by type of motor energy and size of engine",A,Annual,NR,Number,PET,Petrol,CC1400-1999,From 1 400 to 1 999 cm³,DE,Germany,2017,,12010456,,,,,
dataflow,ESTAT:ROAD_EQS_CARMOT$DEFAULTVIEW(1.0),"Passenger cars, by type of motor energy and size of engine",A,Annual,NR,Number,PET,Petrol,CC1400-1999,From 1 400 to 1 999 cm³,DE,Germany,2018,,12071300,,,,,
dataflow,ESTAT:ROAD_EQS_CARMOT$DEFAULTVIEW(1.0),"Passenger cars, by type of motor energy and size of engine",A,Annual,NR,Number,PET,Petrol,CC1400-1999,From 1 400 to 1 999 cm³,DE,Germany,2019,,12238264,,,,,
dataflow,ESTAT:ROAD_EQS_CARMOT$DEFAULTVIEW(1.0),"Passenger cars, by type of motor energy and size of engine",A,Annual,NR,Number,PET,Petrol,CC1400-1999,From 1 400 to 1 999 cm³,DE,Germany,2020,,12335246,,,,,
dataflow,ESTAT:ROAD_EQS_CARMOT$DEFAULTVIEW(1.0),"Passenger cars, by type of motor energy and size of engine",A,Annual,NR,Number,PET,Petrol,CC1400-1999,From 1 400 to 1 999 cm³,DE,Germany,2021,,12304269,,,,,
dataflow,ESTAT:ROAD_EQS_CARMOT$DEFAULTVIEW(1.0),"Passenger cars, by type of motor energy and size of engine",A,Annual,NR,Number,PET,Petrol,CC1400-1999,From 1 400 to 1 999 cm³,DE,Germany,2022,,12326798,,,,,
dataflow,ESTAT:ROAD_EQS_CARMOT$DEFAULTVIEW(1.0),"Passenger cars, by type of motor energy and size of engine",A,Annual,NR,Number,PET,Petrol,CC1400-1999,From 1 400 to 1 999 cm³,DE,Germany,2023,,12416863,,,,,
dataflow,ESTAT:ROAD_EQS_CARMOT$DEFAULTVIEW(1.0),"Passenger cars, by type of motor energy and size of engine",A,Annual,NR,Number,PET,Petrol,CC1400-1999,From 1 400 to 1 999 cm³,DE,Germany,2024,,12583202,,,,,
dataflow,ESTAT:ROAD_EQS_CARMOT$DEFAULTVIEW(1.0),"Passenger cars, by type of motor energy and size of engine",A,Annual,NR,Number,PET,Petrol,CC1400-1999,From 1 400 to 1 999 cm³,EE,Estonia,2015,,263701,,,,,
dataflow,ESTAT:ROAD_EQS_CARMOT$DEFAULTVIEW(1.0),"Passenger cars, by type of motor energy and size of engine",A,Annual,NR,Number,PET,Petrol,CC1400-1999,From 1 400 to 1 999 cm³,EE,Estonia,2016,,265508,,,,,
dataflow,ESTAT:ROAD_EQS_CARMOT$DEFAULTVIEW(1.0),"Passenger cars, by type of motor energy and size of engine",A,Annual,NR,Number,PET,Petrol,CC1400-1999,From 1 400 to 1 999 cm³,EE,Estonia,2017,,265441,,,,,
dataflow,ESTAT:ROAD_EQS_CARMOT$DEFAULTVIEW(1.0),"Passenger cars, by type of motor energy and size of engine",A,Annual,NR,Number,PET,Petrol,CC1400-1999,From 1 400 to 1 999 cm³,EE,Estonia,2018,,264292,,,,,
dataflow,ESTAT:ROAD_EQS_CARMOT$DEFAULTVIEW(1.0),"Passenger cars, by type of motor energy and size of engine",A,Annual,NR,Number,PET,Petrol,CC1400-1999,From 1 400 to 1 999 cm³,EE,Estonia,2019,,276362,,,,,
dataflow,ESTAT:ROAD_EQS_CARMOT$DEFAULTVIEW(1.0),"Passenger cars, by type of motor energy and size of engine",A,Annual,NR,Number,PET,Petrol,CC1400-1999,From 1 400 to 1 999 cm³,EE,Estonia,2020,,274632,,,,,
dataflow,ESTAT:ROAD_EQS_CARMOT$DEFAULTVIEW(1.0),"Passenger cars, by type of motor energy and size of engine",A,Annual,NR,Number,PET,Petrol,CC1400-1999,From 1 400 to 1 999 cm³,EE,Estonia,2021,,273531,,,,,
dataflow,ESTAT:ROAD_EQS_CARMOT$DEFAULTVIEW(1.0),"Passenger cars, by type of motor energy and size of engine",A,Annual,NR,Number,PET,Petrol,CC1400-1999,From 1 400 to 1 999 cm³,EE,Estonia,2022,,276166,,,,,
dataflow,ESTAT:ROAD_EQS_CARMOT$DEFAULTVIEW(1.0),"Passenger cars, by type of motor energy and size of engine",A,Annual,NR,Number,PET,Petrol,CC1400-1999,From 1 400 to 1 999 cm³,EE,Estonia,2023,,277855,,,,,
dataflow,ESTAT:ROAD_EQS_CARMOT$DEFAULTVIEW(1.0),"Passenger cars, by type of motor energy and size of engine",A,Annual,NR,Number,PET,Petrol,CC1400-1999,From 1 400 to 1 999 cm³,EE,Estonia,2024,,277634,,,,,
dataflow,ESTAT:ROAD_EQS_CARMOT$DEFAULTVIEW(1.0),"Passenger cars, by type of motor energy and size of engine",A,Annual,NR,Number,PET,Petrol,CC1400-1999,From 1 400 to 1 999 cm³,ES,Spain,2015,,3916136,,,,,
dataflow,ESTAT:ROAD_EQS_CARMOT$DEFAULTVIEW(1.0),"Passenger cars, by type of motor energy and size of engine",A,Annual,NR,Number,PET,Petrol,CC1400-1999,From 1 400 to 1 999 cm³,ES,Spain,2016,,3905374,,,,,
dataflow,ESTAT:ROAD_EQS_CARMOT$DEFAULTVIEW(1.0),"Passenger cars, by type of motor energy and size of engine",A,Annual,NR,Number,PET,Petrol,CC1400-1999,From 1 400 to 1 999 cm³,ES,Spain,2017,,3894938,,,,,
dataflow,ESTAT:ROAD_EQS_CARMOT$DEFAULTVIEW(1.0),"Passenger cars, by type of motor energy and size of engine",A,Annual,NR,Number,PET,Petrol,CC1400-1999,From 1 400 to 1 999 cm³,ES,Spain,2018,,3951149,,,,,
dataflow,ESTAT:ROAD_EQS_CARMOT$DEFAULTVIEW(1.0),"Passenger cars, by type of motor energy and size of engine",A,Annual,NR,Number,PET,Petrol,CC1400-1999,From 1 400 to 1 999 cm³,ES,Spain,2019,,4064808,,,,,
dataflow,ESTAT:ROAD_EQS_CARMOT$DEFAULTVIEW(1.0),"Passenger cars, by type of motor energy and size of engine",A,Annual,NR,Number,PET,Petrol,CC1400-1999,From 1 400 to 1 999 cm³,ES,Spain,2020,,4110977,,,,,
dataflow,ESTAT:ROAD_EQS_CARMOT$DEFAULTVIEW(1.0),"Passenger cars, by type of motor energy and size of engine",A,Annual,NR,Number,PET,Petrol,CC1400-1999,From 1 400 to 1 999 cm³,ES,Spain,2021,,4194495,,,,,
dataflow,ESTAT:ROAD_EQS_CARMOT$DEFAULTVIEW(1.0),"Passenger cars, by type of motor energy and size of engine",A,Annual,NR,Number,PET,Petrol,CC1400-1999,From 1 400 to 1 999 cm³,ES,Spain,2022,,4319078,,,,,
dataflow,ESTAT:ROAD_EQS_CARMOT$DEFAULTVIEW(1.0),"Passenger cars, by type of motor energy and size of engine",A,Annual,NR,Number,PET,Petrol,CC1400-1999,From 1 400 to 1 999 cm³,ES,Spain,2023,,4459161,,,,,
dataflow,ESTAT:ROAD_EQS_CARMOT$DEFAULTVIEW(1.0),"Passenger cars, by type of motor energy and size of engine",A,Annual,NR,Number,PET,Petrol,CC1400-1999,From 1 400 to 1 999 cm³,ES,Spain,2024,,4599416,,,,,
dataflow,ESTAT:ROAD_EQS_CARMOT$DEFAULTVIEW(1.0),"Passenger cars, by type of motor energy and size of engine",A,Annual,NR,Number,PET,Petrol,CC1400-1999,From 1 400 to 1 999 cm³,FI,Finland,2015,,1443576,,,,,
dataflow,ESTAT:ROAD_EQS_CARMOT$DEFAULTVIEW(1.0),"Passenger cars, by type of motor energy and size of engine",A,Annual,NR,Number,PET,Petrol,CC1400-1999,From 1 400 to 1 999 cm³,FI,Finland,2016,,1442191,,,,,
dataflow,ESTAT:ROAD_EQS_CARMOT$DEFAULTVIEW(1.0),"Passenger cars, by type of motor energy and size of engine",A,Annual,NR,Number,PET,Petrol,CC1400-1999,From 1 400 to 1 999 cm³,FI,Finland,2017,,1437191,,,,,
dataflow,ESTAT:ROAD_EQS_CARMOT$DEFAULTVIEW(1.0),"Passenger cars, by type of motor energy and size of engine",A,Annual,NR,Number,PET,Petrol,CC1400-1999,From 1 400 to 1 999 cm³,FI,Finland,2018,,1435472,,,,,
dataflow,ESTAT:ROAD_EQS_CARMOT$DEFAULTVIEW(1.0),"Passenger cars, by type of motor energy and size of engine",A,Annual,NR,Number,PET,Petrol,CC1400-1999,From 1 400 to 1 999 cm³,FI,Finland,2019,,1445993,,,,,
dataflow,ESTAT:ROAD_EQS_CARMOT$DEFAULTVIEW(1.0),"Passenger cars, by type of motor energy and size of engine",A,Annual,NR,Number,PET,Petrol,CC1400-1999,From 1 400 to 1 999 cm³,FI,Finland,2020,,1453092,,,,,
dataflow,ESTAT:ROAD_EQS_CARMOT$DEFAULTVIEW(1.0),"Passenger cars, by type of motor energy and size of engine",A,Annual,NR,Number,PET,Petrol,CC1400-1999,From 1 400 to 1 999 cm³,FI,Finland,2021,,1447764,,,,,
dataflow,ESTAT:ROAD_EQS_CARMOT$DEFAULTVIEW(1.0),"Passenger cars, by type of motor energy and size of engine",A,Annual,NR,Number,PET,Petrol,CC1400-1999,From 1 400 to 1 999 cm³,FI,Finland,2022,,1449223,,,,,
dataflow,ESTAT:ROAD_EQS_CARMOT$DEFAULTVIEW(1.0),"Passenger cars, by type of motor energy and size of engine",A,Annual,NR,Number,PET,Petrol,CC1400-1999,From 1 400 to 1 999 cm³,FI,Finland,2023,,1456468,,,,,
dataflow,ESTAT:ROAD_EQS_CARMOT$DEFAULTVIEW(1.0),"Passenger cars, by type of motor energy and size of engine",A,Annual,NR,Number,PET,Petrol,CC1400-1999,From 1 400 to 1 999 cm³,FI,Finland,2024,,1464329,,,,,
dataflow,ESTAT:ROAD_EQS_CARMOT$DEFAULTVIEW(1.0),"Passenger cars, by type of motor energy and size of engine",A,Annual,NR,Number,PET,Petrol,CC1400-1999,From 1 400 to 1 999 cm³,FR,France,2015,,2292844,,,,,
dataflow,ESTAT:ROAD_EQS_CARMOT$DEFAULTVIEW(1.0),"Passenger cars, by type of motor energy and size of engine",A,Annual,NR,Number,PET,Petrol,CC1400-1999,From 1 400 to 1 999 cm³,FR,France,2016,,2357342,,,,,
dataflow,ESTAT:ROAD_EQS_CARMOT$DEFAULTVIEW(1.0),"Passenger cars, by type of motor energy and size of engine",A,Annual,NR,Number,PET,Petrol,CC1400-1999,From 1 400 to 1 999 cm³,FR,France,2017,,2454363,,,,,
dataflow,ESTAT:ROAD_EQS_CARMOT$DEFAULTVIEW(1.0),"Passenger cars, by type of motor energy and size of engine",A,Annual,NR,Number,PET,Petrol,CC1400-1999,From 1 400 to 1 999 cm³,FR,France,2018,,2576013,,,,,
dataflow,ESTAT:ROAD_EQS_CARMOT$DEFAULTVIEW(1.0),"Passenger cars, by type of motor energy and size of engine",A,Annual,NR,Number,PET,Petrol,CC1400-1999,From 1 400 to 1 999 cm³,FR,France,2019,,2735150,,,,,
dataflow,ESTAT:ROAD_EQS_CARMOT$DEFAULTVIEW(1.0),"Passenger cars, by type of motor energy and size of engine",A,Annual,NR,Number,PET,Petrol,CC1400-1999,From 1 400 to 1 999 cm³,FR,France,2020,,2884498,,,,,
dataflow,ESTAT:ROAD_EQS_CARMOT$DEFAULTVIEW(1.0),"Passenger cars, by type of motor energy and size of engine",A,Annual,NR,Number,PET,Petrol,CC1400-1999,From 1 400 to 1 999 cm³,FR,France,2021,,3136988,,,,,
dataflow,ESTAT:ROAD_EQS_CARMOT$DEFAULTVIEW(1.0),"Passenger cars, by type of motor energy and size of engine",A,Annual,NR,Number,PET,Petrol,CC1400-1999,From 1 400 to 1 999 cm³,FR,France,2022,,3422872,,,,,
dataflow,ESTAT:ROAD_EQS_CARMOT$DEFAULTVIEW(1.0),"Passenger cars, by type of motor energy and size of engine",A,Annual,NR,Number,PET,Petrol,CC1400-1999,From 1 400 to 1 999 cm³,FR,France,2023,,3782723,,,,,
dataflow,ESTAT:ROAD_EQS_CARMOT$DEFAULTVIEW(1.0),"Passenger cars, by type of motor energy and size of engine",A,Annual,NR,Number,PET,Petrol,CC1400-1999,From 1 400 to 1 999 cm³,FR,France,2024,,4176045,,,,,
dataflow,ESTAT:ROAD_EQS_CARMOT$DEFAULTVIEW(1.0),"Passenger cars, by type of motor energy and size of engine",A,Annual,NR,Number,PET,Petrol,CC1400-1999,From 1 400 to 1 999 cm³,GE,Georgia,2017,,220749,,,,,
dataflow,ESTAT:ROAD_EQS_CARMOT$DEFAULTVIEW(1.0),"Passenger cars, by type of motor energy and size of engine",A,Annual,NR,Number,PET,Petrol,CC1400-1999,From 1 400 to 1 999 cm³,GE,Georgia,2018,,252510,,,,,
dataflow,ESTAT:ROAD_EQS_CARMOT$DEFAULTVIEW(1.0),"Passenger cars, by type of motor energy and size of engine",A,Annual,NR,Number,PET,Petrol,CC1400-1999,From 1 400 to 1 999 cm³,GE,Georgia,2019,,279147,,,,,
dataflow,ESTAT:ROAD_EQS_CARMOT$DEFAULTVIEW(1.0),"Passenger cars, by type of motor energy and size of engine",A,Annual,NR,Number,PET,Petrol,CC1400-1999,From 1 400 to 1 999 cm³,GE,Georgia,2020,,328628,,,,,
dataflow,ESTAT:ROAD_EQS_CARMOT$DEFAULTVIEW(1.0),"Passenger cars, by type of motor energy and size of engine",A,Annual,NR,Number,PET,Petrol,CC1400-1999,From 1 400 to 1 999 cm³,GE,Georgia,2021,,358463,,,,,
dataflow,ESTAT:ROAD_EQS_CARMOT$DEFAULTVIEW(1.0),"Passenger cars, by type of motor energy and size of engine",A,Annual,NR,Number,PET,Petrol,CC1400-1999,From 1 400 to 1 999 cm³,GE,Georgia,2022,,381327,,,,,
dataflow,ESTAT:ROAD_EQS_CARMOT$DEFAULTVIEW(1.0),"Passenger cars, by type of motor energy and size of engine",A,Annual,NR,Number,PET,Petrol,CC1400-1999,From 1 400 to 1 999 cm³,GE,Georgia,2023,,417943,,,,,
dataflow,ESTAT:ROAD_EQS_CARMOT$DEFAULTVIEW(1.0),"Passenger cars, by type of motor energy and size of engine",A,Annual,NR,Number,PET,Petrol,CC1400-1999,From 1 400 to 1 999 cm³,GE,Georgia,2024,,457616,,,,,
dataflow,ESTAT:ROAD_EQS_CARMOT$DEFAULTVIEW(1.0),"Passenger cars, by type of motor energy and size of engine",A,Annual,NR,Number,PET,Petrol,CC1400-1999,From 1 400 to 1 999 cm³,HR,Croatia,2015,,213682,,,,,
dataflow,ESTAT:ROAD_EQS_CARMOT$DEFAULTVIEW(1.0),"Passenger cars, by type of motor energy and size of engine",A,Annual,NR,Number,PET,Petrol,CC1400-1999,From 1 400 to 1 999 cm³,HR,Croatia,2016,,205353,,,,,
dataflow,ESTAT:ROAD_EQS_CARMOT$DEFAULTVIEW(1.0),"Passenger cars, by type of motor energy and size of engine",A,Annual,NR,Number,PET,Petrol,CC1400-1999,From 1 400 to 1 999 cm³,HR,Croatia,2017,,196212,,,,,
dataflow,ESTAT:ROAD_EQS_CARMOT$DEFAULTVIEW(1.0),"Passenger cars, by type of motor energy and size of engine",A,Annual,NR,Number,PET,Petrol,CC1400-1999,From 1 400 to 1 999 cm³,HR,Croatia,2018,,189208,,,,,
dataflow,ESTAT:ROAD_EQS_CARMOT$DEFAULTVIEW(1.0),"Passenger cars, by type of motor energy and size of engine",A,Annual,NR,Number,PET,Petrol,CC1400-1999,From 1 400 to 1 999 cm³,HR,Croatia,2019,,180709,,,,,
dataflow,ESTAT:ROAD_EQS_CARMOT$DEFAULTVIEW(1.0),"Passenger cars, by type of motor energy and size of engine",A,Annual,NR,Number,PET,Petrol,CC1400-1999,From 1 400 to 1 999 cm³,HR,Croatia,2020,,172814,,,,,
dataflow,ESTAT:ROAD_EQS_CARMOT$DEFAULTVIEW(1.0),"Passenger cars, by type of motor energy and size of engine",A,Annual,NR,Number,PET,Petrol,CC1400-1999,From 1 400 to 1 999 cm³,HR,Croatia,2021,,169193,,,,,
dataflow,ESTAT:ROAD_EQS_CARMOT$DEFAULTVIEW(1.0),"Passenger cars, by type of motor energy and size of engine",A,Annual,NR,Number,PET,Petrol,CC1400-1999,From 1 400 to 1 999 cm³,HR,Croatia,2022,,169083,,,,,
dataflow,ESTAT:ROAD_EQS_CARMOT$DEFAULTVIEW(1.0),"Passenger cars, by type of motor energy and size of engine",A,Annual,NR,Number,PET,Petrol,CC1400-1999,From 1 400 to 1 999 cm³,HR,Croatia,2023,,172828,,,,,
dataflow,ESTAT:ROAD_EQS_CARMOT$DEFAULTVIEW(1.0),"Passenger cars, by type of motor energy and size of engine",A,Annual,NR,Number,PET,Petrol,CC1400-1999,From 1 400 to 1 999 cm³,HR,Croatia,2024,,183645,,,,,
dataflow,ESTAT:ROAD_EQS_CARMOT$DEFAULTVIEW(1.0),"Passenger cars, by type of motor energy and size of engine",A,Annual,NR,Number,PET,Petrol,CC1400-1999,From 1 400 to 1 999 cm³,HU,Hungary,2015,,668403,,,,,
dataflow,ESTAT:ROAD_EQS_CARMOT$DEFAULTVIEW(1.0),"Passenger cars, by type of motor energy and size of engine",A,Annual,NR,Number,PET,Petrol,CC1400-1999,From 1 400 to 1 999 cm³,HU,Hungary,2016,,696975,,,,,
dataflow,ESTAT:ROAD_EQS_CARMOT$DEFAULTVIEW(1.0),"Passenger cars, by type of motor energy and size of engine",A,Annual,NR,Number,PET,Petrol,CC1400-1999,From 1 400 to 1 999 cm³,HU,Hungary,2017,,737477,,,,,
dataflow,ESTAT:ROAD_EQS_CARMOT$DEFAULTVIEW(1.0),"Passenger cars, by type of motor energy and size of engine",A,Annual,NR,Number,PET,Petrol,CC1400-1999,From 1 400 to 1 999 cm³,HU,Hungary,2018,,783346,,,,,
dataflow,ESTAT:ROAD_EQS_CARMOT$DEFAULTVIEW(1.0),"Passenger cars, by type of motor energy and size of engine",A,Annual,NR,Number,PET,Petrol,CC1400-1999,From 1 400 to 1 999 cm³,HU,Hungary,2019,,823232,,,,,
dataflow,ESTAT:ROAD_EQS_CARMOT$DEFAULTVIEW(1.0),"Passenger cars, by type of motor energy and size of engine",A,Annual,NR,Number,PET,Petrol,CC1400-1999,From 1 400 to 1 999 cm³,HU,Hungary,2020,,844758,,,,,
dataflow,ESTAT:ROAD_EQS_CARMOT$DEFAULTVIEW(1.0),"Passenger cars, by type of motor energy and size of engine",A,Annual,NR,Number,PET,Petrol,CC1400-1999,From 1 400 to 1 999 cm³,HU,Hungary,2021,,861193,,,,,
dataflow,ESTAT:ROAD_EQS_CARMOT$DEFAULTVIEW(1.0),"Passenger cars, by type of motor energy and size of engine",A,Annual,NR,Number,PET,Petrol,CC1400-1999,From 1 400 to 1 999 cm³,HU,Hungary,2022,,874507,,,,,
dataflow,ESTAT:ROAD_EQS_CARMOT$DEFAULTVIEW(1.0),"Passenger cars, by type of motor energy and size of engine",A,Annual,NR,Number,PET,Petrol,CC1400-1999,From 1 400 to 1 999 cm³,HU,Hungary,2023,,884931,,,,,
dataflow,ESTAT:ROAD_EQS_CARMOT$DEFAULTVIEW(1.0),"Passenger cars, by type of motor energy and size of engine",A,Annual,NR,Number,PET,Petrol,CC1400-1999,From 1 400 to 1 999 cm³,HU,Hungary,2024,,1017758,,,,,
dataflow,ESTAT:ROAD_EQS_CARMOT$DEFAULTVIEW(1.0),"Passenger cars, by type of motor energy and size of engine",A,Annual,NR,Number,PET,Petrol,CC1400-1999,From 1 400 to 1 999 cm³,IE,Ireland,2015,,354810,,,,,
dataflow,ESTAT:ROAD_EQS_CARMOT$DEFAULTVIEW(1.0),"Passenger cars, by type of motor energy and size of engine",A,Annual,NR,Number,PET,Petrol,CC1400-1999,From 1 400 to 1 999 cm³,IE,Ireland,2016,,317040,,,,,
dataflow,ESTAT:ROAD_EQS_CARMOT$DEFAULTVIEW(1.0),"Passenger cars, by type of motor energy and size of engine",A,Annual,NR,Number,PET,Petrol,CC1400-1999,From 1 400 to 1 999 cm³,IE,Ireland,2017,,292740,,,,,
dataflow,ESTAT:ROAD_EQS_CARMOT$DEFAULTVIEW(1.0),"Passenger cars, by type of motor energy and size of engine",A,Annual,NR,Number,PET,Petrol,CC1400-1999,From 1 400 to 1 999 cm³,IE,Ireland,2018,,267420,,,,,
dataflow,ESTAT:ROAD_EQS_CARMOT$DEFAULTVIEW(1.0),"Passenger cars, by type of motor energy and size of engine",A,Annual,NR,Number,PET,Petrol,CC1400-1999,From 1 400 to 1 999 cm³,IE,Ireland,2019,,253440,,,,,
dataflow,ESTAT:ROAD_EQS_CARMOT$DEFAULTVIEW(1.0),"Passenger cars, by type of motor energy and size of engine",A,Annual,NR,Number,PET,Petrol,CC1400-1999,From 1 400 to 1 999 cm³,IE,Ireland,2020,,247290,,,,,
dataflow,ESTAT:ROAD_EQS_CARMOT$DEFAULTVIEW(1.0),"Passenger cars, by type of motor energy and size of engine",A,Annual,NR,Number,PET,Petrol,CC1400-1999,From 1 400 to 1 999 cm³,IE,Ireland,2021,,250080,,,,,
dataflow,ESTAT:ROAD_EQS_CARMOT$DEFAULTVIEW(1.0),"Passenger cars, by type of motor energy and size of engine",A,Annual,NR,Number,PET,Petrol,CC1400-1999,From 1 400 to 1 999 cm³,IE,Ireland,2022,,263350,,,,,
dataflow,ESTAT:ROAD_EQS_CARMOT$DEFAULTVIEW(1.0),"Passenger cars, by type of motor energy and size of engine",A,Annual,NR,Number,PET,Petrol,CC1400-1999,From 1 400 to 1 999 cm³,IE,Ireland,2023,,286900,,,,,
dataflow,ESTAT:ROAD_EQS_CARMOT$DEFAULTVIEW(1.0),"Passenger cars, by type of motor energy and size of engine",A,Annual,NR,Number,PET,Petrol,CC1400-1999,From 1 400 to 1 999 cm³,IT,Italy,2015,,9896267,,,,,
dataflow,ESTAT:ROAD_EQS_CARMOT$DEFAULTVIEW(1.0),"Passenger cars, by type of motor energy and size of engine",A,Annual,NR,Number,PET,Petrol,CC1400-1999,From 1 400 to 1 999 cm³,IT,Italy,2016,,9827804,,,,,
dataflow,ESTAT:ROAD_EQS_CARMOT$DEFAULTVIEW(1.0),"Passenger cars, by type of motor energy and size of engine",A,Annual,NR,Number,PET,Petrol,CC1400-1999,From 1 400 to 1 999 cm³,IT,Italy,2017,,9348459,,,,,
dataflow,ESTAT:ROAD_EQS_CARMOT$DEFAULTVIEW(1.0),"Passenger cars, by type of motor energy and size of engine",A,Annual,NR,Number,PET,Petrol,CC1400-1999,From 1 400 to 1 999 cm³,IT,Italy,2018,,9732884,,,,,
dataflow,ESTAT:ROAD_EQS_CARMOT$DEFAULTVIEW(1.0),"Passenger cars, by type of motor energy and size of engine",A,Annual,NR,Number,PET,Petrol,CC1400-1999,From 1 400 to 1 999 cm³,IT,Italy,2020,,9348459,,,,,
dataflow,ESTAT:ROAD_EQS_CARMOT$DEFAULTVIEW(1.0),"Passenger cars, by type of motor energy and size of engine",A,Annual,NR,Number,PET,Petrol,CC1400-1999,From 1 400 to 1 999 cm³,IT,Italy,2021,,9066627,,,,,
dataflow,ESTAT:ROAD_EQS_CARMOT$DEFAULTVIEW(1.0),"Passenger cars, by type of motor energy and size of engine",A,Annual,NR,Number,PET,Petrol,CC1400-1999,From 1 400 to 1 999 cm³,IT,Italy,2022,,16883187,,,,,
dataflow,ESTAT:ROAD_EQS_CARMOT$DEFAULTVIEW(1.0),"Passenger cars, by type of motor energy and size of engine",A,Annual,NR,Number,PET,Petrol,CC1400-1999,From 1 400 to 1 999 cm³,IT,Italy,2023,,9787845,,,,,
dataflow,ESTAT:ROAD_EQS_CARMOT$DEFAULTVIEW(1.0),"Passenger cars, by type of motor energy and size of engine",A,Annual,NR,Number,PET,Petrol,CC1400-1999,From 1 400 to 1 999 cm³,IT,Italy,2024,,9878515,,,,,
dataflow,ESTAT:ROAD_EQS_CARMOT$DEFAULTVIEW(1.0),"Passenger cars, by type of motor energy and size of engine",A,Annual,NR,Number,PET,Petrol,CC1400-1999,From 1 400 to 1 999 cm³,LI,Liechtenstein,2015,,8153,,,,,
dataflow,ESTAT:ROAD_EQS_CARMOT$DEFAULTVIEW(1.0),"Passenger cars, by type of motor energy and size of engine",A,Annual,NR,Number,PET,Petrol,CC1400-1999,From 1 400 to 1 999 cm³,LI,Liechtenstein,2016,,8013,,,,,
dataflow,ESTAT:ROAD_EQS_CARMOT$DEFAULTVIEW(1.0),"Passenger cars, by type of motor energy and size of engine",A,Annual,NR,Number,PET,Petrol,CC1400-1999,From 1 400 to 1 999 cm³,LI,Liechtenstein,2017,,7862,,,,,
dataflow,ESTAT:ROAD_EQS_CARMOT$DEFAULTVIEW(1.0),"Passenger cars, by type of motor energy and size of engine",A,Annual,NR,Number,PET,Petrol,CC1400-1999,From 1 400 to 1 999 cm³,LI,Liechtenstein,2018,,7824,,,,,
dataflow,ESTAT:ROAD_EQS_CARMOT$DEFAULTVIEW(1.0),"Passenger cars, by type of motor energy and size of engine",A,Annual,NR,Number,PET,Petrol,CC1400-1999,From 1 400 to 1 999 cm³,LI,Liechtenstein,2019,,7904,,,,,
dataflow,ESTAT:ROAD_EQS_CARMOT$DEFAULTVIEW(1.0),"Passenger cars, by type of motor energy and size of engine",A,Annual,NR,Number,PET,Petrol,CC1400-1999,From 1 400 to 1 999 cm³,LI,Liechtenstein,2020,,7951,,,,,
dataflow,ESTAT:ROAD_EQS_CARMOT$DEFAULTVIEW(1.0),"Passenger cars, by type of motor energy and size of engine",A,Annual,NR,Number,PET,Petrol,CC1400-1999,From 1 400 to 1 999 cm³,LI,Liechtenstein,2021,,8093,,,,,
dataflow,ESTAT:ROAD_EQS_CARMOT$DEFAULTVIEW(1.0),"Passenger cars, by type of motor energy and size of engine",A,Annual,NR,Number,PET,Petrol,CC1400-1999,From 1 400 to 1 999 cm³,LI,Liechtenstein,2022,,8140,,,,,
dataflow,ESTAT:ROAD_EQS_CARMOT$DEFAULTVIEW(1.0),"Passenger cars, by type of motor energy and size of engine",A,Annual,NR,Number,PET,Petrol,CC1400-1999,From 1 400 to 1 999 cm³,LI,Liechtenstein,2023,,8289,,,,,
dataflow,ESTAT:ROAD_EQS_CARMOT$DEFAULTVIEW(1.0),"Passenger cars, by type of motor energy and size of engine",A,Annual,NR,Number,PET,Petrol,CC1400-1999,From 1 400 to 1 999 cm³,LI,Liechtenstein,2024,,8528,,,,,
dataflow,ESTAT:ROAD_EQS_CARMOT$DEFAULTVIEW(1.0),"Passenger cars, by type of motor energy and size of engine",A,Annual,NR,Number,PET,Petrol,CC1400-1999,From 1 400 to 1 999 cm³,LT,Lithuania,2022,,233817,,,,,
dataflow,ESTAT:ROAD_EQS_CARMOT$DEFAULTVIEW(1.0),"Passenger cars, by type of motor energy and size of engine",A,Annual,NR,Number,PET,Petrol,CC1400-1999,From 1 400 to 1 999 cm³,LT,Lithuania,2023,,246724,,,,,
dataflow,ESTAT:ROAD_EQS_CARMOT$DEFAULTVIEW(1.0),"Passenger cars, by type of motor energy and size of engine",A,Annual,NR,Number,PET,Petrol,CC1400-1999,From 1 400 to 1 999 cm³,LT,Lithuania,2024,,257989,,,,,
dataflow,ESTAT:ROAD_EQS_CARMOT$DEFAULTVIEW(1.0),"Passenger cars, by type of motor energy and size of engine",A,Annual,NR,Number,PET,Petrol,CC1400-1999,From 1 400 to 1 999 cm³,LU,Luxembourg,2017,,57432,,,,,
dataflow,ESTAT:ROAD_EQS_CARMOT$DEFAULTVIEW(1.0),"Passenger cars, by type of motor energy and size of engine",A,Annual,NR,Number,PET,Petrol,CC1400-1999,From 1 400 to 1 999 cm³,LU,Luxembourg,2018,,64081,,,,,
dataflow,ESTAT:ROAD_EQS_CARMOT$DEFAULTVIEW(1.0),"Passenger cars, by type of motor energy and size of engine",A,Annual,NR,Number,PET,Petrol,CC1400-1999,From 1 400 to 1 999 cm³,LU,Luxembourg,2019,,72166,,,,,
dataflow,ESTAT:ROAD_EQS_CARMOT$DEFAULTVIEW(1.0),"Passenger cars, by type of motor energy and size of engine",A,Annual,NR,Number,PET,Petrol,CC1400-1999,From 1 400 to 1 999 cm³,LU,Luxembourg,2020,,79462,,,,,
dataflow,ESTAT:ROAD_EQS_CARMOT$DEFAULTVIEW(1.0),"Passenger cars, by type of motor energy and size of engine",A,Annual,NR,Number,PET,Petrol,CC1400-1999,From 1 400 to 1 999 cm³,LU,Luxembourg,2021,,86651,,,,,
dataflow,ESTAT:ROAD_EQS_CARMOT$DEFAULTVIEW(1.0),"Passenger cars, by type of motor energy and size of engine",A,Annual,NR,Number,PET,Petrol,CC1400-1999,From 1 400 to 1 999 cm³,LU,Luxembourg,2022,,93359,,i,value imputed by Eurostat or other receiving agencies,,
dataflow,ESTAT:ROAD_EQS_CARMOT$DEFAULTVIEW(1.0),"Passenger cars, by type of motor energy and size of engine",A,Annual,NR,Number,PET,Petrol,CC1400-1999,From 1 400 to 1 999 cm³,LU,Luxembourg,2023,,100786,,,,,
dataflow,ESTAT:ROAD_EQS_CARMOT$DEFAULTVIEW(1.0),"Passenger cars, by type of motor energy and size of engine",A,Annual,NR,Number,PET,Petrol,CC1400-1999,From 1 400 to 1 999 cm³,LU,Luxembourg,2024,,107066,,,,,
dataflow,ESTAT:ROAD_EQS_CARMOT$DEFAULTVIEW(1.0),"Passenger cars, by type of motor energy and size of engine",A,Annual,NR,Number,PET,Petrol,CC1400-1999,From 1 400 to 1 999 cm³,LV,Latvia,2015,,188432,,,,,
dataflow,ESTAT:ROAD_EQS_CARMOT$DEFAULTVIEW(1.0),"Passenger cars, by type of motor energy and size of engine",A,Annual,NR,Number,PET,Petrol,CC1400-1999,From 1 400 to 1 999 cm³,LV,Latvia,2016,,166082,,,,,
dataflow,ESTAT:ROAD_EQS_CARMOT$DEFAULTVIEW(1.0),"Passenger cars, by type of motor energy and size of engine",A,Annual,NR,Number,PET,Petrol,CC1400-1999,From 1 400 to 1 999 cm³,LV,Latvia,2017,,159764,,,,,
dataflow,ESTAT:ROAD_EQS_CARMOT$DEFAULTVIEW(1.0),"Passenger cars, by type of motor energy and size of engine",A,Annual,NR,Number,PET,Petrol,CC1400-1999,From 1 400 to 1 999 cm³,LV,Latvia,2018,,150064,,,,,
dataflow,ESTAT:ROAD_EQS_CARMOT$DEFAULTVIEW(1.0),"Passenger cars, by type of motor energy and size of engine",A,Annual,NR,Number,PET,Petrol,CC1400-1999,From 1 400 to 1 999 cm³,LV,Latvia,2019,,142886,,,,,
dataflow,ESTAT:ROAD_EQS_CARMOT$DEFAULTVIEW(1.0),"Passenger cars, by type of motor energy and size of engine",A,Annual,NR,Number,PET,Petrol,CC1400-1999,From 1 400 to 1 999 cm³,LV,Latvia,2020,,136747,,,,,
dataflow,ESTAT:ROAD_EQS_CARMOT$DEFAULTVIEW(1.0),"Passenger cars, by type of motor energy and size of engine",A,Annual,NR,Number,PET,Petrol,CC1400-1999,From 1 400 to 1 999 cm³,LV,Latvia,2021,,132691,,,,,
dataflow,ESTAT:ROAD_EQS_CARMOT$DEFAULTVIEW(1.0),"Passenger cars, by type of motor energy and size of engine",A,Annual,NR,Number,PET,Petrol,CC1400-1999,From 1 400 to 1 999 cm³,LV,Latvia,2022,,128895,,,,,
dataflow,ESTAT:ROAD_EQS_CARMOT$DEFAULTVIEW(1.0),"Passenger cars, by type of motor energy and size of engine",A,Annual,NR,Number,PET,Petrol,CC1400-1999,From 1 400 to 1 999 cm³,LV,Latvia,2023,,128341,,,,,
dataflow,ESTAT:ROAD_EQS_CARMOT$DEFAULTVIEW(1.0),"Passenger cars, by type of motor energy and size of engine",A,Annual,NR,Number,PET,Petrol,CC1400-1999,From 1 400 to 1 999 cm³,LV,Latvia,2024,,127951,,,,,
dataflow,ESTAT:ROAD_EQS_CARMOT$DEFAULTVIEW(1.0),"Passenger cars, by type of motor energy and size of engine",A,Annual,NR,Number,PET,Petrol,CC1400-1999,From 1 400 to 1 999 cm³,MD,Moldova,2015,,179099,,,,,
dataflow,ESTAT:ROAD_EQS_CARMOT$DEFAULTVIEW(1.0),"Passenger cars, by type of motor energy and size of engine",A,Annual,NR,Number,PET,Petrol,CC1400-1999,From 1 400 to 1 999 cm³,MD,Moldova,2016,,195877,,,,,
dataflow,ESTAT:ROAD_EQS_CARMOT$DEFAULTVIEW(1.0),"Passenger cars, by type of motor energy and size of engine",A,Annual,NR,Number,PET,Petrol,CC1400-1999,From 1 400 to 1 999 cm³,MD,Moldova,2017,,199104,,,,,
dataflow,ESTAT:ROAD_EQS_CARMOT$DEFAULTVIEW(1.0),"Passenger cars, by type of motor energy and size of engine",A,Annual,NR,Number,PET,Petrol,CC1400-1999,From 1 400 to 1 999 cm³,MD,Moldova,2018,,200064,,,,,
dataflow,ESTAT:ROAD_EQS_CARMOT$DEFAULTVIEW(1.0),"Passenger cars, by type of motor energy and size of engine",A,Annual,NR,Number,PET,Petrol,CC1400-1999,From 1 400 to 1 999 cm³,MD,Moldova,2019,,201183,,,,,
dataflow,ESTAT:ROAD_EQS_CARMOT$DEFAULTVIEW(1.0),"Passenger cars, by type of motor energy and size of engine",A,Annual,NR,Number,PET,Petrol,CC1400-1999,From 1 400 to 1 999 cm³,MD,Moldova,2020,,202658,,,,,
dataflow,ESTAT:ROAD_EQS_CARMOT$DEFAULTVIEW(1.0),"Passenger cars, by type of motor energy and size of engine",A,Annual,NR,Number,PET,Petrol,CC1400-1999,From 1 400 to 1 999 cm³,MD,Moldova,2021,,205631,,,,,
dataflow,ESTAT:ROAD_EQS_CARMOT$DEFAULTVIEW(1.0),"Passenger cars, by type of motor energy and size of engine",A,Annual,NR,Number,PET,Petrol,CC1400-1999,From 1 400 to 1 999 cm³,MD,Moldova,2022,,207687,,,,,
dataflow,ESTAT:ROAD_EQS_CARMOT$DEFAULTVIEW(1.0),"Passenger cars, by type of motor energy and size of engine",A,Annual,NR,Number,PET,Petrol,CC1400-1999,From 1 400 to 1 999 cm³,MD,Moldova,2023,,211912,,,,,
dataflow,ESTAT:ROAD_EQS_CARMOT$DEFAULTVIEW(1.0),"Passenger cars, by type of motor energy and size of engine",A,Annual,NR,Number,PET,Petrol,CC1400-1999,From 1 400 to 1 999 cm³,MD,Moldova,2024,,217615,,,,,
dataflow,ESTAT:ROAD_EQS_CARMOT$DEFAULTVIEW(1.0),"Passenger cars, by type of motor energy and size of engine",A,Annual,NR,Number,PET,Petrol,CC1400-1999,From 1 400 to 1 999 cm³,ME,Montenegro,2016,,16972,,,,,
dataflow,ESTAT:ROAD_EQS_CARMOT$DEFAULTVIEW(1.0),"Passenger cars, by type of motor energy and size of engine",A,Annual,NR,Number,PET,Petrol,CC1400-1999,From 1 400 to 1 999 cm³,ME,Montenegro,2017,,15641,,,,,
dataflow,ESTAT:ROAD_EQS_CARMOT$DEFAULTVIEW(1.0),"Passenger cars, by type of motor energy and size of engine",A,Annual,NR,Number,PET,Petrol,CC1400-1999,From 1 400 to 1 999 cm³,ME,Montenegro,2018,,14954,,,,,
dataflow,ESTAT:ROAD_EQS_CARMOT$DEFAULTVIEW(1.0),"Passenger cars, by type of motor energy and size of engine",A,Annual,NR,Number,PET,Petrol,CC1400-1999,From 1 400 to 1 999 cm³,ME,Montenegro,2019,,14643,,,,,
dataflow,ESTAT:ROAD_EQS_CARMOT$DEFAULTVIEW(1.0),"Passenger cars, by type of motor energy and size of engine",A,Annual,NR,Number,PET,Petrol,CC1400-1999,From 1 400 to 1 999 cm³,ME,Montenegro,2020,,12684,,,,,
dataflow,ESTAT:ROAD_EQS_CARMOT$DEFAULTVIEW(1.0),"Passenger cars, by type of motor energy and size of engine",A,Annual,NR,Number,PET,Petrol,CC1400-1999,From 1 400 to 1 999 cm³,ME,Montenegro,2024,,12777,,,,,
dataflow,ESTAT:ROAD_EQS_CARMOT$DEFAULTVIEW(1.0),"Passenger cars, by type of motor energy and size of engine",A,Annual,NR,Number,PET,Petrol,CC1400-1999,From 1 400 to 1 999 cm³,MT,Malta,2015,,32216,,,,,
dataflow,ESTAT:ROAD_EQS_CARMOT$DEFAULTVIEW(1.0),"Passenger cars, by type of motor energy and size of engine",A,Annual,NR,Number,PET,Petrol,CC1400-1999,From 1 400 to 1 999 cm³,MT,Malta,2016,,31957,,,,,
dataflow,ESTAT:ROAD_EQS_CARMOT$DEFAULTVIEW(1.0),"Passenger cars, by type of motor energy and size of engine",A,Annual,NR,Number,PET,Petrol,CC1400-1999,From 1 400 to 1 999 cm³,MT,Malta,2017,,31905,,,,,
dataflow,ESTAT:ROAD_EQS_CARMOT$DEFAULTVIEW(1.0),"Passenger cars, by type of motor energy and size of engine",A,Annual,NR,Number,PET,Petrol,CC1400-1999,From 1 400 to 1 999 cm³,MT,Malta,2018,,31933,,,,,
dataflow,ESTAT:ROAD_EQS_CARMOT$DEFAULTVIEW(1.0),"Passenger cars, by type of motor energy and size of engine",A,Annual,NR,Number,PET,Petrol,CC1400-1999,From 1 400 to 1 999 cm³,MT,Malta,2019,,31981,,,,,
dataflow,ESTAT:ROAD_EQS_CARMOT$DEFAULTVIEW(1.0),"Passenger cars, by type of motor energy and size of engine",A,Annual,NR,Number,PET,Petrol,CC1400-1999,From 1 400 to 1 999 cm³,MT,Malta,2020,,31913,,,,,
dataflow,ESTAT:ROAD_EQS_CARMOT$DEFAULTVIEW(1.0),"Passenger cars, by type of motor energy and size of engine",A,Annual,NR,Number,PET,Petrol,CC1400-1999,From 1 400 to 1 999 cm³,MT,Malta,2021,,32702,,,,,
dataflow,ESTAT:ROAD_EQS_CARMOT$DEFAULTVIEW(1.0),"Passenger cars, by type of motor energy and size of engine",A,Annual,NR,Number,PET,Petrol,CC1400-1999,From 1 400 to 1 999 cm³,MT,Malta,2022,,34137,,,,,
dataflow,ESTAT:ROAD_EQS_CARMOT$DEFAULTVIEW(1.0),"Passenger cars, by type of motor energy and size of engine",A,Annual,NR,Number,PET,Petrol,CC1400-1999,From 1 400 to 1 999 cm³,MT,Malta,2023,,36341,,,,,
dataflow,ESTAT:ROAD_EQS_CARMOT$DEFAULTVIEW(1.0),"Passenger cars, by type of motor energy and size of engine",A,Annual,NR,Number,PET,Petrol,CC1400-1999,From 1 400 to 1 999 cm³,MT,Malta,2024,,38304,,,,,
dataflow,ESTAT:ROAD_EQS_CARMOT$DEFAULTVIEW(1.0),"Passenger cars, by type of motor energy and size of engine",A,Annual,NR,Number,PET,Petrol,CC1400-1999,From 1 400 to 1 999 cm³,NL,Netherlands,2015,,2478643,,,,,
dataflow,ESTAT:ROAD_EQS_CARMOT$DEFAULTVIEW(1.0),"Passenger cars, by type of motor energy and size of engine",A,Annual,NR,Number,PET,Petrol,CC1400-1999,From 1 400 to 1 999 cm³,NL,Netherlands,2016,,2468394,,,,,
dataflow,ESTAT:ROAD_EQS_CARMOT$DEFAULTVIEW(1.0),"Passenger cars, by type of motor energy and size of engine",A,Annual,NR,Number,PET,Petrol,CC1400-1999,From 1 400 to 1 999 cm³,NL,Netherlands,2017,,2456517,,,,,
dataflow,ESTAT:ROAD_EQS_CARMOT$DEFAULTVIEW(1.0),"Passenger cars, by type of motor energy and size of engine",A,Annual,NR,Number,PET,Petrol,CC1400-1999,From 1 400 to 1 999 cm³,NL,Netherlands,2018,,2434648,,,,,
dataflow,ESTAT:ROAD_EQS_CARMOT$DEFAULTVIEW(1.0),"Passenger cars, by type of motor energy and size of engine",A,Annual,NR,Number,PET,Petrol,CC1400-1999,From 1 400 to 1 999 cm³,NL,Netherlands,2019,,2447202,,,,,
dataflow,ESTAT:ROAD_EQS_CARMOT$DEFAULTVIEW(1.0),"Passenger cars, by type of motor energy and size of engine",A,Annual,NR,Number,PET,Petrol,CC1400-1999,From 1 400 to 1 999 cm³,NL,Netherlands,2020,,2475849,,,,,
dataflow,ESTAT:ROAD_EQS_CARMOT$DEFAULTVIEW(1.0),"Passenger cars, by type of motor energy and size of engine",A,Annual,NR,Number,PET,Petrol,CC1400-1999,From 1 400 to 1 999 cm³,NL,Netherlands,2021,,2516404,,,,,
dataflow,ESTAT:ROAD_EQS_CARMOT$DEFAULTVIEW(1.0),"Passenger cars, by type of motor energy and size of engine",A,Annual,NR,Number,PET,Petrol,CC1400-1999,From 1 400 to 1 999 cm³,NL,Netherlands,2022,,2554179,,,,,
dataflow,ESTAT:ROAD_EQS_CARMOT$DEFAULTVIEW(1.0),"Passenger cars, by type of motor energy and size of engine",A,Annual,NR,Number,PET,Petrol,CC1400-1999,From 1 400 to 1 999 cm³,NL,Netherlands,2023,,2614024,,,,,
dataflow,ESTAT:ROAD_EQS_CARMOT$DEFAULTVIEW(1.0),"Passenger cars, by type of motor energy and size of engine",A,Annual,NR,Number,PET,Petrol,CC1400-1999,From 1 400 to 1 999 cm³,NL,Netherlands,2024,,2692202,,,,,
dataflow,ESTAT:ROAD_EQS_CARMOT$DEFAULTVIEW(1.0),"Passenger cars, by type of motor energy and size of engine",A,Annual,NR,Number,PET,Petrol,CC1400-1999,From 1 400 to 1 999 cm³,NO,Norway,2016,,712949,,,,,
dataflow,ESTAT:ROAD_EQS_CARMOT$DEFAULTVIEW(1.0),"Passenger cars, by type of motor energy and size of engine",A,Annual,NR,Number,PET,Petrol,CC1400-1999,From 1 400 to 1 999 cm³,NO,Norway,2017,,699067,,,,,
dataflow,ESTAT:ROAD_EQS_CARMOT$DEFAULTVIEW(1.0),"Passenger cars, by type of motor energy and size of engine",A,Annual,NR,Number,PET,Petrol,CC1400-1999,From 1 400 to 1 999 cm³,NO,Norway,2018,,677272,,,,,
dataflow,ESTAT:ROAD_EQS_CARMOT$DEFAULTVIEW(1.0),"Passenger cars, by type of motor energy and size of engine",A,Annual,NR,Number,PET,Petrol,CC1400-1999,From 1 400 to 1 999 cm³,NO,Norway,2019,,663848,,,,,
dataflow,ESTAT:ROAD_EQS_CARMOT$DEFAULTVIEW(1.0),"Passenger cars, by type of motor energy and size of engine",A,Annual,NR,Number,PET,Petrol,CC1400-1999,From 1 400 to 1 999 cm³,NO,Norway,2020,,662795,,,,,
dataflow,ESTAT:ROAD_EQS_CARMOT$DEFAULTVIEW(1.0),"Passenger cars, by type of motor energy and size of engine",A,Annual,NR,Number,PET,Petrol,CC1400-1999,From 1 400 to 1 999 cm³,NO,Norway,2021,,646682,,,,,
dataflow,ESTAT:ROAD_EQS_CARMOT$DEFAULTVIEW(1.0),"Passenger cars, by type of motor energy and size of engine",A,Annual,NR,Number,PET,Petrol,CC1400-1999,From 1 400 to 1 999 cm³,NO,Norway,2022,,597143,,,,,
dataflow,ESTAT:ROAD_EQS_CARMOT$DEFAULTVIEW(1.0),"Passenger cars, by type of motor energy and size of engine",A,Annual,NR,Number,PET,Petrol,CC1400-1999,From 1 400 to 1 999 cm³,NO,Norway,2023,,568242,,,,,
dataflow,ESTAT:ROAD_EQS_CARMOT$DEFAULTVIEW(1.0),"Passenger cars, by type of motor energy and size of engine",A,Annual,NR,Number,PET,Petrol,CC1400-1999,From 1 400 to 1 999 cm³,NO,Norway,2024,,549185,,,,,
dataflow,ESTAT:ROAD_EQS_CARMOT$DEFAULTVIEW(1.0),"Passenger cars, by type of motor energy and size of engine",A,Annual,NR,Number,PET,Petrol,CC1400-1999,From 1 400 to 1 999 cm³,PT,Portugal,2015,,311051,,,,,
dataflow,ESTAT:ROAD_EQS_CARMOT$DEFAULTVIEW(1.0),"Passenger cars, by type of motor energy and size of engine",A,Annual,NR,Number,PET,Petrol,CC1400-1999,From 1 400 to 1 999 cm³,PT,Portugal,2016,,302903,,,,,
dataflow,ESTAT:ROAD_EQS_CARMOT$DEFAULTVIEW(1.0),"Passenger cars, by type of motor energy and size of engine",A,Annual,NR,Number,PET,Petrol,CC1400-1999,From 1 400 to 1 999 cm³,PT,Portugal,2017,,305816,,,,,
dataflow,ESTAT:ROAD_EQS_CARMOT$DEFAULTVIEW(1.0),"Passenger cars, by type of motor energy and size of engine",A,Annual,NR,Number,PET,Petrol,CC1400-1999,From 1 400 to 1 999 cm³,PT,Portugal,2018,,316712,,,,,
dataflow,ESTAT:ROAD_EQS_CARMOT$DEFAULTVIEW(1.0),"Passenger cars, by type of motor energy and size of engine",A,Annual,NR,Number,PET,Petrol,CC1400-1999,From 1 400 to 1 999 cm³,PT,Portugal,2019,,342096,,,,,
dataflow,ESTAT:ROAD_EQS_CARMOT$DEFAULTVIEW(1.0),"Passenger cars, by type of motor energy and size of engine",A,Annual,NR,Number,PET,Petrol,CC1400-1999,From 1 400 to 1 999 cm³,PT,Portugal,2020,,337382,,,,,
dataflow,ESTAT:ROAD_EQS_CARMOT$DEFAULTVIEW(1.0),"Passenger cars, by type of motor energy and size of engine",A,Annual,NR,Number,PET,Petrol,CC1400-1999,From 1 400 to 1 999 cm³,PT,Portugal,2021,,351475,,,,,
dataflow,ESTAT:ROAD_EQS_CARMOT$DEFAULTVIEW(1.0),"Passenger cars, by type of motor energy and size of engine",A,Annual,NR,Number,PET,Petrol,CC1400-1999,From 1 400 to 1 999 cm³,PT,Portugal,2022,,375081,,,,,
dataflow,ESTAT:ROAD_EQS_CARMOT$DEFAULTVIEW(1.0),"Passenger cars, by type of motor energy and size of engine",A,Annual,NR,Number,PET,Petrol,CC1400-1999,From 1 400 to 1 999 cm³,PT,Portugal,2023,,397464,,,,,
dataflow,ESTAT:ROAD_EQS_CARMOT$DEFAULTVIEW(1.0),"Passenger cars, by type of motor energy and size of engine",A,Annual,NR,Number,PET,Petrol,CC1400-1999,From 1 400 to 1 999 cm³,PT,Portugal,2024,,445907,,,,,
dataflow,ESTAT:ROAD_EQS_CARMOT$DEFAULTVIEW(1.0),"Passenger cars, by type of motor energy and size of engine",A,Annual,NR,Number,PET,Petrol,CC1400-1999,From 1 400 to 1 999 cm³,RO,Romania,2015,,1036014,,,,,
dataflow,ESTAT:ROAD_EQS_CARMOT$DEFAULTVIEW(1.0),"Passenger cars, by type of motor energy and size of engine",A,Annual,NR,Number,PET,Petrol,CC1400-1999,From 1 400 to 1 999 cm³,RO,Romania,2016,,1098013,,,,,
dataflow,ESTAT:ROAD_EQS_CARMOT$DEFAULTVIEW(1.0),"Passenger cars, by type of motor energy and size of engine",A,Annual,NR,Number,PET,Petrol,CC1400-1999,From 1 400 to 1 999 cm³,RO,Romania,2017,,1181993,,,,,
dataflow,ESTAT:ROAD_EQS_CARMOT$DEFAULTVIEW(1.0),"Passenger cars, by type of motor energy and size of engine",A,Annual,NR,Number,PET,Petrol,CC1400-1999,From 1 400 to 1 999 cm³,RO,Romania,2018,,1238163,,,,,
dataflow,ESTAT:ROAD_EQS_CARMOT$DEFAULTVIEW(1.0),"Passenger cars, by type of motor energy and size of engine",A,Annual,NR,Number,PET,Petrol,CC1400-1999,From 1 400 to 1 999 cm³,RO,Romania,2019,,1284224,,,,,
dataflow,ESTAT:ROAD_EQS_CARMOT$DEFAULTVIEW(1.0),"Passenger cars, by type of motor energy and size of engine",A,Annual,NR,Number,PET,Petrol,CC1400-1999,From 1 400 to 1 999 cm³,RO,Romania,2020,,1318911,,,,,
dataflow,ESTAT:ROAD_EQS_CARMOT$DEFAULTVIEW(1.0),"Passenger cars, by type of motor energy and size of engine",A,Annual,NR,Number,PET,Petrol,CC1400-1999,From 1 400 to 1 999 cm³,RO,Romania,2021,,1349958,,,,,
dataflow,ESTAT:ROAD_EQS_CARMOT$DEFAULTVIEW(1.0),"Passenger cars, by type of motor energy and size of engine",A,Annual,NR,Number,PET,Petrol,CC1400-1999,From 1 400 to 1 999 cm³,RO,Romania,2022,,1373857,,,,,
dataflow,ESTAT:ROAD_EQS_CARMOT$DEFAULTVIEW(1.0),"Passenger cars, by type of motor energy and size of engine",A,Annual,NR,Number,PET,Petrol,CC1400-1999,From 1 400 to 1 999 cm³,RO,Romania,2023,,1402660,,,,,
dataflow,ESTAT:ROAD_EQS_CARMOT$DEFAULTVIEW(1.0),"Passenger cars, by type of motor energy and size of engine",A,Annual,NR,Number,PET,Petrol,CC1400-1999,From 1 400 to 1 999 cm³,RO,Romania,2024,,1460902,,,,,
dataflow,ESTAT:ROAD_EQS_CARMOT$DEFAULTVIEW(1.0),"Passenger cars, by type of motor energy and size of engine",A,Annual,NR,Number,PET,Petrol,CC1400-1999,From 1 400 to 1 999 cm³,RS,Serbia,2019,,221495,,,,,
dataflow,ESTAT:ROAD_EQS_CARMOT$DEFAULTVIEW(1.0),"Passenger cars, by type of motor energy and size of engine",A,Annual,NR,Number,PET,Petrol,CC1400-1999,From 1 400 to 1 999 cm³,RS,Serbia,2020,,224799,,,,,
dataflow,ESTAT:ROAD_EQS_CARMOT$DEFAULTVIEW(1.0),"Passenger cars, by type of motor energy and size of engine",A,Annual,NR,Number,PET,Petrol,CC1400-1999,From 1 400 to 1 999 cm³,RS,Serbia,2021,,228176,,,,,
dataflow,ESTAT:ROAD_EQS_CARMOT$DEFAULTVIEW(1.0),"Passenger cars, by type of motor energy and size of engine",A,Annual,NR,Number,PET,Petrol,CC1400-1999,From 1 400 to 1 999 cm³,RS,Serbia,2022,,239863,,,,,
dataflow,ESTAT:ROAD_EQS_CARMOT$DEFAULTVIEW(1.0),"Passenger cars, by type of motor energy and size of engine",A,Annual,NR,Number,PET,Petrol,CC1400-1999,From 1 400 to 1 999 cm³,RS,Serbia,2023,,246571,,,,,
dataflow,ESTAT:ROAD_EQS_CARMOT$DEFAULTVIEW(1.0),"Passenger cars, by type of motor energy and size of engine",A,Annual,NR,Number,PET,Petrol,CC1400-1999,From 1 400 to 1 999 cm³,RS,Serbia,2024,,258225,,,,,
dataflow,ESTAT:ROAD_EQS_CARMOT$DEFAULTVIEW(1.0),"Passenger cars, by type of motor energy and size of engine",A,Annual,NR,Number,PET,Petrol,CC1400-1999,From 1 400 to 1 999 cm³,SE,Sweden,2015,,876028,,,,,
dataflow,ESTAT:ROAD_EQS_CARMOT$DEFAULTVIEW(1.0),"Passenger cars, by type of motor energy and size of engine",A,Annual,NR,Number,PET,Petrol,CC1400-1999,From 1 400 to 1 999 cm³,SE,Sweden,2016,,899281,,,,,
dataflow,ESTAT:ROAD_EQS_CARMOT$DEFAULTVIEW(1.0),"Passenger cars, by type of motor energy and size of engine",A,Annual,NR,Number,PET,Petrol,CC1400-1999,From 1 400 to 1 999 cm³,SE,Sweden,2017,,927685,,,,,
dataflow,ESTAT:ROAD_EQS_CARMOT$DEFAULTVIEW(1.0),"Passenger cars, by type of motor energy and size of engine",A,Annual,NR,Number,PET,Petrol,CC1400-1999,From 1 400 to 1 999 cm³,SE,Sweden,2018,,966438,,,,,
dataflow,ESTAT:ROAD_EQS_CARMOT$DEFAULTVIEW(1.0),"Passenger cars, by type of motor energy and size of engine",A,Annual,NR,Number,PET,Petrol,CC1400-1999,From 1 400 to 1 999 cm³,SE,Sweden,2019,,1001131,,,,,
dataflow,ESTAT:ROAD_EQS_CARMOT$DEFAULTVIEW(1.0),"Passenger cars, by type of motor energy and size of engine",A,Annual,NR,Number,PET,Petrol,CC1400-1999,From 1 400 to 1 999 cm³,SE,Sweden,2020,,1056127,,,,,
dataflow,ESTAT:ROAD_EQS_CARMOT$DEFAULTVIEW(1.0),"Passenger cars, by type of motor energy and size of engine",A,Annual,NR,Number,PET,Petrol,CC1400-1999,From 1 400 to 1 999 cm³,SE,Sweden,2021,,1104710,,,,,
dataflow,ESTAT:ROAD_EQS_CARMOT$DEFAULTVIEW(1.0),"Passenger cars, by type of motor energy and size of engine",A,Annual,NR,Number,PET,Petrol,CC1400-1999,From 1 400 to 1 999 cm³,SE,Sweden,2022,,1130068,,,,,
dataflow,ESTAT:ROAD_EQS_CARMOT$DEFAULTVIEW(1.0),"Passenger cars, by type of motor energy and size of engine",A,Annual,NR,Number,PET,Petrol,CC1400-1999,From 1 400 to 1 999 cm³,SE,Sweden,2023,,1139170,,,,,
dataflow,ESTAT:ROAD_EQS_CARMOT$DEFAULTVIEW(1.0),"Passenger cars, by type of motor energy and size of engine",A,Annual,NR,Number,PET,Petrol,CC1400-1999,From 1 400 to 1 999 cm³,SE,Sweden,2024,,1165168,,,,,
dataflow,ESTAT:ROAD_EQS_CARMOT$DEFAULTVIEW(1.0),"Passenger cars, by type of motor energy and size of engine",A,Annual,NR,Number,PET,Petrol,CC1400-1999,From 1 400 to 1 999 cm³,SI,Slovenia,2015,,201453,,,,,
dataflow,ESTAT:ROAD_EQS_CARMOT$DEFAULTVIEW(1.0),"Passenger cars, by type of motor energy and size of engine",A,Annual,NR,Number,PET,Petrol,CC1400-1999,From 1 400 to 1 999 cm³,SI,Slovenia,2016,,192182,,,,,
dataflow,ESTAT:ROAD_EQS_CARMOT$DEFAULTVIEW(1.0),"Passenger cars, by type of motor energy and size of engine",A,Annual,NR,Number,PET,Petrol,CC1400-1999,From 1 400 to 1 999 cm³,SI,Slovenia,2017,,183474,,,,,
dataflow,ESTAT:ROAD_EQS_CARMOT$DEFAULTVIEW(1.0),"Passenger cars, by type of motor energy and size of engine",A,Annual,NR,Number,PET,Petrol,CC1400-1999,From 1 400 to 1 999 cm³,SI,Slovenia,2018,,176855,,,,,
dataflow,ESTAT:ROAD_EQS_CARMOT$DEFAULTVIEW(1.0),"Passenger cars, by type of motor energy and size of engine",A,Annual,NR,Number,PET,Petrol,CC1400-1999,From 1 400 to 1 999 cm³,SI,Slovenia,2019,,171440,,,,,
dataflow,ESTAT:ROAD_EQS_CARMOT$DEFAULTVIEW(1.0),"Passenger cars, by type of motor energy and size of engine",A,Annual,NR,Number,PET,Petrol,CC1400-1999,From 1 400 to 1 999 cm³,SI,Slovenia,2020,,165281,,,,,
dataflow,ESTAT:ROAD_EQS_CARMOT$DEFAULTVIEW(1.0),"Passenger cars, by type of motor energy and size of engine",A,Annual,NR,Number,PET,Petrol,CC1400-1999,From 1 400 to 1 999 cm³,SI,Slovenia,2021,,162515,,,,,
dataflow,ESTAT:ROAD_EQS_CARMOT$DEFAULTVIEW(1.0),"Passenger cars, by type of motor energy and size of engine",A,Annual,NR,Number,PET,Petrol,CC1400-1999,From 1 400 to 1 999 cm³,SI,Slovenia,2022,,163763,,,,,
dataflow,ESTAT:ROAD_EQS_CARMOT$DEFAULTVIEW(1.0),"Passenger cars, by type of motor energy and size of engine",A,Annual,NR,Number,PET,Petrol,CC1400-1999,From 1 400 to 1 999 cm³,SI,Slovenia,2023,,189031,,b,break in time series,,
dataflow,ESTAT:ROAD_EQS_CARMOT$DEFAULTVIEW(1.0),"Passenger cars, by type of motor energy and size of engine",A,Annual,NR,Number,PET,Petrol,CC1400-1999,From 1 400 to 1 999 cm³,SI,Slovenia,2024,,201881,,,,,
dataflow,ESTAT:ROAD_EQS_CARMOT$DEFAULTVIEW(1.0),"Passenger cars, by type of motor energy and size of engine",A,Annual,NR,Number,PET,Petrol,CC1400-1999,From 1 400 to 1 999 cm³,TR,Türkiye,2015,,1251388,,,,,
dataflow,ESTAT:ROAD_EQS_CARMOT$DEFAULTVIEW(1.0),"Passenger cars, by type of motor energy and size of engine",A,Annual,NR,Number,PET,Petrol,CC1400-1999,From 1 400 to 1 999 cm³,TR,Türkiye,2016,,1254607,,,,,
dataflow,ESTAT:ROAD_EQS_CARMOT$DEFAULTVIEW(1.0),"Passenger cars, by type of motor energy and size of engine",A,Annual,NR,Number,PET,Petrol,CC1400-1999,From 1 400 to 1 999 cm³,TR,Türkiye,2017,,1264970,,,,,
dataflow,ESTAT:ROAD_EQS_CARMOT$DEFAULTVIEW(1.0),"Passenger cars, by type of motor energy and size of engine",A,Annual,NR,Number,PET,Petrol,CC1400-1999,From 1 400 to 1 999 cm³,TR,Türkiye,2018,,2206391,,,,,
dataflow,ESTAT:ROAD_EQS_CARMOT$DEFAULTVIEW(1.0),"Passenger cars, by type of motor energy and size of engine",A,Annual,NR,Number,PET,Petrol,CC1400-1999,From 1 400 to 1 999 cm³,TR,Türkiye,2019,,2153761,,,,,
dataflow,ESTAT:ROAD_EQS_CARMOT$DEFAULTVIEW(1.0),"Passenger cars, by type of motor energy and size of engine",A,Annual,NR,Number,PET,Petrol,CC1400-1999,From 1 400 to 1 999 cm³,TR,Türkiye,2020,,1403372,,,,,
dataflow,ESTAT:ROAD_EQS_CARMOT$DEFAULTVIEW(1.0),"Passenger cars, by type of motor energy and size of engine",A,Annual,NR,Number,PET,Petrol,CC1400-1999,From 1 400 to 1 999 cm³,TR,Türkiye,2021,,1370628,,,,,
dataflow,ESTAT:ROAD_EQS_CARMOT$DEFAULTVIEW(1.0),"Passenger cars, by type of motor energy and size of engine",A,Annual,NR,Number,PET,Petrol,CC1400-1999,From 1 400 to 1 999 cm³,TR,Türkiye,2022,,1483719,,,,,
dataflow,ESTAT:ROAD_EQS_CARMOT$DEFAULTVIEW(1.0),"Passenger cars, by type of motor energy and size of engine",A,Annual,NR,Number,PET,Petrol,CC1400-1999,From 1 400 to 1 999 cm³,TR,Türkiye,2023,,1697030,,,,,
dataflow,ESTAT:ROAD_EQS_CARMOT$DEFAULTVIEW(1.0),"Passenger cars, by type of motor energy and size of engine",A,Annual,NR,Number,PET,Petrol,CC1400-1999,From 1 400 to 1 999 cm³,TR,Türkiye,2024,,1979418,,,,,
dataflow,ESTAT:ROAD_EQS_CARMOT$DEFAULTVIEW(1.0),"Passenger cars, by type of motor energy and size of engine",A,Annual,NR,Number,PET,Petrol,CC1400-1999,From 1 400 to 1 999 cm³,UK,United Kingdom,2015,,7406169,,,,,
dataflow,ESTAT:ROAD_EQS_CARMOT$DEFAULTVIEW(1.0),"Passenger cars, by type of motor energy and size of engine",A,Annual,NR,Number,PET,Petrol,CC1400-1999,From 1 400 to 1 999 cm³,UK,United Kingdom,2016,,7133192,,,,,
dataflow,ESTAT:ROAD_EQS_CARMOT$DEFAULTVIEW(1.0),"Passenger cars, by type of motor energy and size of engine",A,Annual,NR,Number,PET,Petrol,CC1400-1999,From 1 400 to 1 999 cm³,UK,United Kingdom,2017,,6934811,,,,,
dataflow,ESTAT:ROAD_EQS_CARMOT$DEFAULTVIEW(1.0),"Passenger cars, by type of motor energy and size of engine",A,Annual,NR,Number,PET,Petrol,CC1400-1999,From 1 400 to 1 999 cm³,UK,United Kingdom,2018,,6920514,,,,,
dataflow,ESTAT:ROAD_EQS_CARMOT$DEFAULTVIEW(1.0),"Passenger cars, by type of motor energy and size of engine",A,Annual,NR,Number,PET,Petrol,CC1400-1999,From 1 400 to 1 999 cm³,UK,United Kingdom,2021,,6920548,,,,,
dataflow,ESTAT:ROAD_EQS_CARMOT$DEFAULTVIEW(1.0),"Passenger cars, by type of motor energy and size of engine",A,Annual,NR,Number,PET,Petrol,CC1400-1999,From 1 400 to 1 999 cm³,UK,United Kingdom,2022,,7480336,,,,,
dataflow,ESTAT:ROAD_EQS_CARMOT$DEFAULTVIEW(1.0),"Passenger cars, by type of motor energy and size of engine",A,Annual,NR,Number,PET,Petrol,CC1400-1999,From 1 400 to 1 999 cm³,UK,United Kingdom,2023,,7808381,,,,,
dataflow,ESTAT:ROAD_EQS_CARMOT$DEFAULTVIEW(1.0),"Passenger cars, by type of motor energy and size of engine",A,Annual,NR,Number,PET,Petrol,CC1400-1999,From 1 400 to 1 999 cm³,UK,United Kingdom,2024,,8195231,,,,,
dataflow,ESTAT:ROAD_EQS_CARMOT$DEFAULTVIEW(1.0),"Passenger cars, by type of motor energy and size of engine",A,Annual,NR,Number,PET,Petrol,CC1400-1999,From 1 400 to 1 999 cm³,XK,Kosovo*,2019,,31849,,,,,
dataflow,ESTAT:ROAD_EQS_CARMOT$DEFAULTVIEW(1.0),"Passenger cars, by type of motor energy and size of engine",A,Annual,NR,Number,PET,Petrol,CC1400-1999,From 1 400 to 1 999 cm³,XK,Kosovo*,2021,,26630,,,,,
dataflow,ESTAT:ROAD_EQS_CARMOT$DEFAULTVIEW(1.0),"Passenger cars, by type of motor energy and size of engine",A,Annual,NR,Number,PET,Petrol,CC_GE2000,2 000 cm³ or over,AL,Albania,2021,,11154,,,,,
dataflow,ESTAT:ROAD_EQS_CARMOT$DEFAULTVIEW(1.0),"Passenger cars, by type of motor energy and size of engine",A,Annual,NR,Number,PET,Petrol,CC_GE2000,2 000 cm³ or over,AL,Albania,2022,,12650,,,,,
dataflow,ESTAT:ROAD_EQS_CARMOT$DEFAULTVIEW(1.0),"Passenger cars, by type of motor energy and size of engine",A,Annual,NR,Number,PET,Petrol,CC_GE2000,2 000 cm³ or over,AL,Albania,2023,,15075,,,,,
dataflow,ESTAT:ROAD_EQS_CARMOT$DEFAULTVIEW(1.0),"Passenger cars, by type of motor energy and size of engine",A,Annual,NR,Number,PET,Petrol,CC_GE2000,2 000 cm³ or over,AL,Albania,2024,,18667,,,,,
dataflow,ESTAT:ROAD_EQS_CARMOT$DEFAULTVIEW(1.0),"Passenger cars, by type of motor energy and size of engine",A,Annual,NR,Number,PET,Petrol,CC_GE2000,2 000 cm³ or over,AT,Austria,2015,,167440,,,,,
dataflow,ESTAT:ROAD_EQS_CARMOT$DEFAULTVIEW(1.0),"Passenger cars, by type of motor energy and size of engine",A,Annual,NR,Number,PET,Petrol,CC_GE2000,2 000 cm³ or over,AT,Austria,2016,,165668,,,,,
dataflow,ESTAT:ROAD_EQS_CARMOT$DEFAULTVIEW(1.0),"Passenger cars, by type of motor energy and size of engine",A,Annual,NR,Number,PET,Petrol,CC_GE2000,2 000 cm³ or over,AT,Austria,2017,,165887,,,,,
dataflow,ESTAT:ROAD_EQS_CARMOT$DEFAULTVIEW(1.0),"Passenger cars, by type of motor energy and size of engine",A,Annual,NR,Number,PET,Petrol,CC_GE2000,2 000 cm³ or over,AT,Austria,2018,,168007,,,,,
dataflow,ESTAT:ROAD_EQS_CARMOT$DEFAULTVIEW(1.0),"Passenger cars, by type of motor energy and size of engine",A,Annual,NR,Number,PET,Petrol,CC_GE2000,2 000 cm³ or over,AT,Austria,2019,,169691,,,,,
dataflow,ESTAT:ROAD_EQS_CARMOT$DEFAULTVIEW(1.0),"Passenger cars, by type of motor energy and size of engine",A,Annual,NR,Number,PET,Petrol,CC_GE2000,2 000 cm³ or over,AT,Austria,2020,,173120,,,,,
dataflow,ESTAT:ROAD_EQS_CARMOT$DEFAULTVIEW(1.0),"Passenger cars, by type of motor energy and size of engine",A,Annual,NR,Number,PET,Petrol,CC_GE2000,2 000 cm³ or over,AT,Austria,2021,,178101,,,,,
dataflow,ESTAT:ROAD_EQS_CARMOT$DEFAULTVIEW(1.0),"Passenger cars, by type of motor energy and size of engine",A,Annual,NR,Number,PET,Petrol,CC_GE2000,2 000 cm³ or over,AT,Austria,2022,,182966,,,,,
dataflow,ESTAT:ROAD_EQS_CARMOT$DEFAULTVIEW(1.0),"Passenger cars, by type of motor energy and size of engine",A,Annual,NR,Number,PET,Petrol,CC_GE2000,2 000 cm³ or over,AT,Austria,2023,,189433,,,,,
dataflow,ESTAT:ROAD_EQS_CARMOT$DEFAULTVIEW(1.0),"Passenger cars, by type of motor energy and size of engine",A,Annual,NR,Number,PET,Petrol,CC_GE2000,2 000 cm³ or over,AT,Austria,2024,,196976,,,,,
dataflow,ESTAT:ROAD_EQS_CARMOT$DEFAULTVIEW(1.0),"Passenger cars, by type of motor energy and size of engine",A,Annual,NR,Number,PET,Petrol,CC_GE2000,2 000 cm³ or over,BA,Bosnia and Herzegovina,2015,,9442,,,,,
dataflow,ESTAT:ROAD_EQS_CARMOT$DEFAULTVIEW(1.0),"Passenger cars, by type of motor energy and size of engine",A,Annual,NR,Number,PET,Petrol,CC_GE2000,2 000 cm³ or over,BA,Bosnia and Herzegovina,2016,,9429,,,,,
dataflow,ESTAT:ROAD_EQS_CARMOT$DEFAULTVIEW(1.0),"Passenger cars, by type of motor energy and size of engine",A,Annual,NR,Number,PET,Petrol,CC_GE2000,2 000 cm³ or over,BA,Bosnia and Herzegovina,2017,,7226,,,,,
dataflow,ESTAT:ROAD_EQS_CARMOT$DEFAULTVIEW(1.0),"Passenger cars, by type of motor energy and size of engine",A,Annual,NR,Number,PET,Petrol,CC_GE2000,2 000 cm³ or over,BA,Bosnia and Herzegovina,2018,,7088,,,,,
dataflow,ESTAT:ROAD_EQS_CARMOT$DEFAULTVIEW(1.0),"Passenger cars, by type of motor energy and size of engine",A,Annual,NR,Number,PET,Petrol,CC_GE2000,2 000 cm³ or over,BA,Bosnia and Herzegovina,2019,,6982,,,,,
dataflow,ESTAT:ROAD_EQS_CARMOT$DEFAULTVIEW(1.0),"Passenger cars, by type of motor energy and size of engine",A,Annual,NR,Number,PET,Petrol,CC_GE2000,2 000 cm³ or over,BA,Bosnia and Herzegovina,2020,,6486,,,,,
dataflow,ESTAT:ROAD_EQS_CARMOT$DEFAULTVIEW(1.0),"Passenger cars, by type of motor energy and size of engine",A,Annual,NR,Number,PET,Petrol,CC_GE2000,2 000 cm³ or over,BA,Bosnia and Herzegovina,2021,,6808,,,,,
dataflow,ESTAT:ROAD_EQS_CARMOT$DEFAULTVIEW(1.0),"Passenger cars, by type of motor energy and size of engine",A,Annual,NR,Number,PET,Petrol,CC_GE2000,2 000 cm³ or over,BA,Bosnia and Herzegovina,2022,,7086,,,,,
dataflow,ESTAT:ROAD_EQS_CARMOT$DEFAULTVIEW(1.0),"Passenger cars, by type of motor energy and size of engine",A,Annual,NR,Number,PET,Petrol,CC_GE2000,2 000 cm³ or over,BA,Bosnia and Herzegovina,2023,,7443,,,,,
dataflow,ESTAT:ROAD_EQS_CARMOT$DEFAULTVIEW(1.0),"Passenger cars, by type of motor energy and size of engine",A,Annual,NR,Number,PET,Petrol,CC_GE2000,2 000 cm³ or over,BA,Bosnia and Herzegovina,2024,,7915,,,,,
dataflow,ESTAT:ROAD_EQS_CARMOT$DEFAULTVIEW(1.0),"Passenger cars, by type of motor energy and size of engine",A,Annual,NR,Number,PET,Petrol,CC_GE2000,2 000 cm³ or over,BE,Belgium,2015,,145797,,,,,
dataflow,ESTAT:ROAD_EQS_CARMOT$DEFAULTVIEW(1.0),"Passenger cars, by type of motor energy and size of engine",A,Annual,NR,Number,PET,Petrol,CC_GE2000,2 000 cm³ or over,BE,Belgium,2016,,152995,,,,,
dataflow,ESTAT:ROAD_EQS_CARMOT$DEFAULTVIEW(1.0),"Passenger cars, by type of motor energy and size of engine",A,Annual,NR,Number,PET,Petrol,CC_GE2000,2 000 cm³ or over,BE,Belgium,2017,,160294,,,,,
dataflow,ESTAT:ROAD_EQS_CARMOT$DEFAULTVIEW(1.0),"Passenger cars, by type of motor energy and size of engine",A,Annual,NR,Number,PET,Petrol,CC_GE2000,2 000 cm³ or over,BE,Belgium,2018,,167044,,,,,
dataflow,ESTAT:ROAD_EQS_CARMOT$DEFAULTVIEW(1.0),"Passenger cars, by type of motor energy and size of engine",A,Annual,NR,Number,PET,Petrol,CC_GE2000,2 000 cm³ or over,BE,Belgium,2019,,171724,,,,,
dataflow,ESTAT:ROAD_EQS_CARMOT$DEFAULTVIEW(1.0),"Passenger cars, by type of motor energy and size of engine",A,Annual,NR,Number,PET,Petrol,CC_GE2000,2 000 cm³ or over,BE,Belgium,2020,,178407,,,,,
dataflow,ESTAT:ROAD_EQS_CARMOT$DEFAULTVIEW(1.0),"Passenger cars, by type of motor energy and size of engine",A,Annual,NR,Number,PET,Petrol,CC_GE2000,2 000 cm³ or over,BE,Belgium,2021,,189700,,,,,
dataflow,ESTAT:ROAD_EQS_CARMOT$DEFAULTVIEW(1.0),"Passenger cars, by type of motor energy and size of engine",A,Annual,NR,Number,PET,Petrol,CC_GE2000,2 000 cm³ or over,BE,Belgium,2022,,200195,,,,,
dataflow,ESTAT:ROAD_EQS_CARMOT$DEFAULTVIEW(1.0),"Passenger cars, by type of motor energy and size of engine",A,Annual,NR,Number,PET,Petrol,CC_GE2000,2 000 cm³ or over,BE,Belgium,2023,,216252,,,,,
dataflow,ESTAT:ROAD_EQS_CARMOT$DEFAULTVIEW(1.0),"Passenger cars, by type of motor energy and size of engine",A,Annual,NR,Number,PET,Petrol,CC_GE2000,2 000 cm³ or over,BE,Belgium,2024,,231265,,,,,
dataflow,ESTAT:ROAD_EQS_CARMOT$DEFAULTVIEW(1.0),"Passenger cars, by type of motor energy and size of engine",A,Annual,NR,Number,PET,Petrol,CC_GE2000,2 000 cm³ or over,CH,Switzerland,2015,,636250,,,,,
dataflow,ESTAT:ROAD_EQS_CARMOT$DEFAULTVIEW(1.0),"Passenger cars, by type of motor energy and size of engine",A,Annual,NR,Number,PET,Petrol,CC_GE2000,2 000 cm³ or over,CH,Switzerland,2016,,611071,,,,,
dataflow,ESTAT:ROAD_EQS_CARMOT$DEFAULTVIEW(1.0),"Passenger cars, by type of motor energy and size of engine",A,Annual,NR,Number,PET,Petrol,CC_GE2000,2 000 cm³ or over,CH,Switzerland,2017,,586746,,,,,
dataflow,ESTAT:ROAD_EQS_CARMOT$DEFAULTVIEW(1.0),"Passenger cars, by type of motor energy and size of engine",A,Annual,NR,Number,PET,Petrol,CC_GE2000,2 000 cm³ or over,CH,Switzerland,2018,,566582,,,,,
dataflow,ESTAT:ROAD_EQS_CARMOT$DEFAULTVIEW(1.0),"Passenger cars, by type of motor energy and size of engine",A,Annual,NR,Number,PET,Petrol,CC_GE2000,2 000 cm³ or over,CH,Switzerland,2019,,546772,,,,,
dataflow,ESTAT:ROAD_EQS_CARMOT$DEFAULTVIEW(1.0),"Passenger cars, by type of motor energy and size of engine",A,Annual,NR,Number,PET,Petrol,CC_GE2000,2 000 cm³ or over,CH,Switzerland,2020,,537810,,,,,
dataflow,ESTAT:ROAD_EQS_CARMOT$DEFAULTVIEW(1.0),"Passenger cars, by type of motor energy and size of engine",A,Annual,NR,Number,PET,Petrol,CC_GE2000,2 000 cm³ or over,CH,Switzerland,2021,,530708,,,,,
dataflow,ESTAT:ROAD_EQS_CARMOT$DEFAULTVIEW(1.0),"Passenger cars, by type of motor energy and size of engine",A,Annual,NR,Number,PET,Petrol,CC_GE2000,2 000 cm³ or over,CH,Switzerland,2022,,520815,,,,,
dataflow,ESTAT:ROAD_EQS_CARMOT$DEFAULTVIEW(1.0),"Passenger cars, by type of motor energy and size of engine",A,Annual,NR,Number,PET,Petrol,CC_GE2000,2 000 cm³ or over,CH,Switzerland,2023,,523549,,,,,
dataflow,ESTAT:ROAD_EQS_CARMOT$DEFAULTVIEW(1.0),"Passenger cars, by type of motor energy and size of engine",A,Annual,NR,Number,PET,Petrol,CC_GE2000,2 000 cm³ or over,CH,Switzerland,2024,,523027,,,,,
dataflow,ESTAT:ROAD_EQS_CARMOT$DEFAULTVIEW(1.0),"Passenger cars, by type of motor energy and size of engine",A,Annual,NR,Number,PET,Petrol,CC_GE2000,2 000 cm³ or over,CY,Cyprus,2015,,12473,,,,,
dataflow,ESTAT:ROAD_EQS_CARMOT$DEFAULTVIEW(1.0),"Passenger cars, by type of motor energy and size of engine",A,Annual,NR,Number,PET,Petrol,CC_GE2000,2 000 cm³ or over,CY,Cyprus,2016,,13552,,,,,
dataflow,ESTAT:ROAD_EQS_CARMOT$DEFAULTVIEW(1.0),"Passenger cars, by type of motor energy and size of engine",A,Annual,NR,Number,PET,Petrol,CC_GE2000,2 000 cm³ or over,CY,Cyprus,2017,,13391,,,,,
dataflow,ESTAT:ROAD_EQS_CARMOT$DEFAULTVIEW(1.0),"Passenger cars, by type of motor energy and size of engine",A,Annual,NR,Number,PET,Petrol,CC_GE2000,2 000 cm³ or over,CY,Cyprus,2018,,13645,,,,,
dataflow,ESTAT:ROAD_EQS_CARMOT$DEFAULTVIEW(1.0),"Passenger cars, by type of motor energy and size of engine",A,Annual,NR,Number,PET,Petrol,CC_GE2000,2 000 cm³ or over,CY,Cyprus,2019,,14204,,,,,
dataflow,ESTAT:ROAD_EQS_CARMOT$DEFAULTVIEW(1.0),"Passenger cars, by type of motor energy and size of engine",A,Annual,NR,Number,PET,Petrol,CC_GE2000,2 000 cm³ or over,CY,Cyprus,2020,,14627,,,,,
dataflow,ESTAT:ROAD_EQS_CARMOT$DEFAULTVIEW(1.0),"Passenger cars, by type of motor energy and size of engine",A,Annual,NR,Number,PET,Petrol,CC_GE2000,2 000 cm³ or over,CY,Cyprus,2021,,15398,,,,,
dataflow,ESTAT:ROAD_EQS_CARMOT$DEFAULTVIEW(1.0),"Passenger cars, by type of motor energy and size of engine",A,Annual,NR,Number,PET,Petrol,CC_GE2000,2 000 cm³ or over,CY,Cyprus,2022,,20401,,,,,
dataflow,ESTAT:ROAD_EQS_CARMOT$DEFAULTVIEW(1.0),"Passenger cars, by type of motor energy and size of engine",A,Annual,NR,Number,PET,Petrol,CC_GE2000,2 000 cm³ or over,CY,Cyprus,2023,,17451,,,,,
dataflow,ESTAT:ROAD_EQS_CARMOT$DEFAULTVIEW(1.0),"Passenger cars, by type of motor energy and size of engine",A,Annual,NR,Number,PET,Petrol,CC_GE2000,2 000 cm³ or over,CY,Cyprus,2024,,19487,,,,,
dataflow,ESTAT:ROAD_EQS_CARMOT$DEFAULTVIEW(1.0),"Passenger cars, by type of motor energy and size of engine",A,Annual,NR,Number,PET,Petrol,CC_GE2000,2 000 cm³ or over,CZ,Czechia,2015,,129705,,,,,
dataflow,ESTAT:ROAD_EQS_CARMOT$DEFAULTVIEW(1.0),"Passenger cars, by type of motor energy and size of engine",A,Annual,NR,Number,PET,Petrol,CC_GE2000,2 000 cm³ or over,CZ,Czechia,2016,,135561,,,,,
dataflow,ESTAT:ROAD_EQS_CARMOT$DEFAULTVIEW(1.0),"Passenger cars, by type of motor energy and size of engine",A,Annual,NR,Number,PET,Petrol,CC_GE2000,2 000 cm³ or over,CZ,Czechia,2017,,143866,,,,,
dataflow,ESTAT:ROAD_EQS_CARMOT$DEFAULTVIEW(1.0),"Passenger cars, by type of motor energy and size of engine",A,Annual,NR,Number,PET,Petrol,CC_GE2000,2 000 cm³ or over,CZ,Czechia,2018,,136752,,,,,
dataflow,ESTAT:ROAD_EQS_CARMOT$DEFAULTVIEW(1.0),"Passenger cars, by type of motor energy and size of engine",A,Annual,NR,Number,PET,Petrol,CC_GE2000,2 000 cm³ or over,CZ,Czechia,2019,,145253,,,,,
dataflow,ESTAT:ROAD_EQS_CARMOT$DEFAULTVIEW(1.0),"Passenger cars, by type of motor energy and size of engine",A,Annual,NR,Number,PET,Petrol,CC_GE2000,2 000 cm³ or over,CZ,Czechia,2020,,152883,,,,,
dataflow,ESTAT:ROAD_EQS_CARMOT$DEFAULTVIEW(1.0),"Passenger cars, by type of motor energy and size of engine",A,Annual,NR,Number,PET,Petrol,CC_GE2000,2 000 cm³ or over,CZ,Czechia,2021,,154813,,,,,
dataflow,ESTAT:ROAD_EQS_CARMOT$DEFAULTVIEW(1.0),"Passenger cars, by type of motor energy and size of engine",A,Annual,NR,Number,PET,Petrol,CC_GE2000,2 000 cm³ or over,CZ,Czechia,2022,,178498,,,,,
dataflow,ESTAT:ROAD_EQS_CARMOT$DEFAULTVIEW(1.0),"Passenger cars, by type of motor energy and size of engine",A,Annual,NR,Number,PET,Petrol,CC_GE2000,2 000 cm³ or over,CZ,Czechia,2023,,195438,,,,,
dataflow,ESTAT:ROAD_EQS_CARMOT$DEFAULTVIEW(1.0),"Passenger cars, by type of motor energy and size of engine",A,Annual,NR,Number,PET,Petrol,CC_GE2000,2 000 cm³ or over,CZ,Czechia,2024,,209269,,,,,
dataflow,ESTAT:ROAD_EQS_CARMOT$DEFAULTVIEW(1.0),"Passenger cars, by type of motor energy and size of engine",A,Annual,NR,Number,PET,Petrol,CC_GE2000,2 000 cm³ or over,DE,Germany,2015,,2605000,,,,,
dataflow,ESTAT:ROAD_EQS_CARMOT$DEFAULTVIEW(1.0),"Passenger cars, by type of motor energy and size of engine",A,Annual,NR,Number,PET,Petrol,CC_GE2000,2 000 cm³ or over,DE,Germany,2016,,2568354,,,,,
dataflow,ESTAT:ROAD_EQS_CARMOT$DEFAULTVIEW(1.0),"Passenger cars, by type of motor energy and size of engine",A,Annual,NR,Number,PET,Petrol,CC_GE2000,2 000 cm³ or over,DE,Germany,2017,,2586361,,,,,
dataflow,ESTAT:ROAD_EQS_CARMOT$DEFAULTVIEW(1.0),"Passenger cars, by type of motor energy and size of engine",A,Annual,NR,Number,PET,Petrol,CC_GE2000,2 000 cm³ or over,DE,Germany,2018,,2604032,,,,,
dataflow,ESTAT:ROAD_EQS_CARMOT$DEFAULTVIEW(1.0),"Passenger cars, by type of motor energy and size of engine",A,Annual,NR,Number,PET,Petrol,CC_GE2000,2 000 cm³ or over,DE,Germany,2019,,2612831,,,,,
dataflow,ESTAT:ROAD_EQS_CARMOT$DEFAULTVIEW(1.0),"Passenger cars, by type of motor energy and size of engine",A,Annual,NR,Number,PET,Petrol,CC_GE2000,2 000 cm³ or over,DE,Germany,2020,,2636506,,,,,
dataflow,ESTAT:ROAD_EQS_CARMOT$DEFAULTVIEW(1.0),"Passenger cars, by type of motor energy and size of engine",A,Annual,NR,Number,PET,Petrol,CC_GE2000,2 000 cm³ or over,DE,Germany,2021,,2652849,,,,,
dataflow,ESTAT:ROAD_EQS_CARMOT$DEFAULTVIEW(1.0),"Passenger cars, by type of motor energy and size of engine",A,Annual,NR,Number,PET,Petrol,CC_GE2000,2 000 cm³ or over,DE,Germany,2022,,2694914,,,,,
dataflow,ESTAT:ROAD_EQS_CARMOT$DEFAULTVIEW(1.0),"Passenger cars, by type of motor energy and size of engine",A,Annual,NR,Number,PET,Petrol,CC_GE2000,2 000 cm³ or over,DE,Germany,2023,,2712087,,,,,
dataflow,ESTAT:ROAD_EQS_CARMOT$DEFAULTVIEW(1.0),"Passenger cars, by type of motor energy and size of engine",A,Annual,NR,Number,PET,Petrol,CC_GE2000,2 000 cm³ or over,DE,Germany,2024,,2733104,,,,,
dataflow,ESTAT:ROAD_EQS_CARMOT$DEFAULTVIEW(1.0),"Passenger cars, by type of motor energy and size of engine",A,Annual,NR,Number,PET,Petrol,CC_GE2000,2 000 cm³ or over,EE,Estonia,2015,,79757,,,,,
dataflow,ESTAT:ROAD_EQS_CARMOT$DEFAULTVIEW(1.0),"Passenger cars, by type of motor energy and size of engine",A,Annual,NR,Number,PET,Petrol,CC_GE2000,2 000 cm³ or over,EE,Estonia,2016,,81086,,,,,
dataflow,ESTAT:ROAD_EQS_CARMOT$DEFAULTVIEW(1.0),"Passenger cars, by type of motor energy and size of engine",A,Annual,NR,Number,PET,Petrol,CC_GE2000,2 000 cm³ or over,EE,Estonia,2017,,81852,,,,,
dataflow,ESTAT:ROAD_EQS_CARMOT$DEFAULTVIEW(1.0),"Passenger cars, by type of motor energy and size of engine",A,Annual,NR,Number,PET,Petrol,CC_GE2000,2 000 cm³ or over,EE,Estonia,2018,,82268,,,,,
dataflow,ESTAT:ROAD_EQS_CARMOT$DEFAULTVIEW(1.0),"Passenger cars, by type of motor energy and size of engine",A,Annual,NR,Number,PET,Petrol,CC_GE2000,2 000 cm³ or over,EE,Estonia,2019,,87016,,,,,
dataflow,ESTAT:ROAD_EQS_CARMOT$DEFAULTVIEW(1.0),"Passenger cars, by type of motor energy and size of engine",A,Annual,NR,Number,PET,Petrol,CC_GE2000,2 000 cm³ or over,EE,Estonia,2020,,87672,,,,,
dataflow,ESTAT:ROAD_EQS_CARMOT$DEFAULTVIEW(1.0),"Passenger cars, by type of motor energy and size of engine",A,Annual,NR,Number,PET,Petrol,CC_GE2000,2 000 cm³ or over,EE,Estonia,2021,,88961,,,,,
dataflow,ESTAT:ROAD_EQS_CARMOT$DEFAULTVIEW(1.0),"Passenger cars, by type of motor energy and size of engine",A,Annual,NR,Number,PET,Petrol,CC_GE2000,2 000 cm³ or over,EE,Estonia,2022,,90809,,,,,
dataflow,ESTAT:ROAD_EQS_CARMOT$DEFAULTVIEW(1.0),"Passenger cars, by type of motor energy and size of engine",A,Annual,NR,Number,PET,Petrol,CC_GE2000,2 000 cm³ or over,EE,Estonia,2023,,92656,,,,,
dataflow,ESTAT:ROAD_EQS_CARMOT$DEFAULTVIEW(1.0),"Passenger cars, by type of motor energy and size of engine",A,Annual,NR,Number,PET,Petrol,CC_GE2000,2 000 cm³ or over,EE,Estonia,2024,,94890,,,,,
dataflow,ESTAT:ROAD_EQS_CARMOT$DEFAULTVIEW(1.0),"Passenger cars, by type of motor energy and size of engine",A,Annual,NR,Number,PET,Petrol,CC_GE2000,2 000 cm³ or over,ES,Spain,2015,,659877,,,,,
dataflow,ESTAT:ROAD_EQS_CARMOT$DEFAULTVIEW(1.0),"Passenger cars, by type of motor energy and size of engine",A,Annual,NR,Number,PET,Petrol,CC_GE2000,2 000 cm³ or over,ES,Spain,2016,,711529,,,,,
dataflow,ESTAT:ROAD_EQS_CARMOT$DEFAULTVIEW(1.0),"Passenger cars, by type of motor energy and size of engine",A,Annual,NR,Number,PET,Petrol,CC_GE2000,2 000 cm³ or over,ES,Spain,2017,,713969,,,,,
dataflow,ESTAT:ROAD_EQS_CARMOT$DEFAULTVIEW(1.0),"Passenger cars, by type of motor energy and size of engine",A,Annual,NR,Number,PET,Petrol,CC_GE2000,2 000 cm³ or over,ES,Spain,2018,,717753,,,,,
dataflow,ESTAT:ROAD_EQS_CARMOT$DEFAULTVIEW(1.0),"Passenger cars, by type of motor energy and size of engine",A,Annual,NR,Number,PET,Petrol,CC_GE2000,2 000 cm³ or over,ES,Spain,2019,,723767,,,,,
dataflow,ESTAT:ROAD_EQS_CARMOT$DEFAULTVIEW(1.0),"Passenger cars, by type of motor energy and size of engine",A,Annual,NR,Number,PET,Petrol,CC_GE2000,2 000 cm³ or over,ES,Spain,2020,,732550,,,,,
dataflow,ESTAT:ROAD_EQS_CARMOT$DEFAULTVIEW(1.0),"Passenger cars, by type of motor energy and size of engine",A,Annual,NR,Number,PET,Petrol,CC_GE2000,2 000 cm³ or over,ES,Spain,2021,,740113,,,,,
dataflow,ESTAT:ROAD_EQS_CARMOT$DEFAULTVIEW(1.0),"Passenger cars, by type of motor energy and size of engine",A,Annual,NR,Number,PET,Petrol,CC_GE2000,2 000 cm³ or over,ES,Spain,2022,,749562,,,,,
dataflow,ESTAT:ROAD_EQS_CARMOT$DEFAULTVIEW(1.0),"Passenger cars, by type of motor energy and size of engine",A,Annual,NR,Number,PET,Petrol,CC_GE2000,2 000 cm³ or over,ES,Spain,2023,,759942,,,,,
dataflow,ESTAT:ROAD_EQS_CARMOT$DEFAULTVIEW(1.0),"Passenger cars, by type of motor energy and size of engine",A,Annual,NR,Number,PET,Petrol,CC_GE2000,2 000 cm³ or over,ES,Spain,2024,,776139,,,,,
dataflow,ESTAT:ROAD_EQS_CARMOT$DEFAULTVIEW(1.0),"Passenger cars, by type of motor energy and size of engine",A,Annual,NR,Number,PET,Petrol,CC_GE2000,2 000 cm³ or over,FI,Finland,2015,,308982,,,,,
dataflow,ESTAT:ROAD_EQS_CARMOT$DEFAULTVIEW(1.0),"Passenger cars, by type of motor energy and size of engine",A,Annual,NR,Number,PET,Petrol,CC_GE2000,2 000 cm³ or over,FI,Finland,2016,,312683,,,,,
dataflow,ESTAT:ROAD_EQS_CARMOT$DEFAULTVIEW(1.0),"Passenger cars, by type of motor energy and size of engine",A,Annual,NR,Number,PET,Petrol,CC_GE2000,2 000 cm³ or over,FI,Finland,2017,,314450,,,,,
dataflow,ESTAT:ROAD_EQS_CARMOT$DEFAULTVIEW(1.0),"Passenger cars, by type of motor energy and size of engine",A,Annual,NR,Number,PET,Petrol,CC_GE2000,2 000 cm³ or over,FI,Finland,2018,,317213,,,,,
dataflow,ESTAT:ROAD_EQS_CARMOT$DEFAULTVIEW(1.0),"Passenger cars, by type of motor energy and size of engine",A,Annual,NR,Number,PET,Petrol,CC_GE2000,2 000 cm³ or over,FI,Finland,2019,,322516,,,,,
dataflow,ESTAT:ROAD_EQS_CARMOT$DEFAULTVIEW(1.0),"Passenger cars, by type of motor energy and size of engine",A,Annual,NR,Number,PET,Petrol,CC_GE2000,2 000 cm³ or over,FI,Finland,2020,,326871,,,,,
dataflow,ESTAT:ROAD_EQS_CARMOT$DEFAULTVIEW(1.0),"Passenger cars, by type of motor energy and size of engine",A,Annual,NR,Number,PET,Petrol,CC_GE2000,2 000 cm³ or over,FI,Finland,2021,,330606,,,,,
dataflow,ESTAT:ROAD_EQS_CARMOT$DEFAULTVIEW(1.0),"Passenger cars, by type of motor energy and size of engine",A,Annual,NR,Number,PET,Petrol,CC_GE2000,2 000 cm³ or over,FI,Finland,2022,,334138,,,,,
dataflow,ESTAT:ROAD_EQS_CARMOT$DEFAULTVIEW(1.0),"Passenger cars, by type of motor energy and size of engine",A,Annual,NR,Number,PET,Petrol,CC_GE2000,2 000 cm³ or over,FI,Finland,2023,,336667,,,,,
dataflow,ESTAT:ROAD_EQS_CARMOT$DEFAULTVIEW(1.0),"Passenger cars, by type of motor energy and size of engine",A,Annual,NR,Number,PET,Petrol,CC_GE2000,2 000 cm³ or over,FI,Finland,2024,,339995,,,,,
dataflow,ESTAT:ROAD_EQS_CARMOT$DEFAULTVIEW(1.0),"Passenger cars, by type of motor energy and size of engine",A,Annual,NR,Number,PET,Petrol,CC_GE2000,2 000 cm³ or over,FR,France,2015,,338717,,,,,
dataflow,ESTAT:ROAD_EQS_CARMOT$DEFAULTVIEW(1.0),"Passenger cars, by type of motor energy and size of engine",A,Annual,NR,Number,PET,Petrol,CC_GE2000,2 000 cm³ or over,FR,France,2016,,362962,,,,,
dataflow,ESTAT:ROAD_EQS_CARMOT$DEFAULTVIEW(1.0),"Passenger cars, by type of motor energy and size of engine",A,Annual,NR,Number,PET,Petrol,CC_GE2000,2 000 cm³ or over,FR,France,2017,,388162,,,,,
dataflow,ESTAT:ROAD_EQS_CARMOT$DEFAULTVIEW(1.0),"Passenger cars, by type of motor energy and size of engine",A,Annual,NR,Number,PET,Petrol,CC_GE2000,2 000 cm³ or over,FR,France,2018,,420771,,,,,
dataflow,ESTAT:ROAD_EQS_CARMOT$DEFAULTVIEW(1.0),"Passenger cars, by type of motor energy and size of engine",A,Annual,NR,Number,PET,Petrol,CC_GE2000,2 000 cm³ or over,FR,France,2019,,460935,,,,,
dataflow,ESTAT:ROAD_EQS_CARMOT$DEFAULTVIEW(1.0),"Passenger cars, by type of motor energy and size of engine",A,Annual,NR,Number,PET,Petrol,CC_GE2000,2 000 cm³ or over,FR,France,2020,,493642,,,,,
dataflow,ESTAT:ROAD_EQS_CARMOT$DEFAULTVIEW(1.0),"Passenger cars, by type of motor energy and size of engine",A,Annual,NR,Number,PET,Petrol,CC_GE2000,2 000 cm³ or over,FR,France,2021,,540940,,,,,
dataflow,ESTAT:ROAD_EQS_CARMOT$DEFAULTVIEW(1.0),"Passenger cars, by type of motor energy and size of engine",A,Annual,NR,Number,PET,Petrol,CC_GE2000,2 000 cm³ or over,FR,France,2022,,575599,,,,,
dataflow,ESTAT:ROAD_EQS_CARMOT$DEFAULTVIEW(1.0),"Passenger cars, by type of motor energy and size of engine",A,Annual,NR,Number,PET,Petrol,CC_GE2000,2 000 cm³ or over,FR,France,2023,,619053,,,,,
dataflow,ESTAT:ROAD_EQS_CARMOT$DEFAULTVIEW(1.0),"Passenger cars, by type of motor energy and size of engine",A,Annual,NR,Number,PET,Petrol,CC_GE2000,2 000 cm³ or over,FR,France,2024,,669597,,,,,
dataflow,ESTAT:ROAD_EQS_CARMOT$DEFAULTVIEW(1.0),"Passenger cars, by type of motor energy and size of engine",A,Annual,NR,Number,PET,Petrol,CC_GE2000,2 000 cm³ or over,GE,Georgia,2017,,140839,,,,,
dataflow,ESTAT:ROAD_EQS_CARMOT$DEFAULTVIEW(1.0),"Passenger cars, by type of motor energy and size of engine",A,Annual,NR,Number,PET,Petrol,CC_GE2000,2 000 cm³ or over,GE,Georgia,2018,,157820,,,,,
dataflow,ESTAT:ROAD_EQS_CARMOT$DEFAULTVIEW(1.0),"Passenger cars, by type of motor energy and size of engine",A,Annual,NR,Number,PET,Petrol,CC_GE2000,2 000 cm³ or over,GE,Georgia,2019,,162696,,,,,
dataflow,ESTAT:ROAD_EQS_CARMOT$DEFAULTVIEW(1.0),"Passenger cars, by type of motor energy and size of engine",A,Annual,NR,Number,PET,Petrol,CC_GE2000,2 000 cm³ or over,GE,Georgia,2020,,167437,,,,,
dataflow,ESTAT:ROAD_EQS_CARMOT$DEFAULTVIEW(1.0),"Passenger cars, by type of motor energy and size of engine",A,Annual,NR,Number,PET,Petrol,CC_GE2000,2 000 cm³ or over,GE,Georgia,2021,,229326,,,,,
dataflow,ESTAT:ROAD_EQS_CARMOT$DEFAULTVIEW(1.0),"Passenger cars, by type of motor energy and size of engine",A,Annual,NR,Number,PET,Petrol,CC_GE2000,2 000 cm³ or over,GE,Georgia,2022,,243587,,,,,
dataflow,ESTAT:ROAD_EQS_CARMOT$DEFAULTVIEW(1.0),"Passenger cars, by type of motor energy and size of engine",A,Annual,NR,Number,PET,Petrol,CC_GE2000,2 000 cm³ or over,GE,Georgia,2023,,255818,,,,,
dataflow,ESTAT:ROAD_EQS_CARMOT$DEFAULTVIEW(1.0),"Passenger cars, by type of motor energy and size of engine",A,Annual,NR,Number,PET,Petrol,CC_GE2000,2 000 cm³ or over,GE,Georgia,2024,,295807,,,,,
dataflow,ESTAT:ROAD_EQS_CARMOT$DEFAULTVIEW(1.0),"Passenger cars, by type of motor energy and size of engine",A,Annual,NR,Number,PET,Petrol,CC_GE2000,2 000 cm³ or over,HR,Croatia,2015,,17704,,,,,
dataflow,ESTAT:ROAD_EQS_CARMOT$DEFAULTVIEW(1.0),"Passenger cars, by type of motor energy and size of engine",A,Annual,NR,Number,PET,Petrol,CC_GE2000,2 000 cm³ or over,HR,Croatia,2016,,16974,,,,,
dataflow,ESTAT:ROAD_EQS_CARMOT$DEFAULTVIEW(1.0),"Passenger cars, by type of motor energy and size of engine",A,Annual,NR,Number,PET,Petrol,CC_GE2000,2 000 cm³ or over,HR,Croatia,2017,,16176,,,,,
dataflow,ESTAT:ROAD_EQS_CARMOT$DEFAULTVIEW(1.0),"Passenger cars, by type of motor energy and size of engine",A,Annual,NR,Number,PET,Petrol,CC_GE2000,2 000 cm³ or over,HR,Croatia,2018,,15652,,,,,
dataflow,ESTAT:ROAD_EQS_CARMOT$DEFAULTVIEW(1.0),"Passenger cars, by type of motor energy and size of engine",A,Annual,NR,Number,PET,Petrol,CC_GE2000,2 000 cm³ or over,HR,Croatia,2019,,15180,,,,,
dataflow,ESTAT:ROAD_EQS_CARMOT$DEFAULTVIEW(1.0),"Passenger cars, by type of motor energy and size of engine",A,Annual,NR,Number,PET,Petrol,CC_GE2000,2 000 cm³ or over,HR,Croatia,2020,,14684,,,,,
dataflow,ESTAT:ROAD_EQS_CARMOT$DEFAULTVIEW(1.0),"Passenger cars, by type of motor energy and size of engine",A,Annual,NR,Number,PET,Petrol,CC_GE2000,2 000 cm³ or over,HR,Croatia,2021,,14887,,,,,
dataflow,ESTAT:ROAD_EQS_CARMOT$DEFAULTVIEW(1.0),"Passenger cars, by type of motor energy and size of engine",A,Annual,NR,Number,PET,Petrol,CC_GE2000,2 000 cm³ or over,HR,Croatia,2022,,15167,,,,,
dataflow,ESTAT:ROAD_EQS_CARMOT$DEFAULTVIEW(1.0),"Passenger cars, by type of motor energy and size of engine",A,Annual,NR,Number,PET,Petrol,CC_GE2000,2 000 cm³ or over,HR,Croatia,2023,,15882,,,,,
dataflow,ESTAT:ROAD_EQS_CARMOT$DEFAULTVIEW(1.0),"Passenger cars, by type of motor energy and size of engine",A,Annual,NR,Number,PET,Petrol,CC_GE2000,2 000 cm³ or over,HR,Croatia,2024,,17795,,,,,
dataflow,ESTAT:ROAD_EQS_CARMOT$DEFAULTVIEW(1.0),"Passenger cars, by type of motor energy and size of engine",A,Annual,NR,Number,PET,Petrol,CC_GE2000,2 000 cm³ or over,HU,Hungary,2015,,55083,,,,,
dataflow,ESTAT:ROAD_EQS_CARMOT$DEFAULTVIEW(1.0),"Passenger cars, by type of motor energy and size of engine",A,Annual,NR,Number,PET,Petrol,CC_GE2000,2 000 cm³ or over,HU,Hungary,2016,,57979,,,,,
dataflow,ESTAT:ROAD_EQS_CARMOT$DEFAULTVIEW(1.0),"Passenger cars, by type of motor energy and size of engine",A,Annual,NR,Number,PET,Petrol,CC_GE2000,2 000 cm³ or over,HU,Hungary,2017,,61907,,,,,
dataflow,ESTAT:ROAD_EQS_CARMOT$DEFAULTVIEW(1.0),"Passenger cars, by type of motor energy and size of engine",A,Annual,NR,Number,PET,Petrol,CC_GE2000,2 000 cm³ or over,HU,Hungary,2018,,66563,,,,,
dataflow,ESTAT:ROAD_EQS_CARMOT$DEFAULTVIEW(1.0),"Passenger cars, by type of motor energy and size of engine",A,Annual,NR,Number,PET,Petrol,CC_GE2000,2 000 cm³ or over,HU,Hungary,2019,,71594,,,,,
dataflow,ESTAT:ROAD_EQS_CARMOT$DEFAULTVIEW(1.0),"Passenger cars, by type of motor energy and size of engine",A,Annual,NR,Number,PET,Petrol,CC_GE2000,2 000 cm³ or over,HU,Hungary,2020,,75221,,,,,
dataflow,ESTAT:ROAD_EQS_CARMOT$DEFAULTVIEW(1.0),"Passenger cars, by type of motor energy and size of engine",A,Annual,NR,Number,PET,Petrol,CC_GE2000,2 000 cm³ or over,HU,Hungary,2021,,78078,,,,,
dataflow,ESTAT:ROAD_EQS_CARMOT$DEFAULTVIEW(1.0),"Passenger cars, by type of motor energy and size of engine",A,Annual,NR,Number,PET,Petrol,CC_GE2000,2 000 cm³ or over,HU,Hungary,2022,,80326,,,,,
dataflow,ESTAT:ROAD_EQS_CARMOT$DEFAULTVIEW(1.0),"Passenger cars, by type of motor energy and size of engine",A,Annual,NR,Number,PET,Petrol,CC_GE2000,2 000 cm³ or over,HU,Hungary,2023,,82370,,,,,
dataflow,ESTAT:ROAD_EQS_CARMOT$DEFAULTVIEW(1.0),"Passenger cars, by type of motor energy and size of engine",A,Annual,NR,Number,PET,Petrol,CC_GE2000,2 000 cm³ or over,HU,Hungary,2024,,122241,,,,,
dataflow,ESTAT:ROAD_EQS_CARMOT$DEFAULTVIEW(1.0),"Passenger cars, by type of motor energy and size of engine",A,Annual,NR,Number,PET,Petrol,CC_GE2000,2 000 cm³ or over,IE,Ireland,2015,,19350,,,,,
dataflow,ESTAT:ROAD_EQS_CARMOT$DEFAULTVIEW(1.0),"Passenger cars, by type of motor energy and size of engine",A,Annual,NR,Number,PET,Petrol,CC_GE2000,2 000 cm³ or over,IE,Ireland,2016,,16630,,,,,
dataflow,ESTAT:ROAD_EQS_CARMOT$DEFAULTVIEW(1.0),"Passenger cars, by type of motor energy and size of engine",A,Annual,NR,Number,PET,Petrol,CC_GE2000,2 000 cm³ or over,IE,Ireland,2017,,18600,,,,,
dataflow,ESTAT:ROAD_EQS_CARMOT$DEFAULTVIEW(1.0),"Passenger cars, by type of motor energy and size of engine",A,Annual,NR,Number,PET,Petrol,CC_GE2000,2 000 cm³ or over,IE,Ireland,2018,,18800,,,,,
dataflow,ESTAT:ROAD_EQS_CARMOT$DEFAULTVIEW(1.0),"Passenger cars, by type of motor energy and size of engine",A,Annual,NR,Number,PET,Petrol,CC_GE2000,2 000 cm³ or over,IE,Ireland,2019,,21310,,,,,
dataflow,ESTAT:ROAD_EQS_CARMOT$DEFAULTVIEW(1.0),"Passenger cars, by type of motor energy and size of engine",A,Annual,NR,Number,PET,Petrol,CC_GE2000,2 000 cm³ or over,IE,Ireland,2020,,23970,,,,,
dataflow,ESTAT:ROAD_EQS_CARMOT$DEFAULTVIEW(1.0),"Passenger cars, by type of motor energy and size of engine",A,Annual,NR,Number,PET,Petrol,CC_GE2000,2 000 cm³ or over,IE,Ireland,2021,,28400,,,,,
dataflow,ESTAT:ROAD_EQS_CARMOT$DEFAULTVIEW(1.0),"Passenger cars, by type of motor energy and size of engine",A,Annual,NR,Number,PET,Petrol,CC_GE2000,2 000 cm³ or over,IE,Ireland,2022,,32620,,,,,
dataflow,ESTAT:ROAD_EQS_CARMOT$DEFAULTVIEW(1.0),"Passenger cars, by type of motor energy and size of engine",A,Annual,NR,Number,PET,Petrol,CC_GE2000,2 000 cm³ or over,IE,Ireland,2023,,38660,,,,,
dataflow,ESTAT:ROAD_EQS_CARMOT$DEFAULTVIEW(1.0),"Passenger cars, by type of motor energy and size of engine",A,Annual,NR,Number,PET,Petrol,CC_GE2000,2 000 cm³ or over,IT,Italy,2015,,337587,,,,,
dataflow,ESTAT:ROAD_EQS_CARMOT$DEFAULTVIEW(1.0),"Passenger cars, by type of motor energy and size of engine",A,Annual,NR,Number,PET,Petrol,CC_GE2000,2 000 cm³ or over,IT,Italy,2016,,337238,,,,,
dataflow,ESTAT:ROAD_EQS_CARMOT$DEFAULTVIEW(1.0),"Passenger cars, by type of motor energy and size of engine",A,Annual,NR,Number,PET,Petrol,CC_GE2000,2 000 cm³ or over,IT,Italy,2017,,326425,,,,,
dataflow,ESTAT:ROAD_EQS_CARMOT$DEFAULTVIEW(1.0),"Passenger cars, by type of motor energy and size of engine",A,Annual,NR,Number,PET,Petrol,CC_GE2000,2 000 cm³ or over,IT,Italy,2018,,350920,,,,,
dataflow,ESTAT:ROAD_EQS_CARMOT$DEFAULTVIEW(1.0),"Passenger cars, by type of motor energy and size of engine",A,Annual,NR,Number,PET,Petrol,CC_GE2000,2 000 cm³ or over,IT,Italy,2020,,326425,,,,,
dataflow,ESTAT:ROAD_EQS_CARMOT$DEFAULTVIEW(1.0),"Passenger cars, by type of motor energy and size of engine",A,Annual,NR,Number,PET,Petrol,CC_GE2000,2 000 cm³ or over,IT,Italy,2021,,328541,,,,,
dataflow,ESTAT:ROAD_EQS_CARMOT$DEFAULTVIEW(1.0),"Passenger cars, by type of motor energy and size of engine",A,Annual,NR,Number,PET,Petrol,CC_GE2000,2 000 cm³ or over,IT,Italy,2022,,1166788,,,,,
dataflow,ESTAT:ROAD_EQS_CARMOT$DEFAULTVIEW(1.0),"Passenger cars, by type of motor energy and size of engine",A,Annual,NR,Number,PET,Petrol,CC_GE2000,2 000 cm³ or over,IT,Italy,2023,,457018,,,,,
dataflow,ESTAT:ROAD_EQS_CARMOT$DEFAULTVIEW(1.0),"Passenger cars, by type of motor energy and size of engine",A,Annual,NR,Number,PET,Petrol,CC_GE2000,2 000 cm³ or over,IT,Italy,2024,,485983,,,,,
dataflow,ESTAT:ROAD_EQS_CARMOT$DEFAULTVIEW(1.0),"Passenger cars, by type of motor energy and size of engine",A,Annual,NR,Number,PET,Petrol,CC_GE2000,2 000 cm³ or over,LI,Liechtenstein,2015,,5812,,,,,
dataflow,ESTAT:ROAD_EQS_CARMOT$DEFAULTVIEW(1.0),"Passenger cars, by type of motor energy and size of engine",A,Annual,NR,Number,PET,Petrol,CC_GE2000,2 000 cm³ or over,LI,Liechtenstein,2016,,5652,,,,,
dataflow,ESTAT:ROAD_EQS_CARMOT$DEFAULTVIEW(1.0),"Passenger cars, by type of motor energy and size of engine",A,Annual,NR,Number,PET,Petrol,CC_GE2000,2 000 cm³ or over,LI,Liechtenstein,2017,,5516,,,,,
dataflow,ESTAT:ROAD_EQS_CARMOT$DEFAULTVIEW(1.0),"Passenger cars, by type of motor energy and size of engine",A,Annual,NR,Number,PET,Petrol,CC_GE2000,2 000 cm³ or over,LI,Liechtenstein,2018,,5368,,,,,
dataflow,ESTAT:ROAD_EQS_CARMOT$DEFAULTVIEW(1.0),"Passenger cars, by type of motor energy and size of engine",A,Annual,NR,Number,PET,Petrol,CC_GE2000,2 000 cm³ or over,LI,Liechtenstein,2019,,5259,,,,,
dataflow,ESTAT:ROAD_EQS_CARMOT$DEFAULTVIEW(1.0),"Passenger cars, by type of motor energy and size of engine",A,Annual,NR,Number,PET,Petrol,CC_GE2000,2 000 cm³ or over,LI,Liechtenstein,2020,,5194,,,,,
dataflow,ESTAT:ROAD_EQS_CARMOT$DEFAULTVIEW(1.0),"Passenger cars, by type of motor energy and size of engine",A,Annual,NR,Number,PET,Petrol,CC_GE2000,2 000 cm³ or over,LI,Liechtenstein,2021,,5156,,,,,
dataflow,ESTAT:ROAD_EQS_CARMOT$DEFAULTVIEW(1.0),"Passenger cars, by type of motor energy and size of engine",A,Annual,NR,Number,PET,Petrol,CC_GE2000,2 000 cm³ or over,LI,Liechtenstein,2022,,5050,,,,,
dataflow,ESTAT:ROAD_EQS_CARMOT$DEFAULTVIEW(1.0),"Passenger cars, by type of motor energy and size of engine",A,Annual,NR,Number,PET,Petrol,CC_GE2000,2 000 cm³ or over,LI,Liechtenstein,2023,,5085,,,,,
dataflow,ESTAT:ROAD_EQS_CARMOT$DEFAULTVIEW(1.0),"Passenger cars, by type of motor energy and size of engine",A,Annual,NR,Number,PET,Petrol,CC_GE2000,2 000 cm³ or over,LI,Liechtenstein,2024,,5156,,,,,
dataflow,ESTAT:ROAD_EQS_CARMOT$DEFAULTVIEW(1.0),"Passenger cars, by type of motor energy and size of engine",A,Annual,NR,Number,PET,Petrol,CC_GE2000,2 000 cm³ or over,LT,Lithuania,2022,,82630,,,,,
dataflow,ESTAT:ROAD_EQS_CARMOT$DEFAULTVIEW(1.0),"Passenger cars, by type of motor energy and size of engine",A,Annual,NR,Number,PET,Petrol,CC_GE2000,2 000 cm³ or over,LT,Lithuania,2023,,87728,,,,,
dataflow,ESTAT:ROAD_EQS_CARMOT$DEFAULTVIEW(1.0),"Passenger cars, by type of motor energy and size of engine",A,Annual,NR,Number,PET,Petrol,CC_GE2000,2 000 cm³ or over,LT,Lithuania,2024,,94367,,,,,
dataflow,ESTAT:ROAD_EQS_CARMOT$DEFAULTVIEW(1.0),"Passenger cars, by type of motor energy and size of engine",A,Annual,NR,Number,PET,Petrol,CC_GE2000,2 000 cm³ or over,LU,Luxembourg,2017,,28932,,,,,
dataflow,ESTAT:ROAD_EQS_CARMOT$DEFAULTVIEW(1.0),"Passenger cars, by type of motor energy and size of engine",A,Annual,NR,Number,PET,Petrol,CC_GE2000,2 000 cm³ or over,LU,Luxembourg,2018,,31266,,,,,
dataflow,ESTAT:ROAD_EQS_CARMOT$DEFAULTVIEW(1.0),"Passenger cars, by type of motor energy and size of engine",A,Annual,NR,Number,PET,Petrol,CC_GE2000,2 000 cm³ or over,LU,Luxembourg,2019,,33341,,,,,
dataflow,ESTAT:ROAD_EQS_CARMOT$DEFAULTVIEW(1.0),"Passenger cars, by type of motor energy and size of engine",A,Annual,NR,Number,PET,Petrol,CC_GE2000,2 000 cm³ or over,LU,Luxembourg,2020,,35503,,,,,
dataflow,ESTAT:ROAD_EQS_CARMOT$DEFAULTVIEW(1.0),"Passenger cars, by type of motor energy and size of engine",A,Annual,NR,Number,PET,Petrol,CC_GE2000,2 000 cm³ or over,LU,Luxembourg,2021,,37173,,,,,
dataflow,ESTAT:ROAD_EQS_CARMOT$DEFAULTVIEW(1.0),"Passenger cars, by type of motor energy and size of engine",A,Annual,NR,Number,PET,Petrol,CC_GE2000,2 000 cm³ or over,LU,Luxembourg,2022,,38484,,i,value imputed by Eurostat or other receiving agencies,,
dataflow,ESTAT:ROAD_EQS_CARMOT$DEFAULTVIEW(1.0),"Passenger cars, by type of motor energy and size of engine",A,Annual,NR,Number,PET,Petrol,CC_GE2000,2 000 cm³ or over,LU,Luxembourg,2023,,40336,,,,,
dataflow,ESTAT:ROAD_EQS_CARMOT$DEFAULTVIEW(1.0),"Passenger cars, by type of motor energy and size of engine",A,Annual,NR,Number,PET,Petrol,CC_GE2000,2 000 cm³ or over,LU,Luxembourg,2024,,41159,,,,,
dataflow,ESTAT:ROAD_EQS_CARMOT$DEFAULTVIEW(1.0),"Passenger cars, by type of motor energy and size of engine",A,Annual,NR,Number,PET,Petrol,CC_GE2000,2 000 cm³ or over,LV,Latvia,2015,,34399,,,,,
dataflow,ESTAT:ROAD_EQS_CARMOT$DEFAULTVIEW(1.0),"Passenger cars, by type of motor energy and size of engine",A,Annual,NR,Number,PET,Petrol,CC_GE2000,2 000 cm³ or over,LV,Latvia,2016,,31995,,,,,
dataflow,ESTAT:ROAD_EQS_CARMOT$DEFAULTVIEW(1.0),"Passenger cars, by type of motor energy and size of engine",A,Annual,NR,Number,PET,Petrol,CC_GE2000,2 000 cm³ or over,LV,Latvia,2017,,31986,,,,,
dataflow,ESTAT:ROAD_EQS_CARMOT$DEFAULTVIEW(1.0),"Passenger cars, by type of motor energy and size of engine",A,Annual,NR,Number,PET,Petrol,CC_GE2000,2 000 cm³ or over,LV,Latvia,2018,,31122,,,,,
dataflow,ESTAT:ROAD_EQS_CARMOT$DEFAULTVIEW(1.0),"Passenger cars, by type of motor energy and size of engine",A,Annual,NR,Number,PET,Petrol,CC_GE2000,2 000 cm³ or over,LV,Latvia,2019,,30828,,,,,
dataflow,ESTAT:ROAD_EQS_CARMOT$DEFAULTVIEW(1.0),"Passenger cars, by type of motor energy and size of engine",A,Annual,NR,Number,PET,Petrol,CC_GE2000,2 000 cm³ or over,LV,Latvia,2020,,30506,,,,,
dataflow,ESTAT:ROAD_EQS_CARMOT$DEFAULTVIEW(1.0),"Passenger cars, by type of motor energy and size of engine",A,Annual,NR,Number,PET,Petrol,CC_GE2000,2 000 cm³ or over,LV,Latvia,2021,,30853,,,,,
dataflow,ESTAT:ROAD_EQS_CARMOT$DEFAULTVIEW(1.0),"Passenger cars, by type of motor energy and size of engine",A,Annual,NR,Number,PET,Petrol,CC_GE2000,2 000 cm³ or over,LV,Latvia,2022,,30790,,,,,
dataflow,ESTAT:ROAD_EQS_CARMOT$DEFAULTVIEW(1.0),"Passenger cars, by type of motor energy and size of engine",A,Annual,NR,Number,PET,Petrol,CC_GE2000,2 000 cm³ or over,LV,Latvia,2023,,31276,,,,,
dataflow,ESTAT:ROAD_EQS_CARMOT$DEFAULTVIEW(1.0),"Passenger cars, by type of motor energy and size of engine",A,Annual,NR,Number,PET,Petrol,CC_GE2000,2 000 cm³ or over,LV,Latvia,2024,,32403,,,,,
dataflow,ESTAT:ROAD_EQS_CARMOT$DEFAULTVIEW(1.0),"Passenger cars, by type of motor energy and size of engine",A,Annual,NR,Number,PET,Petrol,CC_GE2000,2 000 cm³ or over,MD,Moldova,2015,,27538,,,,,
dataflow,ESTAT:ROAD_EQS_CARMOT$DEFAULTVIEW(1.0),"Passenger cars, by type of motor energy and size of engine",A,Annual,NR,Number,PET,Petrol,CC_GE2000,2 000 cm³ or over,MD,Moldova,2016,,31203,,,,,
dataflow,ESTAT:ROAD_EQS_CARMOT$DEFAULTVIEW(1.0),"Passenger cars, by type of motor energy and size of engine",A,Annual,NR,Number,PET,Petrol,CC_GE2000,2 000 cm³ or over,MD,Moldova,2017,,31333,,,,,
dataflow,ESTAT:ROAD_EQS_CARMOT$DEFAULTVIEW(1.0),"Passenger cars, by type of motor energy and size of engine",A,Annual,NR,Number,PET,Petrol,CC_GE2000,2 000 cm³ or over,MD,Moldova,2018,,31498,,,,,
dataflow,ESTAT:ROAD_EQS_CARMOT$DEFAULTVIEW(1.0),"Passenger cars, by type of motor energy and size of engine",A,Annual,NR,Number,PET,Petrol,CC_GE2000,2 000 cm³ or over,MD,Moldova,2019,,31510,,,,,
dataflow,ESTAT:ROAD_EQS_CARMOT$DEFAULTVIEW(1.0),"Passenger cars, by type of motor energy and size of engine",A,Annual,NR,Number,PET,Petrol,CC_GE2000,2 000 cm³ or over,MD,Moldova,2020,,31657,,,,,
dataflow,ESTAT:ROAD_EQS_CARMOT$DEFAULTVIEW(1.0),"Passenger cars, by type of motor energy and size of engine",A,Annual,NR,Number,PET,Petrol,CC_GE2000,2 000 cm³ or over,MD,Moldova,2021,,32167,,,,,
dataflow,ESTAT:ROAD_EQS_CARMOT$DEFAULTVIEW(1.0),"Passenger cars, by type of motor energy and size of engine",A,Annual,NR,Number,PET,Petrol,CC_GE2000,2 000 cm³ or over,MD,Moldova,2022,,32219,,,,,
dataflow,ESTAT:ROAD_EQS_CARMOT$DEFAULTVIEW(1.0),"Passenger cars, by type of motor energy and size of engine",A,Annual,NR,Number,PET,Petrol,CC_GE2000,2 000 cm³ or over,MD,Moldova,2023,,32798,,,,,
dataflow,ESTAT:ROAD_EQS_CARMOT$DEFAULTVIEW(1.0),"Passenger cars, by type of motor energy and size of engine",A,Annual,NR,Number,PET,Petrol,CC_GE2000,2 000 cm³ or over,MD,Moldova,2024,,34021,,,,,
dataflow,ESTAT:ROAD_EQS_CARMOT$DEFAULTVIEW(1.0),"Passenger cars, by type of motor energy and size of engine",A,Annual,NR,Number,PET,Petrol,CC_GE2000,2 000 cm³ or over,ME,Montenegro,2016,,1881,,,,,
dataflow,ESTAT:ROAD_EQS_CARMOT$DEFAULTVIEW(1.0),"Passenger cars, by type of motor energy and size of engine",A,Annual,NR,Number,PET,Petrol,CC_GE2000,2 000 cm³ or over,ME,Montenegro,2017,,1773,,,,,
dataflow,ESTAT:ROAD_EQS_CARMOT$DEFAULTVIEW(1.0),"Passenger cars, by type of motor energy and size of engine",A,Annual,NR,Number,PET,Petrol,CC_GE2000,2 000 cm³ or over,ME,Montenegro,2018,,1813,,,,,
dataflow,ESTAT:ROAD_EQS_CARMOT$DEFAULTVIEW(1.0),"Passenger cars, by type of motor energy and size of engine",A,Annual,NR,Number,PET,Petrol,CC_GE2000,2 000 cm³ or over,ME,Montenegro,2019,,1973,,,,,
dataflow,ESTAT:ROAD_EQS_CARMOT$DEFAULTVIEW(1.0),"Passenger cars, by type of motor energy and size of engine",A,Annual,NR,Number,PET,Petrol,CC_GE2000,2 000 cm³ or over,ME,Montenegro,2020,,1553,,,,,
dataflow,ESTAT:ROAD_EQS_CARMOT$DEFAULTVIEW(1.0),"Passenger cars, by type of motor energy and size of engine",A,Annual,NR,Number,PET,Petrol,CC_GE2000,2 000 cm³ or over,ME,Montenegro,2024,,3776,,,,,
dataflow,ESTAT:ROAD_EQS_CARMOT$DEFAULTVIEW(1.0),"Passenger cars, by type of motor energy and size of engine",A,Annual,NR,Number,PET,Petrol,CC_GE2000,2 000 cm³ or over,MT,Malta,2015,,3651,,,,,
dataflow,ESTAT:ROAD_EQS_CARMOT$DEFAULTVIEW(1.0),"Passenger cars, by type of motor energy and size of engine",A,Annual,NR,Number,PET,Petrol,CC_GE2000,2 000 cm³ or over,MT,Malta,2016,,3979,,,,,
dataflow,ESTAT:ROAD_EQS_CARMOT$DEFAULTVIEW(1.0),"Passenger cars, by type of motor energy and size of engine",A,Annual,NR,Number,PET,Petrol,CC_GE2000,2 000 cm³ or over,MT,Malta,2017,,4268,,,,,
dataflow,ESTAT:ROAD_EQS_CARMOT$DEFAULTVIEW(1.0),"Passenger cars, by type of motor energy and size of engine",A,Annual,NR,Number,PET,Petrol,CC_GE2000,2 000 cm³ or over,MT,Malta,2018,,4528,,,,,
dataflow,ESTAT:ROAD_EQS_CARMOT$DEFAULTVIEW(1.0),"Passenger cars, by type of motor energy and size of engine",A,Annual,NR,Number,PET,Petrol,CC_GE2000,2 000 cm³ or over,MT,Malta,2019,,4854,,,,,
dataflow,ESTAT:ROAD_EQS_CARMOT$DEFAULTVIEW(1.0),"Passenger cars, by type of motor energy and size of engine",A,Annual,NR,Number,PET,Petrol,CC_GE2000,2 000 cm³ or over,MT,Malta,2020,,5181,,,,,
dataflow,ESTAT:ROAD_EQS_CARMOT$DEFAULTVIEW(1.0),"Passenger cars, by type of motor energy and size of engine",A,Annual,NR,Number,PET,Petrol,CC_GE2000,2 000 cm³ or over,MT,Malta,2021,,5706,,,,,
dataflow,ESTAT:ROAD_EQS_CARMOT$DEFAULTVIEW(1.0),"Passenger cars, by type of motor energy and size of engine",A,Annual,NR,Number,PET,Petrol,CC_GE2000,2 000 cm³ or over,MT,Malta,2022,,6334,,,,,
dataflow,ESTAT:ROAD_EQS_CARMOT$DEFAULTVIEW(1.0),"Passenger cars, by type of motor energy and size of engine",A,Annual,NR,Number,PET,Petrol,CC_GE2000,2 000 cm³ or over,MT,Malta,2023,,6867,,,,,
dataflow,ESTAT:ROAD_EQS_CARMOT$DEFAULTVIEW(1.0),"Passenger cars, by type of motor energy and size of engine",A,Annual,NR,Number,PET,Petrol,CC_GE2000,2 000 cm³ or over,MT,Malta,2024,,7400,,,,,
dataflow,ESTAT:ROAD_EQS_CARMOT$DEFAULTVIEW(1.0),"Passenger cars, by type of motor energy and size of engine",A,Annual,NR,Number,PET,Petrol,CC_GE2000,2 000 cm³ or over,NL,Netherlands,2015,,409826,,,,,
dataflow,ESTAT:ROAD_EQS_CARMOT$DEFAULTVIEW(1.0),"Passenger cars, by type of motor energy and size of engine",A,Annual,NR,Number,PET,Petrol,CC_GE2000,2 000 cm³ or over,NL,Netherlands,2016,,406637,,,,,
dataflow,ESTAT:ROAD_EQS_CARMOT$DEFAULTVIEW(1.0),"Passenger cars, by type of motor energy and size of engine",A,Annual,NR,Number,PET,Petrol,CC_GE2000,2 000 cm³ or over,NL,Netherlands,2017,,405157,,,,,
dataflow,ESTAT:ROAD_EQS_CARMOT$DEFAULTVIEW(1.0),"Passenger cars, by type of motor energy and size of engine",A,Annual,NR,Number,PET,Petrol,CC_GE2000,2 000 cm³ or over,NL,Netherlands,2018,,393772,,,,,
dataflow,ESTAT:ROAD_EQS_CARMOT$DEFAULTVIEW(1.0),"Passenger cars, by type of motor energy and size of engine",A,Annual,NR,Number,PET,Petrol,CC_GE2000,2 000 cm³ or over,NL,Netherlands,2019,,398359,,,,,
dataflow,ESTAT:ROAD_EQS_CARMOT$DEFAULTVIEW(1.0),"Passenger cars, by type of motor energy and size of engine",A,Annual,NR,Number,PET,Petrol,CC_GE2000,2 000 cm³ or over,NL,Netherlands,2020,,410075,,,,,
dataflow,ESTAT:ROAD_EQS_CARMOT$DEFAULTVIEW(1.0),"Passenger cars, by type of motor energy and size of engine",A,Annual,NR,Number,PET,Petrol,CC_GE2000,2 000 cm³ or over,NL,Netherlands,2021,,424773,,,,,
dataflow,ESTAT:ROAD_EQS_CARMOT$DEFAULTVIEW(1.0),"Passenger cars, by type of motor energy and size of engine",A,Annual,NR,Number,PET,Petrol,CC_GE2000,2 000 cm³ or over,NL,Netherlands,2022,,433510,,,,,
dataflow,ESTAT:ROAD_EQS_CARMOT$DEFAULTVIEW(1.0),"Passenger cars, by type of motor energy and size of engine",A,Annual,NR,Number,PET,Petrol,CC_GE2000,2 000 cm³ or over,NL,Netherlands,2023,,448985,,,,,
dataflow,ESTAT:ROAD_EQS_CARMOT$DEFAULTVIEW(1.0),"Passenger cars, by type of motor energy and size of engine",A,Annual,NR,Number,PET,Petrol,CC_GE2000,2 000 cm³ or over,NL,Netherlands,2024,,469283,,,,,
dataflow,ESTAT:ROAD_EQS_CARMOT$DEFAULTVIEW(1.0),"Passenger cars, by type of motor energy and size of engine",A,Annual,NR,Number,PET,Petrol,CC_GE2000,2 000 cm³ or over,NO,Norway,2016,,159106,,,,,
dataflow,ESTAT:ROAD_EQS_CARMOT$DEFAULTVIEW(1.0),"Passenger cars, by type of motor energy and size of engine",A,Annual,NR,Number,PET,Petrol,CC_GE2000,2 000 cm³ or over,NO,Norway,2017,,159839,,,,,
dataflow,ESTAT:ROAD_EQS_CARMOT$DEFAULTVIEW(1.0),"Passenger cars, by type of motor energy and size of engine",A,Annual,NR,Number,PET,Petrol,CC_GE2000,2 000 cm³ or over,NO,Norway,2018,,159624,,,,,
dataflow,ESTAT:ROAD_EQS_CARMOT$DEFAULTVIEW(1.0),"Passenger cars, by type of motor energy and size of engine",A,Annual,NR,Number,PET,Petrol,CC_GE2000,2 000 cm³ or over,NO,Norway,2019,,167443,,,,,
dataflow,ESTAT:ROAD_EQS_CARMOT$DEFAULTVIEW(1.0),"Passenger cars, by type of motor energy and size of engine",A,Annual,NR,Number,PET,Petrol,CC_GE2000,2 000 cm³ or over,NO,Norway,2020,,187754,,,,,
dataflow,ESTAT:ROAD_EQS_CARMOT$DEFAULTVIEW(1.0),"Passenger cars, by type of motor energy and size of engine",A,Annual,NR,Number,PET,Petrol,CC_GE2000,2 000 cm³ or over,NO,Norway,2021,,192187,,,,,
dataflow,ESTAT:ROAD_EQS_CARMOT$DEFAULTVIEW(1.0),"Passenger cars, by type of motor energy and size of engine",A,Annual,NR,Number,PET,Petrol,CC_GE2000,2 000 cm³ or over,NO,Norway,2022,,189489,,,,,
dataflow,ESTAT:ROAD_EQS_CARMOT$DEFAULTVIEW(1.0),"Passenger cars, by type of motor energy and size of engine",A,Annual,NR,Number,PET,Petrol,CC_GE2000,2 000 cm³ or over,NO,Norway,2023,,184255,,,,,
dataflow,ESTAT:ROAD_EQS_CARMOT$DEFAULTVIEW(1.0),"Passenger cars, by type of motor energy and size of engine",A,Annual,NR,Number,PET,Petrol,CC_GE2000,2 000 cm³ or over,NO,Norway,2024,,182093,,,,,
dataflow,ESTAT:ROAD_EQS_CARMOT$DEFAULTVIEW(1.0),"Passenger cars, by type of motor energy and size of engine",A,Annual,NR,Number,PET,Petrol,CC_GE2000,2 000 cm³ or over,PT,Portugal,2015,,39279,,,,,
dataflow,ESTAT:ROAD_EQS_CARMOT$DEFAULTVIEW(1.0),"Passenger cars, by type of motor energy and size of engine",A,Annual,NR,Number,PET,Petrol,CC_GE2000,2 000 cm³ or over,PT,Portugal,2016,,39447,,,,,
dataflow,ESTAT:ROAD_EQS_CARMOT$DEFAULTVIEW(1.0),"Passenger cars, by type of motor energy and size of engine",A,Annual,NR,Number,PET,Petrol,CC_GE2000,2 000 cm³ or over,PT,Portugal,2017,,42051,,,,,
dataflow,ESTAT:ROAD_EQS_CARMOT$DEFAULTVIEW(1.0),"Passenger cars, by type of motor energy and size of engine",A,Annual,NR,Number,PET,Petrol,CC_GE2000,2 000 cm³ or over,PT,Portugal,2018,,44446,,,,,
dataflow,ESTAT:ROAD_EQS_CARMOT$DEFAULTVIEW(1.0),"Passenger cars, by type of motor energy and size of engine",A,Annual,NR,Number,PET,Petrol,CC_GE2000,2 000 cm³ or over,PT,Portugal,2019,,45738,,,,,
dataflow,ESTAT:ROAD_EQS_CARMOT$DEFAULTVIEW(1.0),"Passenger cars, by type of motor energy and size of engine",A,Annual,NR,Number,PET,Petrol,CC_GE2000,2 000 cm³ or over,PT,Portugal,2020,,49439,,,,,
dataflow,ESTAT:ROAD_EQS_CARMOT$DEFAULTVIEW(1.0),"Passenger cars, by type of motor energy and size of engine",A,Annual,NR,Number,PET,Petrol,CC_GE2000,2 000 cm³ or over,PT,Portugal,2021,,52159,,,,,
dataflow,ESTAT:ROAD_EQS_CARMOT$DEFAULTVIEW(1.0),"Passenger cars, by type of motor energy and size of engine",A,Annual,NR,Number,PET,Petrol,CC_GE2000,2 000 cm³ or over,PT,Portugal,2022,,56042,,,,,
dataflow,ESTAT:ROAD_EQS_CARMOT$DEFAULTVIEW(1.0),"Passenger cars, by type of motor energy and size of engine",A,Annual,NR,Number,PET,Petrol,CC_GE2000,2 000 cm³ or over,PT,Portugal,2023,,58300,,,,,
dataflow,ESTAT:ROAD_EQS_CARMOT$DEFAULTVIEW(1.0),"Passenger cars, by type of motor energy and size of engine",A,Annual,NR,Number,PET,Petrol,CC_GE2000,2 000 cm³ or over,PT,Portugal,2024,,65457,,,,,
dataflow,ESTAT:ROAD_EQS_CARMOT$DEFAULTVIEW(1.0),"Passenger cars, by type of motor energy and size of engine",A,Annual,NR,Number,PET,Petrol,CC_GE2000,2 000 cm³ or over,RO,Romania,2015,,57416,,,,,
dataflow,ESTAT:ROAD_EQS_CARMOT$DEFAULTVIEW(1.0),"Passenger cars, by type of motor energy and size of engine",A,Annual,NR,Number,PET,Petrol,CC_GE2000,2 000 cm³ or over,RO,Romania,2016,,58758,,,,,
dataflow,ESTAT:ROAD_EQS_CARMOT$DEFAULTVIEW(1.0),"Passenger cars, by type of motor energy and size of engine",A,Annual,NR,Number,PET,Petrol,CC_GE2000,2 000 cm³ or over,RO,Romania,2017,,64118,,,,,
dataflow,ESTAT:ROAD_EQS_CARMOT$DEFAULTVIEW(1.0),"Passenger cars, by type of motor energy and size of engine",A,Annual,NR,Number,PET,Petrol,CC_GE2000,2 000 cm³ or over,RO,Romania,2018,,72043,,,,,
dataflow,ESTAT:ROAD_EQS_CARMOT$DEFAULTVIEW(1.0),"Passenger cars, by type of motor energy and size of engine",A,Annual,NR,Number,PET,Petrol,CC_GE2000,2 000 cm³ or over,RO,Romania,2019,,79374,,,,,
dataflow,ESTAT:ROAD_EQS_CARMOT$DEFAULTVIEW(1.0),"Passenger cars, by type of motor energy and size of engine",A,Annual,NR,Number,PET,Petrol,CC_GE2000,2 000 cm³ or over,RO,Romania,2020,,86949,,,,,
dataflow,ESTAT:ROAD_EQS_CARMOT$DEFAULTVIEW(1.0),"Passenger cars, by type of motor energy and size of engine",A,Annual,NR,Number,PET,Petrol,CC_GE2000,2 000 cm³ or over,RO,Romania,2021,,96921,,,,,
dataflow,ESTAT:ROAD_EQS_CARMOT$DEFAULTVIEW(1.0),"Passenger cars, by type of motor energy and size of engine",A,Annual,NR,Number,PET,Petrol,CC_GE2000,2 000 cm³ or over,RO,Romania,2022,,108357,,,,,
dataflow,ESTAT:ROAD_EQS_CARMOT$DEFAULTVIEW(1.0),"Passenger cars, by type of motor energy and size of engine",A,Annual,NR,Number,PET,Petrol,CC_GE2000,2 000 cm³ or over,RO,Romania,2023,,120886,,,,,
dataflow,ESTAT:ROAD_EQS_CARMOT$DEFAULTVIEW(1.0),"Passenger cars, by type of motor energy and size of engine",A,Annual,NR,Number,PET,Petrol,CC_GE2000,2 000 cm³ or over,RO,Romania,2024,,138978,,,,,
dataflow,ESTAT:ROAD_EQS_CARMOT$DEFAULTVIEW(1.0),"Passenger cars, by type of motor energy and size of engine",A,Annual,NR,Number,PET,Petrol,CC_GE2000,2 000 cm³ or over,RS,Serbia,2019,,8553,,,,,
dataflow,ESTAT:ROAD_EQS_CARMOT$DEFAULTVIEW(1.0),"Passenger cars, by type of motor energy and size of engine",A,Annual,NR,Number,PET,Petrol,CC_GE2000,2 000 cm³ or over,RS,Serbia,2020,,8647,,,,,
dataflow,ESTAT:ROAD_EQS_CARMOT$DEFAULTVIEW(1.0),"Passenger cars, by type of motor energy and size of engine",A,Annual,NR,Number,PET,Petrol,CC_GE2000,2 000 cm³ or over,RS,Serbia,2021,,9416,,,,,
dataflow,ESTAT:ROAD_EQS_CARMOT$DEFAULTVIEW(1.0),"Passenger cars, by type of motor energy and size of engine",A,Annual,NR,Number,PET,Petrol,CC_GE2000,2 000 cm³ or over,RS,Serbia,2022,,11266,,,,,
dataflow,ESTAT:ROAD_EQS_CARMOT$DEFAULTVIEW(1.0),"Passenger cars, by type of motor energy and size of engine",A,Annual,NR,Number,PET,Petrol,CC_GE2000,2 000 cm³ or over,RS,Serbia,2023,,12460,,,,,
dataflow,ESTAT:ROAD_EQS_CARMOT$DEFAULTVIEW(1.0),"Passenger cars, by type of motor energy and size of engine",A,Annual,NR,Number,PET,Petrol,CC_GE2000,2 000 cm³ or over,RS,Serbia,2024,,14379,,,,,
dataflow,ESTAT:ROAD_EQS_CARMOT$DEFAULTVIEW(1.0),"Passenger cars, by type of motor energy and size of engine",A,Annual,NR,Number,PET,Petrol,CC_GE2000,2 000 cm³ or over,SE,Sweden,2015,,363717,,,,,
dataflow,ESTAT:ROAD_EQS_CARMOT$DEFAULTVIEW(1.0),"Passenger cars, by type of motor energy and size of engine",A,Annual,NR,Number,PET,Petrol,CC_GE2000,2 000 cm³ or over,SE,Sweden,2016,,357495,,,,,
dataflow,ESTAT:ROAD_EQS_CARMOT$DEFAULTVIEW(1.0),"Passenger cars, by type of motor energy and size of engine",A,Annual,NR,Number,PET,Petrol,CC_GE2000,2 000 cm³ or over,SE,Sweden,2017,,349320,,,,,
dataflow,ESTAT:ROAD_EQS_CARMOT$DEFAULTVIEW(1.0),"Passenger cars, by type of motor energy and size of engine",A,Annual,NR,Number,PET,Petrol,CC_GE2000,2 000 cm³ or over,SE,Sweden,2018,,339796,,,,,
dataflow,ESTAT:ROAD_EQS_CARMOT$DEFAULTVIEW(1.0),"Passenger cars, by type of motor energy and size of engine",A,Annual,NR,Number,PET,Petrol,CC_GE2000,2 000 cm³ or over,SE,Sweden,2019,,333982,,,,,
dataflow,ESTAT:ROAD_EQS_CARMOT$DEFAULTVIEW(1.0),"Passenger cars, by type of motor energy and size of engine",A,Annual,NR,Number,PET,Petrol,CC_GE2000,2 000 cm³ or over,SE,Sweden,2020,,333285,,,,,
dataflow,ESTAT:ROAD_EQS_CARMOT$DEFAULTVIEW(1.0),"Passenger cars, by type of motor energy and size of engine",A,Annual,NR,Number,PET,Petrol,CC_GE2000,2 000 cm³ or over,SE,Sweden,2021,,328121,,,,,
dataflow,ESTAT:ROAD_EQS_CARMOT$DEFAULTVIEW(1.0),"Passenger cars, by type of motor energy and size of engine",A,Annual,NR,Number,PET,Petrol,CC_GE2000,2 000 cm³ or over,SE,Sweden,2022,,320828,,,,,
dataflow,ESTAT:ROAD_EQS_CARMOT$DEFAULTVIEW(1.0),"Passenger cars, by type of motor energy and size of engine",A,Annual,NR,Number,PET,Petrol,CC_GE2000,2 000 cm³ or over,SE,Sweden,2023,,313626,,,,,
dataflow,ESTAT:ROAD_EQS_CARMOT$DEFAULTVIEW(1.0),"Passenger cars, by type of motor energy and size of engine",A,Annual,NR,Number,PET,Petrol,CC_GE2000,2 000 cm³ or over,SE,Sweden,2024,,307692,,,,,
dataflow,ESTAT:ROAD_EQS_CARMOT$DEFAULTVIEW(1.0),"Passenger cars, by type of motor energy and size of engine",A,Annual,NR,Number,PET,Petrol,CC_GE2000,2 000 cm³ or over,SI,Slovenia,2015,,12095,,,,,
dataflow,ESTAT:ROAD_EQS_CARMOT$DEFAULTVIEW(1.0),"Passenger cars, by type of motor energy and size of engine",A,Annual,NR,Number,PET,Petrol,CC_GE2000,2 000 cm³ or over,SI,Slovenia,2016,,11434,,,,,
dataflow,ESTAT:ROAD_EQS_CARMOT$DEFAULTVIEW(1.0),"Passenger cars, by type of motor energy and size of engine",A,Annual,NR,Number,PET,Petrol,CC_GE2000,2 000 cm³ or over,SI,Slovenia,2017,,10885,,,,,
dataflow,ESTAT:ROAD_EQS_CARMOT$DEFAULTVIEW(1.0),"Passenger cars, by type of motor energy and size of engine",A,Annual,NR,Number,PET,Petrol,CC_GE2000,2 000 cm³ or over,SI,Slovenia,2018,,10392,,,,,
dataflow,ESTAT:ROAD_EQS_CARMOT$DEFAULTVIEW(1.0),"Passenger cars, by type of motor energy and size of engine",A,Annual,NR,Number,PET,Petrol,CC_GE2000,2 000 cm³ or over,SI,Slovenia,2019,,10047,,,,,
dataflow,ESTAT:ROAD_EQS_CARMOT$DEFAULTVIEW(1.0),"Passenger cars, by type of motor energy and size of engine",A,Annual,NR,Number,PET,Petrol,CC_GE2000,2 000 cm³ or over,SI,Slovenia,2020,,9725,,,,,
dataflow,ESTAT:ROAD_EQS_CARMOT$DEFAULTVIEW(1.0),"Passenger cars, by type of motor energy and size of engine",A,Annual,NR,Number,PET,Petrol,CC_GE2000,2 000 cm³ or over,SI,Slovenia,2021,,10430,,,,,
dataflow,ESTAT:ROAD_EQS_CARMOT$DEFAULTVIEW(1.0),"Passenger cars, by type of motor energy and size of engine",A,Annual,NR,Number,PET,Petrol,CC_GE2000,2 000 cm³ or over,SI,Slovenia,2022,,11064,,,,,
dataflow,ESTAT:ROAD_EQS_CARMOT$DEFAULTVIEW(1.0),"Passenger cars, by type of motor energy and size of engine",A,Annual,NR,Number,PET,Petrol,CC_GE2000,2 000 cm³ or over,SI,Slovenia,2023,,18747,,b,break in time series,,
dataflow,ESTAT:ROAD_EQS_CARMOT$DEFAULTVIEW(1.0),"Passenger cars, by type of motor energy and size of engine",A,Annual,NR,Number,PET,Petrol,CC_GE2000,2 000 cm³ or over,SI,Slovenia,2024,,22107,,,,,
dataflow,ESTAT:ROAD_EQS_CARMOT$DEFAULTVIEW(1.0),"Passenger cars, by type of motor energy and size of engine",A,Annual,NR,Number,PET,Petrol,CC_GE2000,2 000 cm³ or over,TR,Türkiye,2015,,50356,,,,,
dataflow,ESTAT:ROAD_EQS_CARMOT$DEFAULTVIEW(1.0),"Passenger cars, by type of motor energy and size of engine",A,Annual,NR,Number,PET,Petrol,CC_GE2000,2 000 cm³ or over,TR,Türkiye,2016,,49005,,,,,
dataflow,ESTAT:ROAD_EQS_CARMOT$DEFAULTVIEW(1.0),"Passenger cars, by type of motor energy and size of engine",A,Annual,NR,Number,PET,Petrol,CC_GE2000,2 000 cm³ or over,TR,Türkiye,2017,,48067,,,,,
dataflow,ESTAT:ROAD_EQS_CARMOT$DEFAULTVIEW(1.0),"Passenger cars, by type of motor energy and size of engine",A,Annual,NR,Number,PET,Petrol,CC_GE2000,2 000 cm³ or over,TR,Türkiye,2018,,47310,,,,,
dataflow,ESTAT:ROAD_EQS_CARMOT$DEFAULTVIEW(1.0),"Passenger cars, by type of motor energy and size of engine",A,Annual,NR,Number,PET,Petrol,CC_GE2000,2 000 cm³ or over,TR,Türkiye,2019,,141483,,,,,
dataflow,ESTAT:ROAD_EQS_CARMOT$DEFAULTVIEW(1.0),"Passenger cars, by type of motor energy and size of engine",A,Annual,NR,Number,PET,Petrol,CC_GE2000,2 000 cm³ or over,TR,Türkiye,2020,,47173,,,,,
dataflow,ESTAT:ROAD_EQS_CARMOT$DEFAULTVIEW(1.0),"Passenger cars, by type of motor energy and size of engine",A,Annual,NR,Number,PET,Petrol,CC_GE2000,2 000 cm³ or over,TR,Türkiye,2021,,183445,,,,,
dataflow,ESTAT:ROAD_EQS_CARMOT$DEFAULTVIEW(1.0),"Passenger cars, by type of motor energy and size of engine",A,Annual,NR,Number,PET,Petrol,CC_GE2000,2 000 cm³ or over,TR,Türkiye,2022,,182817,,,,,
dataflow,ESTAT:ROAD_EQS_CARMOT$DEFAULTVIEW(1.0),"Passenger cars, by type of motor energy and size of engine",A,Annual,NR,Number,PET,Petrol,CC_GE2000,2 000 cm³ or over,TR,Türkiye,2023,,183270,,,,,
dataflow,ESTAT:ROAD_EQS_CARMOT$DEFAULTVIEW(1.0),"Passenger cars, by type of motor energy and size of engine",A,Annual,NR,Number,PET,Petrol,CC_GE2000,2 000 cm³ or over,TR,Türkiye,2024,,184241,,,,,
dataflow,ESTAT:ROAD_EQS_CARMOT$DEFAULTVIEW(1.0),"Passenger cars, by type of motor energy and size of engine",A,Annual,NR,Number,PET,Petrol,CC_GE2000,2 000 cm³ or over,UK,United Kingdom,2015,,1431421,,,,,
dataflow,ESTAT:ROAD_EQS_CARMOT$DEFAULTVIEW(1.0),"Passenger cars, by type of motor energy and size of engine",A,Annual,NR,Number,PET,Petrol,CC_GE2000,2 000 cm³ or over,UK,United Kingdom,2016,,1384491,,,,,
dataflow,ESTAT:ROAD_EQS_CARMOT$DEFAULTVIEW(1.0),"Passenger cars, by type of motor energy and size of engine",A,Annual,NR,Number,PET,Petrol,CC_GE2000,2 000 cm³ or over,UK,United Kingdom,2017,,1346473,,,,,
dataflow,ESTAT:ROAD_EQS_CARMOT$DEFAULTVIEW(1.0),"Passenger cars, by type of motor energy and size of engine",A,Annual,NR,Number,PET,Petrol,CC_GE2000,2 000 cm³ or over,UK,United Kingdom,2018,,1326260,,,,,
dataflow,ESTAT:ROAD_EQS_CARMOT$DEFAULTVIEW(1.0),"Passenger cars, by type of motor energy and size of engine",A,Annual,NR,Number,PET,Petrol,CC_GE2000,2 000 cm³ or over,UK,United Kingdom,2021,,1326519,,,,,
dataflow,ESTAT:ROAD_EQS_CARMOT$DEFAULTVIEW(1.0),"Passenger cars, by type of motor energy and size of engine",A,Annual,NR,Number,PET,Petrol,CC_GE2000,2 000 cm³ or over,UK,United Kingdom,2022,,1338157,,,,,
dataflow,ESTAT:ROAD_EQS_CARMOT$DEFAULTVIEW(1.0),"Passenger cars, by type of motor energy and size of engine",A,Annual,NR,Number,PET,Petrol,CC_GE2000,2 000 cm³ or over,UK,United Kingdom,2023,,1363797,,,,,
dataflow,ESTAT:ROAD_EQS_CARMOT$DEFAULTVIEW(1.0),"Passenger cars, by type of motor energy and size of engine",A,Annual,NR,Number,PET,Petrol,CC_GE2000,2 000 cm³ or over,UK,United Kingdom,2024,,1389850,,,,,
dataflow,ESTAT:ROAD_EQS_CARMOT$DEFAULTVIEW(1.0),"Passenger cars, by type of motor energy and size of engine",A,Annual,NR,Number,PET,Petrol,CC_GE2000,2 000 cm³ or over,XK,Kosovo*,2019,,4709,,,,,
dataflow,ESTAT:ROAD_EQS_CARMOT$DEFAULTVIEW(1.0),"Passenger cars, by type of motor energy and size of engine",A,Annual,NR,Number,PET,Petrol,CC_GE2000,2 000 cm³ or over,XK,Kosovo*,2021,,4365,,,,,
dataflow,ESTAT:ROAD_EQS_CARMOT$DEFAULTVIEW(1.0),"Passenger cars, by type of motor energy and size of engine",A,Annual,NR,Number,PET,Petrol,CC_LT1400,Less than 1 400 cm³,AL,Albania,2021,,62983,,,,,
dataflow,ESTAT:ROAD_EQS_CARMOT$DEFAULTVIEW(1.0),"Passenger cars, by type of motor energy and size of engine",A,Annual,NR,Number,PET,Petrol,CC_LT1400,Less than 1 400 cm³,AL,Albania,2022,,65030,,,,,
dataflow,ESTAT:ROAD_EQS_CARMOT$DEFAULTVIEW(1.0),"Passenger cars, by type of motor energy and size of engine",A,Annual,NR,Number,PET,Petrol,CC_LT1400,Less than 1 400 cm³,AL,Albania,2023,,67816,,,,,
dataflow,ESTAT:ROAD_EQS_CARMOT$DEFAULTVIEW(1.0),"Passenger cars, by type of motor energy and size of engine",A,Annual,NR,Number,PET,Petrol,CC_LT1400,Less than 1 400 cm³,AL,Albania,2024,,72313,,,,,
dataflow,ESTAT:ROAD_EQS_CARMOT$DEFAULTVIEW(1.0),"Passenger cars, by type of motor energy and size of engine",A,Annual,NR,Number,PET,Petrol,CC_LT1400,Less than 1 400 cm³,AT,Austria,2015,,1285851,,,,,
dataflow,ESTAT:ROAD_EQS_CARMOT$DEFAULTVIEW(1.0),"Passenger cars, by type of motor energy and size of engine",A,Annual,NR,Number,PET,Petrol,CC_LT1400,Less than 1 400 cm³,AT,Austria,2016,,1321068,,,,,
dataflow,ESTAT:ROAD_EQS_CARMOT$DEFAULTVIEW(1.0),"Passenger cars, by type of motor energy and size of engine",A,Annual,NR,Number,PET,Petrol,CC_LT1400,Less than 1 400 cm³,AT,Austria,2017,,1373315,,,,,
dataflow,ESTAT:ROAD_EQS_CARMOT$DEFAULTVIEW(1.0),"Passenger cars, by type of motor energy and size of engine",A,Annual,NR,Number,PET,Petrol,CC_LT1400,Less than 1 400 cm³,AT,Austria,2018,,1431363,,,,,
dataflow,ESTAT:ROAD_EQS_CARMOT$DEFAULTVIEW(1.0),"Passenger cars, by type of motor energy and size of engine",A,Annual,NR,Number,PET,Petrol,CC_LT1400,Less than 1 400 cm³,AT,Austria,2019,,1470314,,,,,
dataflow,ESTAT:ROAD_EQS_CARMOT$DEFAULTVIEW(1.0),"Passenger cars, by type of motor energy and size of engine",A,Annual,NR,Number,PET,Petrol,CC_LT1400,Less than 1 400 cm³,AT,Austria,2020,,1496959,,,,,
dataflow,ESTAT:ROAD_EQS_CARMOT$DEFAULTVIEW(1.0),"Passenger cars, by type of motor energy and size of engine",A,Annual,NR,Number,PET,Petrol,CC_LT1400,Less than 1 400 cm³,AT,Austria,2021,,1519903,,,,,
dataflow,ESTAT:ROAD_EQS_CARMOT$DEFAULTVIEW(1.0),"Passenger cars, by type of motor energy and size of engine",A,Annual,NR,Number,PET,Petrol,CC_LT1400,Less than 1 400 cm³,AT,Austria,2022,,1533177,,,,,
dataflow,ESTAT:ROAD_EQS_CARMOT$DEFAULTVIEW(1.0),"Passenger cars, by type of motor energy and size of engine",A,Annual,NR,Number,PET,Petrol,CC_LT1400,Less than 1 400 cm³,AT,Austria,2023,,1546775,,,,,
dataflow,ESTAT:ROAD_EQS_CARMOT$DEFAULTVIEW(1.0),"Passenger cars, by type of motor energy and size of engine",A,Annual,NR,Number,PET,Petrol,CC_LT1400,Less than 1 400 cm³,AT,Austria,2024,,1567564,,,,,
dataflow,ESTAT:ROAD_EQS_CARMOT$DEFAULTVIEW(1.0),"Passenger cars, by type of motor energy and size of engine",A,Annual,NR,Number,PET,Petrol,CC_LT1400,Less than 1 400 cm³,BA,Bosnia and Herzegovina,2015,,151122,,,,,
dataflow,ESTAT:ROAD_EQS_CARMOT$DEFAULTVIEW(1.0),"Passenger cars, by type of motor energy and size of engine",A,Annual,NR,Number,PET,Petrol,CC_LT1400,Less than 1 400 cm³,BA,Bosnia and Herzegovina,2016,,149118,,,,,
dataflow,ESTAT:ROAD_EQS_CARMOT$DEFAULTVIEW(1.0),"Passenger cars, by type of motor energy and size of engine",A,Annual,NR,Number,PET,Petrol,CC_LT1400,Less than 1 400 cm³,BA,Bosnia and Herzegovina,2017,,143856,,,,,
dataflow,ESTAT:ROAD_EQS_CARMOT$DEFAULTVIEW(1.0),"Passenger cars, by type of motor energy and size of engine",A,Annual,NR,Number,PET,Petrol,CC_LT1400,Less than 1 400 cm³,BA,Bosnia and Herzegovina,2018,,143711,,,,,
dataflow,ESTAT:ROAD_EQS_CARMOT$DEFAULTVIEW(1.0),"Passenger cars, by type of motor energy and size of engine",A,Annual,NR,Number,PET,Petrol,CC_LT1400,Less than 1 400 cm³,BA,Bosnia and Herzegovina,2019,,140199,,,,,
dataflow,ESTAT:ROAD_EQS_CARMOT$DEFAULTVIEW(1.0),"Passenger cars, by type of motor energy and size of engine",A,Annual,NR,Number,PET,Petrol,CC_LT1400,Less than 1 400 cm³,BA,Bosnia and Herzegovina,2020,,134657,,,,,
dataflow,ESTAT:ROAD_EQS_CARMOT$DEFAULTVIEW(1.0),"Passenger cars, by type of motor energy and size of engine",A,Annual,NR,Number,PET,Petrol,CC_LT1400,Less than 1 400 cm³,BA,Bosnia and Herzegovina,2021,,136411,,,,,
dataflow,ESTAT:ROAD_EQS_CARMOT$DEFAULTVIEW(1.0),"Passenger cars, by type of motor energy and size of engine",A,Annual,NR,Number,PET,Petrol,CC_LT1400,Less than 1 400 cm³,BA,Bosnia and Herzegovina,2022,,135773,,,,,
dataflow,ESTAT:ROAD_EQS_CARMOT$DEFAULTVIEW(1.0),"Passenger cars, by type of motor energy and size of engine",A,Annual,NR,Number,PET,Petrol,CC_LT1400,Less than 1 400 cm³,BA,Bosnia and Herzegovina,2023,,136515,,,,,
dataflow,ESTAT:ROAD_EQS_CARMOT$DEFAULTVIEW(1.0),"Passenger cars, by type of motor energy and size of engine",A,Annual,NR,Number,PET,Petrol,CC_LT1400,Less than 1 400 cm³,BA,Bosnia and Herzegovina,2024,,137818,,,,,
dataflow,ESTAT:ROAD_EQS_CARMOT$DEFAULTVIEW(1.0),"Passenger cars, by type of motor energy and size of engine",A,Annual,NR,Number,PET,Petrol,CC_LT1400,Less than 1 400 cm³,BE,Belgium,2015,,1404053,,,,,
dataflow,ESTAT:ROAD_EQS_CARMOT$DEFAULTVIEW(1.0),"Passenger cars, by type of motor energy and size of engine",A,Annual,NR,Number,PET,Petrol,CC_LT1400,Less than 1 400 cm³,BE,Belgium,2016,,1503400,,,,,
dataflow,ESTAT:ROAD_EQS_CARMOT$DEFAULTVIEW(1.0),"Passenger cars, by type of motor energy and size of engine",A,Annual,NR,Number,PET,Petrol,CC_LT1400,Less than 1 400 cm³,BE,Belgium,2017,,1623438,,,,,
dataflow,ESTAT:ROAD_EQS_CARMOT$DEFAULTVIEW(1.0),"Passenger cars, by type of motor energy and size of engine",A,Annual,NR,Number,PET,Petrol,CC_LT1400,Less than 1 400 cm³,BE,Belgium,2018,,1772421,,,,,
dataflow,ESTAT:ROAD_EQS_CARMOT$DEFAULTVIEW(1.0),"Passenger cars, by type of motor energy and size of engine",A,Annual,NR,Number,PET,Petrol,CC_LT1400,Less than 1 400 cm³,BE,Belgium,2019,,1902635,,,,,
dataflow,ESTAT:ROAD_EQS_CARMOT$DEFAULTVIEW(1.0),"Passenger cars, by type of motor energy and size of engine",A,Annual,NR,Number,PET,Petrol,CC_LT1400,Less than 1 400 cm³,BE,Belgium,2020,,1993507,,,,,
dataflow,ESTAT:ROAD_EQS_CARMOT$DEFAULTVIEW(1.0),"Passenger cars, by type of motor energy and size of engine",A,Annual,NR,Number,PET,Petrol,CC_LT1400,Less than 1 400 cm³,BE,Belgium,2021,,2086371,,,,,
dataflow,ESTAT:ROAD_EQS_CARMOT$DEFAULTVIEW(1.0),"Passenger cars, by type of motor energy and size of engine",A,Annual,NR,Number,PET,Petrol,CC_LT1400,Less than 1 400 cm³,BE,Belgium,2022,,2174716,,,,,
dataflow,ESTAT:ROAD_EQS_CARMOT$DEFAULTVIEW(1.0),"Passenger cars, by type of motor energy and size of engine",A,Annual,NR,Number,PET,Petrol,CC_LT1400,Less than 1 400 cm³,BE,Belgium,2023,,2276124,,,,,
dataflow,ESTAT:ROAD_EQS_CARMOT$DEFAULTVIEW(1.0),"Passenger cars, by type of motor energy and size of engine",A,Annual,NR,Number,PET,Petrol,CC_LT1400,Less than 1 400 cm³,BE,Belgium,2024,,2336944,,,,,
dataflow,ESTAT:ROAD_EQS_CARMOT$DEFAULTVIEW(1.0),"Passenger cars, by type of motor energy and size of engine",A,Annual,NR,Number,PET,Petrol,CC_LT1400,Less than 1 400 cm³,CH,Switzerland,2015,,1099624,,,,,
dataflow,ESTAT:ROAD_EQS_CARMOT$DEFAULTVIEW(1.0),"Passenger cars, by type of motor energy and size of engine",A,Annual,NR,Number,PET,Petrol,CC_LT1400,Less than 1 400 cm³,CH,Switzerland,2016,,1142808,,,,,
dataflow,ESTAT:ROAD_EQS_CARMOT$DEFAULTVIEW(1.0),"Passenger cars, by type of motor energy and size of engine",A,Annual,NR,Number,PET,Petrol,CC_LT1400,Less than 1 400 cm³,CH,Switzerland,2017,,1188867,,,,,
dataflow,ESTAT:ROAD_EQS_CARMOT$DEFAULTVIEW(1.0),"Passenger cars, by type of motor energy and size of engine",A,Annual,NR,Number,PET,Petrol,CC_LT1400,Less than 1 400 cm³,CH,Switzerland,2018,,1227837,,,,,
dataflow,ESTAT:ROAD_EQS_CARMOT$DEFAULTVIEW(1.0),"Passenger cars, by type of motor energy and size of engine",A,Annual,NR,Number,PET,Petrol,CC_LT1400,Less than 1 400 cm³,CH,Switzerland,2019,,1251729,,,,,
dataflow,ESTAT:ROAD_EQS_CARMOT$DEFAULTVIEW(1.0),"Passenger cars, by type of motor energy and size of engine",A,Annual,NR,Number,PET,Petrol,CC_LT1400,Less than 1 400 cm³,CH,Switzerland,2020,,1270337,,,,,
dataflow,ESTAT:ROAD_EQS_CARMOT$DEFAULTVIEW(1.0),"Passenger cars, by type of motor energy and size of engine",A,Annual,NR,Number,PET,Petrol,CC_LT1400,Less than 1 400 cm³,CH,Switzerland,2021,,1288015,,,,,
dataflow,ESTAT:ROAD_EQS_CARMOT$DEFAULTVIEW(1.0),"Passenger cars, by type of motor energy and size of engine",A,Annual,NR,Number,PET,Petrol,CC_LT1400,Less than 1 400 cm³,CH,Switzerland,2022,,1294851,,,,,
dataflow,ESTAT:ROAD_EQS_CARMOT$DEFAULTVIEW(1.0),"Passenger cars, by type of motor energy and size of engine",A,Annual,NR,Number,PET,Petrol,CC_LT1400,Less than 1 400 cm³,CH,Switzerland,2023,,1297558,,,,,
dataflow,ESTAT:ROAD_EQS_CARMOT$DEFAULTVIEW(1.0),"Passenger cars, by type of motor energy and size of engine",A,Annual,NR,Number,PET,Petrol,CC_LT1400,Less than 1 400 cm³,CH,Switzerland,2024,,1294107,,,,,
dataflow,ESTAT:ROAD_EQS_CARMOT$DEFAULTVIEW(1.0),"Passenger cars, by type of motor energy and size of engine",A,Annual,NR,Number,PET,Petrol,CC_LT1400,Less than 1 400 cm³,CY,Cyprus,2015,,177046,,,,,
dataflow,ESTAT:ROAD_EQS_CARMOT$DEFAULTVIEW(1.0),"Passenger cars, by type of motor energy and size of engine",A,Annual,NR,Number,PET,Petrol,CC_LT1400,Less than 1 400 cm³,CY,Cyprus,2016,,187076,,,,,
dataflow,ESTAT:ROAD_EQS_CARMOT$DEFAULTVIEW(1.0),"Passenger cars, by type of motor energy and size of engine",A,Annual,NR,Number,PET,Petrol,CC_LT1400,Less than 1 400 cm³,CY,Cyprus,2017,,195067,,,,,
dataflow,ESTAT:ROAD_EQS_CARMOT$DEFAULTVIEW(1.0),"Passenger cars, by type of motor energy and size of engine",A,Annual,NR,Number,PET,Petrol,CC_LT1400,Less than 1 400 cm³,CY,Cyprus,2018,,204697,,,,,
dataflow,ESTAT:ROAD_EQS_CARMOT$DEFAULTVIEW(1.0),"Passenger cars, by type of motor energy and size of engine",A,Annual,NR,Number,PET,Petrol,CC_LT1400,Less than 1 400 cm³,CY,Cyprus,2019,,212372,,,,,
dataflow,ESTAT:ROAD_EQS_CARMOT$DEFAULTVIEW(1.0),"Passenger cars, by type of motor energy and size of engine",A,Annual,NR,Number,PET,Petrol,CC_LT1400,Less than 1 400 cm³,CY,Cyprus,2020,,213401,,,,,
dataflow,ESTAT:ROAD_EQS_CARMOT$DEFAULTVIEW(1.0),"Passenger cars, by type of motor energy and size of engine",A,Annual,NR,Number,PET,Petrol,CC_LT1400,Less than 1 400 cm³,CY,Cyprus,2021,,220101,,,,,
dataflow,ESTAT:ROAD_EQS_CARMOT$DEFAULTVIEW(1.0),"Passenger cars, by type of motor energy and size of engine",A,Annual,NR,Number,PET,Petrol,CC_LT1400,Less than 1 400 cm³,CY,Cyprus,2022,,225507,,,,,
dataflow,ESTAT:ROAD_EQS_CARMOT$DEFAULTVIEW(1.0),"Passenger cars, by type of motor energy and size of engine",A,Annual,NR,Number,PET,Petrol,CC_LT1400,Less than 1 400 cm³,CY,Cyprus,2023,,233090,,,,,
dataflow,ESTAT:ROAD_EQS_CARMOT$DEFAULTVIEW(1.0),"Passenger cars, by type of motor energy and size of engine",A,Annual,NR,Number,PET,Petrol,CC_LT1400,Less than 1 400 cm³,CY,Cyprus,2024,,236964,,,,,
dataflow,ESTAT:ROAD_EQS_CARMOT$DEFAULTVIEW(1.0),"Passenger cars, by type of motor energy and size of engine",A,Annual,NR,Number,PET,Petrol,CC_LT1400,Less than 1 400 cm³,CZ,Czechia,2015,,2136131,,,,,
dataflow,ESTAT:ROAD_EQS_CARMOT$DEFAULTVIEW(1.0),"Passenger cars, by type of motor energy and size of engine",A,Annual,NR,Number,PET,Petrol,CC_LT1400,Less than 1 400 cm³,CZ,Czechia,2016,,2161593,,,,,
dataflow,ESTAT:ROAD_EQS_CARMOT$DEFAULTVIEW(1.0),"Passenger cars, by type of motor energy and size of engine",A,Annual,NR,Number,PET,Petrol,CC_LT1400,Less than 1 400 cm³,CZ,Czechia,2017,,2210613,,,,,
dataflow,ESTAT:ROAD_EQS_CARMOT$DEFAULTVIEW(1.0),"Passenger cars, by type of motor energy and size of engine",A,Annual,NR,Number,PET,Petrol,CC_LT1400,Less than 1 400 cm³,CZ,Czechia,2018,,2211084,,,,,
dataflow,ESTAT:ROAD_EQS_CARMOT$DEFAULTVIEW(1.0),"Passenger cars, by type of motor energy and size of engine",A,Annual,NR,Number,PET,Petrol,CC_LT1400,Less than 1 400 cm³,CZ,Czechia,2019,,2246772,,,,,
dataflow,ESTAT:ROAD_EQS_CARMOT$DEFAULTVIEW(1.0),"Passenger cars, by type of motor energy and size of engine",A,Annual,NR,Number,PET,Petrol,CC_LT1400,Less than 1 400 cm³,CZ,Czechia,2020,,2258408,,,,,
dataflow,ESTAT:ROAD_EQS_CARMOT$DEFAULTVIEW(1.0),"Passenger cars, by type of motor energy and size of engine",A,Annual,NR,Number,PET,Petrol,CC_LT1400,Less than 1 400 cm³,CZ,Czechia,2021,,2269196,,,,,
dataflow,ESTAT:ROAD_EQS_CARMOT$DEFAULTVIEW(1.0),"Passenger cars, by type of motor energy and size of engine",A,Annual,NR,Number,PET,Petrol,CC_LT1400,Less than 1 400 cm³,CZ,Czechia,2022,,2275780,,,,,
dataflow,ESTAT:ROAD_EQS_CARMOT$DEFAULTVIEW(1.0),"Passenger cars, by type of motor energy and size of engine",A,Annual,NR,Number,PET,Petrol,CC_LT1400,Less than 1 400 cm³,CZ,Czechia,2023,,2303783,,,,,
dataflow,ESTAT:ROAD_EQS_CARMOT$DEFAULTVIEW(1.0),"Passenger cars, by type of motor energy and size of engine",A,Annual,NR,Number,PET,Petrol,CC_LT1400,Less than 1 400 cm³,CZ,Czechia,2024,,2307053,,,,,
dataflow,ESTAT:ROAD_EQS_CARMOT$DEFAULTVIEW(1.0),"Passenger cars, by type of motor energy and size of engine",A,Annual,NR,Number,PET,Petrol,CC_LT1400,Less than 1 400 cm³,DE,Germany,2015,,14891000,,,,,
dataflow,ESTAT:ROAD_EQS_CARMOT$DEFAULTVIEW(1.0),"Passenger cars, by type of motor energy and size of engine",A,Annual,NR,Number,PET,Petrol,CC_LT1400,Less than 1 400 cm³,DE,Germany,2016,,15394491,,,,,
dataflow,ESTAT:ROAD_EQS_CARMOT$DEFAULTVIEW(1.0),"Passenger cars, by type of motor energy and size of engine",A,Annual,NR,Number,PET,Petrol,CC_LT1400,Less than 1 400 cm³,DE,Germany,2017,,16072801,,,,,
dataflow,ESTAT:ROAD_EQS_CARMOT$DEFAULTVIEW(1.0),"Passenger cars, by type of motor energy and size of engine",A,Annual,NR,Number,PET,Petrol,CC_LT1400,Less than 1 400 cm³,DE,Germany,2018,,16664622,,,,,
dataflow,ESTAT:ROAD_EQS_CARMOT$DEFAULTVIEW(1.0),"Passenger cars, by type of motor energy and size of engine",A,Annual,NR,Number,PET,Petrol,CC_LT1400,Less than 1 400 cm³,DE,Germany,2019,,17055178,,,,,
dataflow,ESTAT:ROAD_EQS_CARMOT$DEFAULTVIEW(1.0),"Passenger cars, by type of motor energy and size of engine",A,Annual,NR,Number,PET,Petrol,CC_LT1400,Less than 1 400 cm³,DE,Germany,2020,,17251545,,,,,
dataflow,ESTAT:ROAD_EQS_CARMOT$DEFAULTVIEW(1.0),"Passenger cars, by type of motor energy and size of engine",A,Annual,NR,Number,PET,Petrol,CC_LT1400,Less than 1 400 cm³,DE,Germany,2021,,17355473,,,,,
dataflow,ESTAT:ROAD_EQS_CARMOT$DEFAULTVIEW(1.0),"Passenger cars, by type of motor energy and size of engine",A,Annual,NR,Number,PET,Petrol,CC_LT1400,Less than 1 400 cm³,DE,Germany,2022,,17389387,,,,,
dataflow,ESTAT:ROAD_EQS_CARMOT$DEFAULTVIEW(1.0),"Passenger cars, by type of motor energy and size of engine",A,Annual,NR,Number,PET,Petrol,CC_LT1400,Less than 1 400 cm³,DE,Germany,2023,,17381697,,,,,
dataflow,ESTAT:ROAD_EQS_CARMOT$DEFAULTVIEW(1.0),"Passenger cars, by type of motor energy and size of engine",A,Annual,NR,Number,PET,Petrol,CC_LT1400,Less than 1 400 cm³,DE,Germany,2024,,17390232,,,,,
dataflow,ESTAT:ROAD_EQS_CARMOT$DEFAULTVIEW(1.0),"Passenger cars, by type of motor energy and size of engine",A,Annual,NR,Number,PET,Petrol,CC_LT1400,Less than 1 400 cm³,EE,Estonia,2015,,90583,,,,,
dataflow,ESTAT:ROAD_EQS_CARMOT$DEFAULTVIEW(1.0),"Passenger cars, by type of motor energy and size of engine",A,Annual,NR,Number,PET,Petrol,CC_LT1400,Less than 1 400 cm³,EE,Estonia,2016,,96489,,,,,
dataflow,ESTAT:ROAD_EQS_CARMOT$DEFAULTVIEW(1.0),"Passenger cars, by type of motor energy and size of engine",A,Annual,NR,Number,PET,Petrol,CC_LT1400,Less than 1 400 cm³,EE,Estonia,2017,,102056,,,,,
dataflow,ESTAT:ROAD_EQS_CARMOT$DEFAULTVIEW(1.0),"Passenger cars, by type of motor energy and size of engine",A,Annual,NR,Number,PET,Petrol,CC_LT1400,Less than 1 400 cm³,EE,Estonia,2018,,106398,,,,,
dataflow,ESTAT:ROAD_EQS_CARMOT$DEFAULTVIEW(1.0),"Passenger cars, by type of motor energy and size of engine",A,Annual,NR,Number,PET,Petrol,CC_LT1400,Less than 1 400 cm³,EE,Estonia,2019,,113860,,,,,
dataflow,ESTAT:ROAD_EQS_CARMOT$DEFAULTVIEW(1.0),"Passenger cars, by type of motor energy and size of engine",A,Annual,NR,Number,PET,Petrol,CC_LT1400,Less than 1 400 cm³,EE,Estonia,2020,,115840,,,,,
dataflow,ESTAT:ROAD_EQS_CARMOT$DEFAULTVIEW(1.0),"Passenger cars, by type of motor energy and size of engine",A,Annual,NR,Number,PET,Petrol,CC_LT1400,Less than 1 400 cm³,EE,Estonia,2021,,117822,,,,,
dataflow,ESTAT:ROAD_EQS_CARMOT$DEFAULTVIEW(1.0),"Passenger cars, by type of motor energy and size of engine",A,Annual,NR,Number,PET,Petrol,CC_LT1400,Less than 1 400 cm³,EE,Estonia,2022,,119113,,,,,
dataflow,ESTAT:ROAD_EQS_CARMOT$DEFAULTVIEW(1.0),"Passenger cars, by type of motor energy and size of engine",A,Annual,NR,Number,PET,Petrol,CC_LT1400,Less than 1 400 cm³,EE,Estonia,2023,,119719,,,,,
dataflow,ESTAT:ROAD_EQS_CARMOT$DEFAULTVIEW(1.0),"Passenger cars, by type of motor energy and size of engine",A,Annual,NR,Number,PET,Petrol,CC_LT1400,Less than 1 400 cm³,EE,Estonia,2024,,117136,,,,,
dataflow,ESTAT:ROAD_EQS_CARMOT$DEFAULTVIEW(1.0),"Passenger cars, by type of motor energy and size of engine",A,Annual,NR,Number,PET,Petrol,CC_LT1400,Less than 1 400 cm³,ES,Spain,2015,,5120598,,,,,
dataflow,ESTAT:ROAD_EQS_CARMOT$DEFAULTVIEW(1.0),"Passenger cars, by type of motor energy and size of engine",A,Annual,NR,Number,PET,Petrol,CC_LT1400,Less than 1 400 cm³,ES,Spain,2016,,5343845,,,,,
dataflow,ESTAT:ROAD_EQS_CARMOT$DEFAULTVIEW(1.0),"Passenger cars, by type of motor energy and size of engine",A,Annual,NR,Number,PET,Petrol,CC_LT1400,Less than 1 400 cm³,ES,Spain,2017,,5625037,,,,,
dataflow,ESTAT:ROAD_EQS_CARMOT$DEFAULTVIEW(1.0),"Passenger cars, by type of motor energy and size of engine",A,Annual,NR,Number,PET,Petrol,CC_LT1400,Less than 1 400 cm³,ES,Spain,2018,,5977393,,,,,
dataflow,ESTAT:ROAD_EQS_CARMOT$DEFAULTVIEW(1.0),"Passenger cars, by type of motor energy and size of engine",A,Annual,NR,Number,PET,Petrol,CC_LT1400,Less than 1 400 cm³,ES,Spain,2019,,6290483,,,,,
dataflow,ESTAT:ROAD_EQS_CARMOT$DEFAULTVIEW(1.0),"Passenger cars, by type of motor energy and size of engine",A,Annual,NR,Number,PET,Petrol,CC_LT1400,Less than 1 400 cm³,ES,Spain,2020,,6425370,,,,,
dataflow,ESTAT:ROAD_EQS_CARMOT$DEFAULTVIEW(1.0),"Passenger cars, by type of motor energy and size of engine",A,Annual,NR,Number,PET,Petrol,CC_LT1400,Less than 1 400 cm³,ES,Spain,2021,,6627628,,,,,
dataflow,ESTAT:ROAD_EQS_CARMOT$DEFAULTVIEW(1.0),"Passenger cars, by type of motor energy and size of engine",A,Annual,NR,Number,PET,Petrol,CC_LT1400,Less than 1 400 cm³,ES,Spain,2022,,6836098,,,,,
dataflow,ESTAT:ROAD_EQS_CARMOT$DEFAULTVIEW(1.0),"Passenger cars, by type of motor energy and size of engine",A,Annual,NR,Number,PET,Petrol,CC_LT1400,Less than 1 400 cm³,ES,Spain,2023,,6883863,,,,,
dataflow,ESTAT:ROAD_EQS_CARMOT$DEFAULTVIEW(1.0),"Passenger cars, by type of motor energy and size of engine",A,Annual,NR,Number,PET,Petrol,CC_LT1400,Less than 1 400 cm³,ES,Spain,2024,,6731655,,,,,
dataflow,ESTAT:ROAD_EQS_CARMOT$DEFAULTVIEW(1.0),"Passenger cars, by type of motor energy and size of engine",A,Annual,NR,Number,PET,Petrol,CC_LT1400,Less than 1 400 cm³,FI,Finland,2015,,692560,,,,,
dataflow,ESTAT:ROAD_EQS_CARMOT$DEFAULTVIEW(1.0),"Passenger cars, by type of motor energy and size of engine",A,Annual,NR,Number,PET,Petrol,CC_LT1400,Less than 1 400 cm³,FI,Finland,2016,,732897,,,,,
dataflow,ESTAT:ROAD_EQS_CARMOT$DEFAULTVIEW(1.0),"Passenger cars, by type of motor energy and size of engine",A,Annual,NR,Number,PET,Petrol,CC_LT1400,Less than 1 400 cm³,FI,Finland,2017,,771249,,,,,
dataflow,ESTAT:ROAD_EQS_CARMOT$DEFAULTVIEW(1.0),"Passenger cars, by type of motor energy and size of engine",A,Annual,NR,Number,PET,Petrol,CC_LT1400,Less than 1 400 cm³,FI,Finland,2018,,803741,,,,,
dataflow,ESTAT:ROAD_EQS_CARMOT$DEFAULTVIEW(1.0),"Passenger cars, by type of motor energy and size of engine",A,Annual,NR,Number,PET,Petrol,CC_LT1400,Less than 1 400 cm³,FI,Finland,2019,,835012,,,,,
dataflow,ESTAT:ROAD_EQS_CARMOT$DEFAULTVIEW(1.0),"Passenger cars, by type of motor energy and size of engine",A,Annual,NR,Number,PET,Petrol,CC_LT1400,Less than 1 400 cm³,FI,Finland,2020,,857782,,,,,
dataflow,ESTAT:ROAD_EQS_CARMOT$DEFAULTVIEW(1.0),"Passenger cars, by type of motor energy and size of engine",A,Annual,NR,Number,PET,Petrol,CC_LT1400,Less than 1 400 cm³,FI,Finland,2021,,859284,,,,,
dataflow,ESTAT:ROAD_EQS_CARMOT$DEFAULTVIEW(1.0),"Passenger cars, by type of motor energy and size of engine",A,Annual,NR,Number,PET,Petrol,CC_LT1400,Less than 1 400 cm³,FI,Finland,2022,,884770,,,,,
dataflow,ESTAT:ROAD_EQS_CARMOT$DEFAULTVIEW(1.0),"Passenger cars, by type of motor energy and size of engine",A,Annual,NR,Number,PET,Petrol,CC_LT1400,Less than 1 400 cm³,FI,Finland,2023,,893087,,,,,
dataflow,ESTAT:ROAD_EQS_CARMOT$DEFAULTVIEW(1.0),"Passenger cars, by type of motor energy and size of engine",A,Annual,NR,Number,PET,Petrol,CC_LT1400,Less than 1 400 cm³,FI,Finland,2024,,898838,,,,,
dataflow,ESTAT:ROAD_EQS_CARMOT$DEFAULTVIEW(1.0),"Passenger cars, by type of motor energy and size of engine",A,Annual,NR,Number,PET,Petrol,CC_LT1400,Less than 1 400 cm³,FR,France,2015,,10530709,,,,,
dataflow,ESTAT:ROAD_EQS_CARMOT$DEFAULTVIEW(1.0),"Passenger cars, by type of motor energy and size of engine",A,Annual,NR,Number,PET,Petrol,CC_LT1400,Less than 1 400 cm³,FR,France,2016,,10796295,,,,,
dataflow,ESTAT:ROAD_EQS_CARMOT$DEFAULTVIEW(1.0),"Passenger cars, by type of motor energy and size of engine",A,Annual,NR,Number,PET,Petrol,CC_LT1400,Less than 1 400 cm³,FR,France,2017,,11190694,,,,,
dataflow,ESTAT:ROAD_EQS_CARMOT$DEFAULTVIEW(1.0),"Passenger cars, by type of motor energy and size of engine",A,Annual,NR,Number,PET,Petrol,CC_LT1400,Less than 1 400 cm³,FR,France,2018,,11683140,,,,,
dataflow,ESTAT:ROAD_EQS_CARMOT$DEFAULTVIEW(1.0),"Passenger cars, by type of motor energy and size of engine",A,Annual,NR,Number,PET,Petrol,CC_LT1400,Less than 1 400 cm³,FR,France,2019,,12217084,,,,,
dataflow,ESTAT:ROAD_EQS_CARMOT$DEFAULTVIEW(1.0),"Passenger cars, by type of motor energy and size of engine",A,Annual,NR,Number,PET,Petrol,CC_LT1400,Less than 1 400 cm³,FR,France,2020,,12524450,,,,,
dataflow,ESTAT:ROAD_EQS_CARMOT$DEFAULTVIEW(1.0),"Passenger cars, by type of motor energy and size of engine",A,Annual,NR,Number,PET,Petrol,CC_LT1400,Less than 1 400 cm³,FR,France,2021,,12917694,,,,,
dataflow,ESTAT:ROAD_EQS_CARMOT$DEFAULTVIEW(1.0),"Passenger cars, by type of motor energy and size of engine",A,Annual,NR,Number,PET,Petrol,CC_LT1400,Less than 1 400 cm³,FR,France,2022,,13151427,,,,,
dataflow,ESTAT:ROAD_EQS_CARMOT$DEFAULTVIEW(1.0),"Passenger cars, by type of motor energy and size of engine",A,Annual,NR,Number,PET,Petrol,CC_LT1400,Less than 1 400 cm³,FR,France,2023,,13452581,,,,,
dataflow,ESTAT:ROAD_EQS_CARMOT$DEFAULTVIEW(1.0),"Passenger cars, by type of motor energy and size of engine",A,Annual,NR,Number,PET,Petrol,CC_LT1400,Less than 1 400 cm³,FR,France,2024,,13777428,,,,,
dataflow,ESTAT:ROAD_EQS_CARMOT$DEFAULTVIEW(1.0),"Passenger cars, by type of motor energy and size of engine",A,Annual,NR,Number,PET,Petrol,CC_LT1400,Less than 1 400 cm³,GE,Georgia,2017,,66633,,,,,
dataflow,ESTAT:ROAD_EQS_CARMOT$DEFAULTVIEW(1.0),"Passenger cars, by type of motor energy and size of engine",A,Annual,NR,Number,PET,Petrol,CC_LT1400,Less than 1 400 cm³,GE,Georgia,2018,,73394,,,,,
dataflow,ESTAT:ROAD_EQS_CARMOT$DEFAULTVIEW(1.0),"Passenger cars, by type of motor energy and size of engine",A,Annual,NR,Number,PET,Petrol,CC_LT1400,Less than 1 400 cm³,GE,Georgia,2019,,79785,,,,,
dataflow,ESTAT:ROAD_EQS_CARMOT$DEFAULTVIEW(1.0),"Passenger cars, by type of motor energy and size of engine",A,Annual,NR,Number,PET,Petrol,CC_LT1400,Less than 1 400 cm³,GE,Georgia,2020,,78841,,,,,
dataflow,ESTAT:ROAD_EQS_CARMOT$DEFAULTVIEW(1.0),"Passenger cars, by type of motor energy and size of engine",A,Annual,NR,Number,PET,Petrol,CC_LT1400,Less than 1 400 cm³,GE,Georgia,2021,,101429,,,,,
dataflow,ESTAT:ROAD_EQS_CARMOT$DEFAULTVIEW(1.0),"Passenger cars, by type of motor energy and size of engine",A,Annual,NR,Number,PET,Petrol,CC_LT1400,Less than 1 400 cm³,GE,Georgia,2022,,109485,,,,,
dataflow,ESTAT:ROAD_EQS_CARMOT$DEFAULTVIEW(1.0),"Passenger cars, by type of motor energy and size of engine",A,Annual,NR,Number,PET,Petrol,CC_LT1400,Less than 1 400 cm³,GE,Georgia,2023,,138595,,,,,
dataflow,ESTAT:ROAD_EQS_CARMOT$DEFAULTVIEW(1.0),"Passenger cars, by type of motor energy and size of engine",A,Annual,NR,Number,PET,Petrol,CC_LT1400,Less than 1 400 cm³,GE,Georgia,2024,,126107,,,,,
dataflow,ESTAT:ROAD_EQS_CARMOT$DEFAULTVIEW(1.0),"Passenger cars, by type of motor energy and size of engine",A,Annual,NR,Number,PET,Petrol,CC_LT1400,Less than 1 400 cm³,HR,Croatia,2015,,562145,,,,,
dataflow,ESTAT:ROAD_EQS_CARMOT$DEFAULTVIEW(1.0),"Passenger cars, by type of motor energy and size of engine",A,Annual,NR,Number,PET,Petrol,CC_LT1400,Less than 1 400 cm³,HR,Croatia,2016,,557899,,,,,
dataflow,ESTAT:ROAD_EQS_CARMOT$DEFAULTVIEW(1.0),"Passenger cars, by type of motor energy and size of engine",A,Annual,NR,Number,PET,Petrol,CC_LT1400,Less than 1 400 cm³,HR,Croatia,2017,,552674,,,,,
dataflow,ESTAT:ROAD_EQS_CARMOT$DEFAULTVIEW(1.0),"Passenger cars, by type of motor energy and size of engine",A,Annual,NR,Number,PET,Petrol,CC_LT1400,Less than 1 400 cm³,HR,Croatia,2018,,551343,,,,,
dataflow,ESTAT:ROAD_EQS_CARMOT$DEFAULTVIEW(1.0),"Passenger cars, by type of motor energy and size of engine",A,Annual,NR,Number,PET,Petrol,CC_LT1400,Less than 1 400 cm³,HR,Croatia,2019,,548034,,,,,
dataflow,ESTAT:ROAD_EQS_CARMOT$DEFAULTVIEW(1.0),"Passenger cars, by type of motor energy and size of engine",A,Annual,NR,Number,PET,Petrol,CC_LT1400,Less than 1 400 cm³,HR,Croatia,2020,,537579,,,,,
dataflow,ESTAT:ROAD_EQS_CARMOT$DEFAULTVIEW(1.0),"Passenger cars, by type of motor energy and size of engine",A,Annual,NR,Number,PET,Petrol,CC_LT1400,Less than 1 400 cm³,HR,Croatia,2021,,536100,,,,,
dataflow,ESTAT:ROAD_EQS_CARMOT$DEFAULTVIEW(1.0),"Passenger cars, by type of motor energy and size of engine",A,Annual,NR,Number,PET,Petrol,CC_LT1400,Less than 1 400 cm³,HR,Croatia,2022,,537552,,,,,
dataflow,ESTAT:ROAD_EQS_CARMOT$DEFAULTVIEW(1.0),"Passenger cars, by type of motor energy and size of engine",A,Annual,NR,Number,PET,Petrol,CC_LT1400,Less than 1 400 cm³,HR,Croatia,2023,,585816,,,,,
dataflow,ESTAT:ROAD_EQS_CARMOT$DEFAULTVIEW(1.0),"Passenger cars, by type of motor energy and size of engine",A,Annual,NR,Number,PET,Petrol,CC_LT1400,Less than 1 400 cm³,HR,Croatia,2024,,608703,,,,,
dataflow,ESTAT:ROAD_EQS_CARMOT$DEFAULTVIEW(1.0),"Passenger cars, by type of motor energy and size of engine",A,Annual,NR,Number,PET,Petrol,CC_LT1400,Less than 1 400 cm³,HU,Hungary,2015,,1548961,,,,,
dataflow,ESTAT:ROAD_EQS_CARMOT$DEFAULTVIEW(1.0),"Passenger cars, by type of motor energy and size of engine",A,Annual,NR,Number,PET,Petrol,CC_LT1400,Less than 1 400 cm³,HU,Hungary,2016,,1546214,,,,,
dataflow,ESTAT:ROAD_EQS_CARMOT$DEFAULTVIEW(1.0),"Passenger cars, by type of motor energy and size of engine",A,Annual,NR,Number,PET,Petrol,CC_LT1400,Less than 1 400 cm³,HU,Hungary,2017,,1566413,,,,,
dataflow,ESTAT:ROAD_EQS_CARMOT$DEFAULTVIEW(1.0),"Passenger cars, by type of motor energy and size of engine",A,Annual,NR,Number,PET,Petrol,CC_LT1400,Less than 1 400 cm³,HU,Hungary,2018,,1595559,,,,,
dataflow,ESTAT:ROAD_EQS_CARMOT$DEFAULTVIEW(1.0),"Passenger cars, by type of motor energy and size of engine",A,Annual,NR,Number,PET,Petrol,CC_LT1400,Less than 1 400 cm³,HU,Hungary,2019,,1634746,,,,,
dataflow,ESTAT:ROAD_EQS_CARMOT$DEFAULTVIEW(1.0),"Passenger cars, by type of motor energy and size of engine",A,Annual,NR,Number,PET,Petrol,CC_LT1400,Less than 1 400 cm³,HU,Hungary,2020,,1641541,,,,,
dataflow,ESTAT:ROAD_EQS_CARMOT$DEFAULTVIEW(1.0),"Passenger cars, by type of motor energy and size of engine",A,Annual,NR,Number,PET,Petrol,CC_LT1400,Less than 1 400 cm³,HU,Hungary,2021,,1642366,,,,,
dataflow,ESTAT:ROAD_EQS_CARMOT$DEFAULTVIEW(1.0),"Passenger cars, by type of motor energy and size of engine",A,Annual,NR,Number,PET,Petrol,CC_LT1400,Less than 1 400 cm³,HU,Hungary,2022,,1628495,,,,,
dataflow,ESTAT:ROAD_EQS_CARMOT$DEFAULTVIEW(1.0),"Passenger cars, by type of motor energy and size of engine",A,Annual,NR,Number,PET,Petrol,CC_LT1400,Less than 1 400 cm³,HU,Hungary,2023,,1616164,,,,,
dataflow,ESTAT:ROAD_EQS_CARMOT$DEFAULTVIEW(1.0),"Passenger cars, by type of motor energy and size of engine",A,Annual,NR,Number,PET,Petrol,CC_LT1400,Less than 1 400 cm³,HU,Hungary,2024,,1667502,,,,,
dataflow,ESTAT:ROAD_EQS_CARMOT$DEFAULTVIEW(1.0),"Passenger cars, by type of motor energy and size of engine",A,Annual,NR,Number,PET,Petrol,CC_LT1400,Less than 1 400 cm³,IE,Ireland,2015,,746240,,,,,
dataflow,ESTAT:ROAD_EQS_CARMOT$DEFAULTVIEW(1.0),"Passenger cars, by type of motor energy and size of engine",A,Annual,NR,Number,PET,Petrol,CC_LT1400,Less than 1 400 cm³,IE,Ireland,2016,,718560,,,,,
dataflow,ESTAT:ROAD_EQS_CARMOT$DEFAULTVIEW(1.0),"Passenger cars, by type of motor energy and size of engine",A,Annual,NR,Number,PET,Petrol,CC_LT1400,Less than 1 400 cm³,IE,Ireland,2017,,691280,,,,,
dataflow,ESTAT:ROAD_EQS_CARMOT$DEFAULTVIEW(1.0),"Passenger cars, by type of motor energy and size of engine",A,Annual,NR,Number,PET,Petrol,CC_LT1400,Less than 1 400 cm³,IE,Ireland,2018,,671340,,,,,
dataflow,ESTAT:ROAD_EQS_CARMOT$DEFAULTVIEW(1.0),"Passenger cars, by type of motor energy and size of engine",A,Annual,NR,Number,PET,Petrol,CC_LT1400,Less than 1 400 cm³,IE,Ireland,2019,,665210,,,,,
dataflow,ESTAT:ROAD_EQS_CARMOT$DEFAULTVIEW(1.0),"Passenger cars, by type of motor energy and size of engine",A,Annual,NR,Number,PET,Petrol,CC_LT1400,Less than 1 400 cm³,IE,Ireland,2020,,654450,,,,,
dataflow,ESTAT:ROAD_EQS_CARMOT$DEFAULTVIEW(1.0),"Passenger cars, by type of motor energy and size of engine",A,Annual,NR,Number,PET,Petrol,CC_LT1400,Less than 1 400 cm³,IE,Ireland,2021,,648740,,,,,
dataflow,ESTAT:ROAD_EQS_CARMOT$DEFAULTVIEW(1.0),"Passenger cars, by type of motor energy and size of engine",A,Annual,NR,Number,PET,Petrol,CC_LT1400,Less than 1 400 cm³,IE,Ireland,2022,,656720,,,,,
dataflow,ESTAT:ROAD_EQS_CARMOT$DEFAULTVIEW(1.0),"Passenger cars, by type of motor energy and size of engine",A,Annual,NR,Number,PET,Petrol,CC_LT1400,Less than 1 400 cm³,IE,Ireland,2023,,675020,,,,,
dataflow,ESTAT:ROAD_EQS_CARMOT$DEFAULTVIEW(1.0),"Passenger cars, by type of motor energy and size of engine",A,Annual,NR,Number,PET,Petrol,CC_LT1400,Less than 1 400 cm³,IT,Italy,2015,,8416932,,,,,
dataflow,ESTAT:ROAD_EQS_CARMOT$DEFAULTVIEW(1.0),"Passenger cars, by type of motor energy and size of engine",A,Annual,NR,Number,PET,Petrol,CC_LT1400,Less than 1 400 cm³,IT,Italy,2016,,8312496,,,,,
dataflow,ESTAT:ROAD_EQS_CARMOT$DEFAULTVIEW(1.0),"Passenger cars, by type of motor energy and size of engine",A,Annual,NR,Number,PET,Petrol,CC_LT1400,Less than 1 400 cm³,IT,Italy,2017,,8241738,,,,,
dataflow,ESTAT:ROAD_EQS_CARMOT$DEFAULTVIEW(1.0),"Passenger cars, by type of motor energy and size of engine",A,Annual,NR,Number,PET,Petrol,CC_LT1400,Less than 1 400 cm³,IT,Italy,2018,,8239377,,,,,
dataflow,ESTAT:ROAD_EQS_CARMOT$DEFAULTVIEW(1.0),"Passenger cars, by type of motor energy and size of engine",A,Annual,NR,Number,PET,Petrol,CC_LT1400,Less than 1 400 cm³,IT,Italy,2019,,8368462,,,,,
dataflow,ESTAT:ROAD_EQS_CARMOT$DEFAULTVIEW(1.0),"Passenger cars, by type of motor energy and size of engine",A,Annual,NR,Number,PET,Petrol,CC_LT1400,Less than 1 400 cm³,IT,Italy,2020,,8397611,,,,,
dataflow,ESTAT:ROAD_EQS_CARMOT$DEFAULTVIEW(1.0),"Passenger cars, by type of motor energy and size of engine",A,Annual,NR,Number,PET,Petrol,CC_LT1400,Less than 1 400 cm³,IT,Italy,2021,,8411488,,,,,
dataflow,ESTAT:ROAD_EQS_CARMOT$DEFAULTVIEW(1.0),"Passenger cars, by type of motor energy and size of engine",A,Annual,NR,Number,PET,Petrol,CC_LT1400,Less than 1 400 cm³,IT,Italy,2022,,1025942,,,,,
dataflow,ESTAT:ROAD_EQS_CARMOT$DEFAULTVIEW(1.0),"Passenger cars, by type of motor energy and size of engine",A,Annual,NR,Number,PET,Petrol,CC_LT1400,Less than 1 400 cm³,IT,Italy,2023,,9421945,,,,,
dataflow,ESTAT:ROAD_EQS_CARMOT$DEFAULTVIEW(1.0),"Passenger cars, by type of motor energy and size of engine",A,Annual,NR,Number,PET,Petrol,CC_LT1400,Less than 1 400 cm³,IT,Italy,2024,,9814133,,,,,
dataflow,ESTAT:ROAD_EQS_CARMOT$DEFAULTVIEW(1.0),"Passenger cars, by type of motor energy and size of engine",A,Annual,NR,Number,PET,Petrol,CC_LT1400,Less than 1 400 cm³,LI,Liechtenstein,2015,,5794,,,,,
dataflow,ESTAT:ROAD_EQS_CARMOT$DEFAULTVIEW(1.0),"Passenger cars, by type of motor energy and size of engine",A,Annual,NR,Number,PET,Petrol,CC_LT1400,Less than 1 400 cm³,LI,Liechtenstein,2016,,5938,,,,,
dataflow,ESTAT:ROAD_EQS_CARMOT$DEFAULTVIEW(1.0),"Passenger cars, by type of motor energy and size of engine",A,Annual,NR,Number,PET,Petrol,CC_LT1400,Less than 1 400 cm³,LI,Liechtenstein,2017,,6218,,,,,
dataflow,ESTAT:ROAD_EQS_CARMOT$DEFAULTVIEW(1.0),"Passenger cars, by type of motor energy and size of engine",A,Annual,NR,Number,PET,Petrol,CC_LT1400,Less than 1 400 cm³,LI,Liechtenstein,2018,,6495,,,,,
dataflow,ESTAT:ROAD_EQS_CARMOT$DEFAULTVIEW(1.0),"Passenger cars, by type of motor energy and size of engine",A,Annual,NR,Number,PET,Petrol,CC_LT1400,Less than 1 400 cm³,LI,Liechtenstein,2019,,6674,,,,,
dataflow,ESTAT:ROAD_EQS_CARMOT$DEFAULTVIEW(1.0),"Passenger cars, by type of motor energy and size of engine",A,Annual,NR,Number,PET,Petrol,CC_LT1400,Less than 1 400 cm³,LI,Liechtenstein,2020,,6786,,,,,
dataflow,ESTAT:ROAD_EQS_CARMOT$DEFAULTVIEW(1.0),"Passenger cars, by type of motor energy and size of engine",A,Annual,NR,Number,PET,Petrol,CC_LT1400,Less than 1 400 cm³,LI,Liechtenstein,2021,,6761,,,,,
dataflow,ESTAT:ROAD_EQS_CARMOT$DEFAULTVIEW(1.0),"Passenger cars, by type of motor energy and size of engine",A,Annual,NR,Number,PET,Petrol,CC_LT1400,Less than 1 400 cm³,LI,Liechtenstein,2022,,6798,,,,,
dataflow,ESTAT:ROAD_EQS_CARMOT$DEFAULTVIEW(1.0),"Passenger cars, by type of motor energy and size of engine",A,Annual,NR,Number,PET,Petrol,CC_LT1400,Less than 1 400 cm³,LI,Liechtenstein,2023,,6866,,,,,
dataflow,ESTAT:ROAD_EQS_CARMOT$DEFAULTVIEW(1.0),"Passenger cars, by type of motor energy and size of engine",A,Annual,NR,Number,PET,Petrol,CC_LT1400,Less than 1 400 cm³,LI,Liechtenstein,2024,,6916,,,,,
dataflow,ESTAT:ROAD_EQS_CARMOT$DEFAULTVIEW(1.0),"Passenger cars, by type of motor energy and size of engine",A,Annual,NR,Number,PET,Petrol,CC_LT1400,Less than 1 400 cm³,LT,Lithuania,2022,,111083,,,,,
dataflow,ESTAT:ROAD_EQS_CARMOT$DEFAULTVIEW(1.0),"Passenger cars, by type of motor energy and size of engine",A,Annual,NR,Number,PET,Petrol,CC_LT1400,Less than 1 400 cm³,LT,Lithuania,2023,,117198,,,,,
dataflow,ESTAT:ROAD_EQS_CARMOT$DEFAULTVIEW(1.0),"Passenger cars, by type of motor energy and size of engine",A,Annual,NR,Number,PET,Petrol,CC_LT1400,Less than 1 400 cm³,LT,Lithuania,2024,,121301,,,,,
dataflow,ESTAT:ROAD_EQS_CARMOT$DEFAULTVIEW(1.0),"Passenger cars, by type of motor energy and size of engine",A,Annual,NR,Number,PET,Petrol,CC_LT1400,Less than 1 400 cm³,LU,Luxembourg,2017,,65316,,,,,
dataflow,ESTAT:ROAD_EQS_CARMOT$DEFAULTVIEW(1.0),"Passenger cars, by type of motor energy and size of engine",A,Annual,NR,Number,PET,Petrol,CC_LT1400,Less than 1 400 cm³,LU,Luxembourg,2018,,72155,,,,,
dataflow,ESTAT:ROAD_EQS_CARMOT$DEFAULTVIEW(1.0),"Passenger cars, by type of motor energy and size of engine",A,Annual,NR,Number,PET,Petrol,CC_LT1400,Less than 1 400 cm³,LU,Luxembourg,2019,,78530,,,,,
dataflow,ESTAT:ROAD_EQS_CARMOT$DEFAULTVIEW(1.0),"Passenger cars, by type of motor energy and size of engine",A,Annual,NR,Number,PET,Petrol,CC_LT1400,Less than 1 400 cm³,LU,Luxembourg,2020,,82358,,,,,
dataflow,ESTAT:ROAD_EQS_CARMOT$DEFAULTVIEW(1.0),"Passenger cars, by type of motor energy and size of engine",A,Annual,NR,Number,PET,Petrol,CC_LT1400,Less than 1 400 cm³,LU,Luxembourg,2021,,86575,,,,,
dataflow,ESTAT:ROAD_EQS_CARMOT$DEFAULTVIEW(1.0),"Passenger cars, by type of motor energy and size of engine",A,Annual,NR,Number,PET,Petrol,CC_LT1400,Less than 1 400 cm³,LU,Luxembourg,2022,,89327,,i,value imputed by Eurostat or other receiving agencies,,
dataflow,ESTAT:ROAD_EQS_CARMOT$DEFAULTVIEW(1.0),"Passenger cars, by type of motor energy and size of engine",A,Annual,NR,Number,PET,Petrol,CC_LT1400,Less than 1 400 cm³,LU,Luxembourg,2023,,92427,,,,,
dataflow,ESTAT:ROAD_EQS_CARMOT$DEFAULTVIEW(1.0),"Passenger cars, by type of motor energy and size of engine",A,Annual,NR,Number,PET,Petrol,CC_LT1400,Less than 1 400 cm³,LU,Luxembourg,2024,,94387,,,,,
dataflow,ESTAT:ROAD_EQS_CARMOT$DEFAULTVIEW(1.0),"Passenger cars, by type of motor energy and size of engine",A,Annual,NR,Number,PET,Petrol,CC_LT1400,Less than 1 400 cm³,LV,Latvia,2015,,64470,,,,,
dataflow,ESTAT:ROAD_EQS_CARMOT$DEFAULTVIEW(1.0),"Passenger cars, by type of motor energy and size of engine",A,Annual,NR,Number,PET,Petrol,CC_LT1400,Less than 1 400 cm³,LV,Latvia,2016,,58329,,,,,
dataflow,ESTAT:ROAD_EQS_CARMOT$DEFAULTVIEW(1.0),"Passenger cars, by type of motor energy and size of engine",A,Annual,NR,Number,PET,Petrol,CC_LT1400,Less than 1 400 cm³,LV,Latvia,2017,,57232,,,,,
dataflow,ESTAT:ROAD_EQS_CARMOT$DEFAULTVIEW(1.0),"Passenger cars, by type of motor energy and size of engine",A,Annual,NR,Number,PET,Petrol,CC_LT1400,Less than 1 400 cm³,LV,Latvia,2018,,57021,,,,,
dataflow,ESTAT:ROAD_EQS_CARMOT$DEFAULTVIEW(1.0),"Passenger cars, by type of motor energy and size of engine",A,Annual,NR,Number,PET,Petrol,CC_LT1400,Less than 1 400 cm³,LV,Latvia,2019,,56903,,,,,
dataflow,ESTAT:ROAD_EQS_CARMOT$DEFAULTVIEW(1.0),"Passenger cars, by type of motor energy and size of engine",A,Annual,NR,Number,PET,Petrol,CC_LT1400,Less than 1 400 cm³,LV,Latvia,2020,,56930,,,,,
dataflow,ESTAT:ROAD_EQS_CARMOT$DEFAULTVIEW(1.0),"Passenger cars, by type of motor energy and size of engine",A,Annual,NR,Number,PET,Petrol,CC_LT1400,Less than 1 400 cm³,LV,Latvia,2021,,58092,,,,,
dataflow,ESTAT:ROAD_EQS_CARMOT$DEFAULTVIEW(1.0),"Passenger cars, by type of motor energy and size of engine",A,Annual,NR,Number,PET,Petrol,CC_LT1400,Less than 1 400 cm³,LV,Latvia,2022,,59692,,,,,
dataflow,ESTAT:ROAD_EQS_CARMOT$DEFAULTVIEW(1.0),"Passenger cars, by type of motor energy and size of engine",A,Annual,NR,Number,PET,Petrol,CC_LT1400,Less than 1 400 cm³,LV,Latvia,2023,,60727,,,,,
dataflow,ESTAT:ROAD_EQS_CARMOT$DEFAULTVIEW(1.0),"Passenger cars, by type of motor energy and size of engine",A,Annual,NR,Number,PET,Petrol,CC_LT1400,Less than 1 400 cm³,LV,Latvia,2024,,61691,,,,,
dataflow,ESTAT:ROAD_EQS_CARMOT$DEFAULTVIEW(1.0),"Passenger cars, by type of motor energy and size of engine",A,Annual,NR,Number,PET,Petrol,CC_LT1400,Less than 1 400 cm³,MD,Moldova,2015,,119532,,,,,
dataflow,ESTAT:ROAD_EQS_CARMOT$DEFAULTVIEW(1.0),"Passenger cars, by type of motor energy and size of engine",A,Annual,NR,Number,PET,Petrol,CC_LT1400,Less than 1 400 cm³,MD,Moldova,2016,,127379,,,,,
dataflow,ESTAT:ROAD_EQS_CARMOT$DEFAULTVIEW(1.0),"Passenger cars, by type of motor energy and size of engine",A,Annual,NR,Number,PET,Petrol,CC_LT1400,Less than 1 400 cm³,MD,Moldova,2017,,131813,,,,,
dataflow,ESTAT:ROAD_EQS_CARMOT$DEFAULTVIEW(1.0),"Passenger cars, by type of motor energy and size of engine",A,Annual,NR,Number,PET,Petrol,CC_LT1400,Less than 1 400 cm³,MD,Moldova,2018,,136017,,,,,
dataflow,ESTAT:ROAD_EQS_CARMOT$DEFAULTVIEW(1.0),"Passenger cars, by type of motor energy and size of engine",A,Annual,NR,Number,PET,Petrol,CC_LT1400,Less than 1 400 cm³,MD,Moldova,2019,,139786,,,,,
dataflow,ESTAT:ROAD_EQS_CARMOT$DEFAULTVIEW(1.0),"Passenger cars, by type of motor energy and size of engine",A,Annual,NR,Number,PET,Petrol,CC_LT1400,Less than 1 400 cm³,MD,Moldova,2020,,142932,,,,,
dataflow,ESTAT:ROAD_EQS_CARMOT$DEFAULTVIEW(1.0),"Passenger cars, by type of motor energy and size of engine",A,Annual,NR,Number,PET,Petrol,CC_LT1400,Less than 1 400 cm³,MD,Moldova,2021,,146368,,,,,
dataflow,ESTAT:ROAD_EQS_CARMOT$DEFAULTVIEW(1.0),"Passenger cars, by type of motor energy and size of engine",A,Annual,NR,Number,PET,Petrol,CC_LT1400,Less than 1 400 cm³,MD,Moldova,2022,,148626,,,,,
dataflow,ESTAT:ROAD_EQS_CARMOT$DEFAULTVIEW(1.0),"Passenger cars, by type of motor energy and size of engine",A,Annual,NR,Number,PET,Petrol,CC_LT1400,Less than 1 400 cm³,MD,Moldova,2023,,151897,,,,,
dataflow,ESTAT:ROAD_EQS_CARMOT$DEFAULTVIEW(1.0),"Passenger cars, by type of motor energy and size of engine",A,Annual,NR,Number,PET,Petrol,CC_LT1400,Less than 1 400 cm³,MD,Moldova,2024,,156258,,,,,
dataflow,ESTAT:ROAD_EQS_CARMOT$DEFAULTVIEW(1.0),"Passenger cars, by type of motor energy and size of engine",A,Annual,NR,Number,PET,Petrol,CC_LT1400,Less than 1 400 cm³,ME,Montenegro,2016,,34716,,,,,
dataflow,ESTAT:ROAD_EQS_CARMOT$DEFAULTVIEW(1.0),"Passenger cars, by type of motor energy and size of engine",A,Annual,NR,Number,PET,Petrol,CC_LT1400,Less than 1 400 cm³,ME,Montenegro,2017,,33343,,,,,
dataflow,ESTAT:ROAD_EQS_CARMOT$DEFAULTVIEW(1.0),"Passenger cars, by type of motor energy and size of engine",A,Annual,NR,Number,PET,Petrol,CC_LT1400,Less than 1 400 cm³,ME,Montenegro,2018,,33163,,,,,
dataflow,ESTAT:ROAD_EQS_CARMOT$DEFAULTVIEW(1.0),"Passenger cars, by type of motor energy and size of engine",A,Annual,NR,Number,PET,Petrol,CC_LT1400,Less than 1 400 cm³,ME,Montenegro,2019,,33015,,,,,
dataflow,ESTAT:ROAD_EQS_CARMOT$DEFAULTVIEW(1.0),"Passenger cars, by type of motor energy and size of engine",A,Annual,NR,Number,PET,Petrol,CC_LT1400,Less than 1 400 cm³,ME,Montenegro,2020,,29394,,,,,
dataflow,ESTAT:ROAD_EQS_CARMOT$DEFAULTVIEW(1.0),"Passenger cars, by type of motor energy and size of engine",A,Annual,NR,Number,PET,Petrol,CC_LT1400,Less than 1 400 cm³,ME,Montenegro,2024,,29853,,,,,
dataflow,ESTAT:ROAD_EQS_CARMOT$DEFAULTVIEW(1.0),"Passenger cars, by type of motor energy and size of engine",A,Annual,NR,Number,PET,Petrol,CC_LT1400,Less than 1 400 cm³,MT,Malta,2015,,153478,,,,,
dataflow,ESTAT:ROAD_EQS_CARMOT$DEFAULTVIEW(1.0),"Passenger cars, by type of motor energy and size of engine",A,Annual,NR,Number,PET,Petrol,CC_LT1400,Less than 1 400 cm³,MT,Malta,2016,,157817,,,,,
dataflow,ESTAT:ROAD_EQS_CARMOT$DEFAULTVIEW(1.0),"Passenger cars, by type of motor energy and size of engine",A,Annual,NR,Number,PET,Petrol,CC_LT1400,Less than 1 400 cm³,MT,Malta,2017,,162236,,,,,
dataflow,ESTAT:ROAD_EQS_CARMOT$DEFAULTVIEW(1.0),"Passenger cars, by type of motor energy and size of engine",A,Annual,NR,Number,PET,Petrol,CC_LT1400,Less than 1 400 cm³,MT,Malta,2018,,166859,,,,,
dataflow,ESTAT:ROAD_EQS_CARMOT$DEFAULTVIEW(1.0),"Passenger cars, by type of motor energy and size of engine",A,Annual,NR,Number,PET,Petrol,CC_LT1400,Less than 1 400 cm³,MT,Malta,2019,,170567,,,,,
dataflow,ESTAT:ROAD_EQS_CARMOT$DEFAULTVIEW(1.0),"Passenger cars, by type of motor energy and size of engine",A,Annual,NR,Number,PET,Petrol,CC_LT1400,Less than 1 400 cm³,MT,Malta,2020,,171003,,,,,
dataflow,ESTAT:ROAD_EQS_CARMOT$DEFAULTVIEW(1.0),"Passenger cars, by type of motor energy and size of engine",A,Annual,NR,Number,PET,Petrol,CC_LT1400,Less than 1 400 cm³,MT,Malta,2021,,174638,,,,,
dataflow,ESTAT:ROAD_EQS_CARMOT$DEFAULTVIEW(1.0),"Passenger cars, by type of motor energy and size of engine",A,Annual,NR,Number,PET,Petrol,CC_LT1400,Less than 1 400 cm³,MT,Malta,2022,,176572,,,,,
dataflow,ESTAT:ROAD_EQS_CARMOT$DEFAULTVIEW(1.0),"Passenger cars, by type of motor energy and size of engine",A,Annual,NR,Number,PET,Petrol,CC_LT1400,Less than 1 400 cm³,MT,Malta,2023,,179432,,,,,
dataflow,ESTAT:ROAD_EQS_CARMOT$DEFAULTVIEW(1.0),"Passenger cars, by type of motor energy and size of engine",A,Annual,NR,Number,PET,Petrol,CC_LT1400,Less than 1 400 cm³,MT,Malta,2024,,182039,,,,,
dataflow,ESTAT:ROAD_EQS_CARMOT$DEFAULTVIEW(1.0),"Passenger cars, by type of motor energy and size of engine",A,Annual,NR,Number,PET,Petrol,CC_LT1400,Less than 1 400 cm³,NL,Netherlands,2015,,3689303,,,,,
dataflow,ESTAT:ROAD_EQS_CARMOT$DEFAULTVIEW(1.0),"Passenger cars, by type of motor energy and size of engine",A,Annual,NR,Number,PET,Petrol,CC_LT1400,Less than 1 400 cm³,NL,Netherlands,2016,,3839307,,,,,
dataflow,ESTAT:ROAD_EQS_CARMOT$DEFAULTVIEW(1.0),"Passenger cars, by type of motor energy and size of engine",A,Annual,NR,Number,PET,Petrol,CC_LT1400,Less than 1 400 cm³,NL,Netherlands,2017,,4012960,,,,,
dataflow,ESTAT:ROAD_EQS_CARMOT$DEFAULTVIEW(1.0),"Passenger cars, by type of motor energy and size of engine",A,Annual,NR,Number,PET,Petrol,CC_LT1400,Less than 1 400 cm³,NL,Netherlands,2018,,4157304,,,,,
dataflow,ESTAT:ROAD_EQS_CARMOT$DEFAULTVIEW(1.0),"Passenger cars, by type of motor energy and size of engine",A,Annual,NR,Number,PET,Petrol,CC_LT1400,Less than 1 400 cm³,NL,Netherlands,2019,,4314164,,,,,
dataflow,ESTAT:ROAD_EQS_CARMOT$DEFAULTVIEW(1.0),"Passenger cars, by type of motor energy and size of engine",A,Annual,NR,Number,PET,Petrol,CC_LT1400,Less than 1 400 cm³,NL,Netherlands,2020,,4428439,,,,,
dataflow,ESTAT:ROAD_EQS_CARMOT$DEFAULTVIEW(1.0),"Passenger cars, by type of motor energy and size of engine",A,Annual,NR,Number,PET,Petrol,CC_LT1400,Less than 1 400 cm³,NL,Netherlands,2021,,4542397,,,,,
dataflow,ESTAT:ROAD_EQS_CARMOT$DEFAULTVIEW(1.0),"Passenger cars, by type of motor energy and size of engine",A,Annual,NR,Number,PET,Petrol,CC_LT1400,Less than 1 400 cm³,NL,Netherlands,2022,,4612901,,,,,
dataflow,ESTAT:ROAD_EQS_CARMOT$DEFAULTVIEW(1.0),"Passenger cars, by type of motor energy and size of engine",A,Annual,NR,Number,PET,Petrol,CC_LT1400,Less than 1 400 cm³,NL,Netherlands,2023,,4678691,,,,,
dataflow,ESTAT:ROAD_EQS_CARMOT$DEFAULTVIEW(1.0),"Passenger cars, by type of motor energy and size of engine",A,Annual,NR,Number,PET,Petrol,CC_LT1400,Less than 1 400 cm³,NL,Netherlands,2024,,4733644,,,,,
dataflow,ESTAT:ROAD_EQS_CARMOT$DEFAULTVIEW(1.0),"Passenger cars, by type of motor energy and size of engine",A,Annual,NR,Number,PET,Petrol,CC_LT1400,Less than 1 400 cm³,NO,Norway,2016,,410996,,,,,
dataflow,ESTAT:ROAD_EQS_CARMOT$DEFAULTVIEW(1.0),"Passenger cars, by type of motor energy and size of engine",A,Annual,NR,Number,PET,Petrol,CC_LT1400,Less than 1 400 cm³,NO,Norway,2017,,418900,,,,,
dataflow,ESTAT:ROAD_EQS_CARMOT$DEFAULTVIEW(1.0),"Passenger cars, by type of motor energy and size of engine",A,Annual,NR,Number,PET,Petrol,CC_LT1400,Less than 1 400 cm³,NO,Norway,2018,,419235,,,,,
dataflow,ESTAT:ROAD_EQS_CARMOT$DEFAULTVIEW(1.0),"Passenger cars, by type of motor energy and size of engine",A,Annual,NR,Number,PET,Petrol,CC_LT1400,Less than 1 400 cm³,NO,Norway,2019,,416620,,,,,
dataflow,ESTAT:ROAD_EQS_CARMOT$DEFAULTVIEW(1.0),"Passenger cars, by type of motor energy and size of engine",A,Annual,NR,Number,PET,Petrol,CC_LT1400,Less than 1 400 cm³,NO,Norway,2020,,405362,,,,,
dataflow,ESTAT:ROAD_EQS_CARMOT$DEFAULTVIEW(1.0),"Passenger cars, by type of motor energy and size of engine",A,Annual,NR,Number,PET,Petrol,CC_LT1400,Less than 1 400 cm³,NO,Norway,2021,,394034,,,,,
dataflow,ESTAT:ROAD_EQS_CARMOT$DEFAULTVIEW(1.0),"Passenger cars, by type of motor energy and size of engine",A,Annual,NR,Number,PET,Petrol,CC_LT1400,Less than 1 400 cm³,NO,Norway,2022,,371170,,,,,
dataflow,ESTAT:ROAD_EQS_CARMOT$DEFAULTVIEW(1.0),"Passenger cars, by type of motor energy and size of engine",A,Annual,NR,Number,PET,Petrol,CC_LT1400,Less than 1 400 cm³,NO,Norway,2023,,347283,,,,,
dataflow,ESTAT:ROAD_EQS_CARMOT$DEFAULTVIEW(1.0),"Passenger cars, by type of motor energy and size of engine",A,Annual,NR,Number,PET,Petrol,CC_LT1400,Less than 1 400 cm³,NO,Norway,2024,,331349,,,,,
dataflow,ESTAT:ROAD_EQS_CARMOT$DEFAULTVIEW(1.0),"Passenger cars, by type of motor energy and size of engine",A,Annual,NR,Number,PET,Petrol,CC_LT1400,Less than 1 400 cm³,PT,Portugal,2015,,1847448,,,,,
dataflow,ESTAT:ROAD_EQS_CARMOT$DEFAULTVIEW(1.0),"Passenger cars, by type of motor energy and size of engine",A,Annual,NR,Number,PET,Petrol,CC_LT1400,Less than 1 400 cm³,PT,Portugal,2016,,1830789,,,,,
dataflow,ESTAT:ROAD_EQS_CARMOT$DEFAULTVIEW(1.0),"Passenger cars, by type of motor energy and size of engine",A,Annual,NR,Number,PET,Petrol,CC_LT1400,Less than 1 400 cm³,PT,Portugal,2017,,1845268,,,,,
dataflow,ESTAT:ROAD_EQS_CARMOT$DEFAULTVIEW(1.0),"Passenger cars, by type of motor energy and size of engine",A,Annual,NR,Number,PET,Petrol,CC_LT1400,Less than 1 400 cm³,PT,Portugal,2018,,1891859,,,,,
dataflow,ESTAT:ROAD_EQS_CARMOT$DEFAULTVIEW(1.0),"Passenger cars, by type of motor energy and size of engine",A,Annual,NR,Number,PET,Petrol,CC_LT1400,Less than 1 400 cm³,PT,Portugal,2019,,1985350,,,,,
dataflow,ESTAT:ROAD_EQS_CARMOT$DEFAULTVIEW(1.0),"Passenger cars, by type of motor energy and size of engine",A,Annual,NR,Number,PET,Petrol,CC_LT1400,Less than 1 400 cm³,PT,Portugal,2020,,1926166,,,,,
dataflow,ESTAT:ROAD_EQS_CARMOT$DEFAULTVIEW(1.0),"Passenger cars, by type of motor energy and size of engine",A,Annual,NR,Number,PET,Petrol,CC_LT1400,Less than 1 400 cm³,PT,Portugal,2021,,1917294,,,,,
dataflow,ESTAT:ROAD_EQS_CARMOT$DEFAULTVIEW(1.0),"Passenger cars, by type of motor energy and size of engine",A,Annual,NR,Number,PET,Petrol,CC_LT1400,Less than 1 400 cm³,PT,Portugal,2022,,1946680,,,,,
dataflow,ESTAT:ROAD_EQS_CARMOT$DEFAULTVIEW(1.0),"Passenger cars, by type of motor energy and size of engine",A,Annual,NR,Number,PET,Petrol,CC_LT1400,Less than 1 400 cm³,PT,Portugal,2023,,1951311,,,,,
dataflow,ESTAT:ROAD_EQS_CARMOT$DEFAULTVIEW(1.0),"Passenger cars, by type of motor energy and size of engine",A,Annual,NR,Number,PET,Petrol,CC_LT1400,Less than 1 400 cm³,PT,Portugal,2024,,2040222,,,,,
dataflow,ESTAT:ROAD_EQS_CARMOT$DEFAULTVIEW(1.0),"Passenger cars, by type of motor energy and size of engine",A,Annual,NR,Number,PET,Petrol,CC_LT1400,Less than 1 400 cm³,RO,Romania,2015,,2148316,,,,,
dataflow,ESTAT:ROAD_EQS_CARMOT$DEFAULTVIEW(1.0),"Passenger cars, by type of motor energy and size of engine",A,Annual,NR,Number,PET,Petrol,CC_LT1400,Less than 1 400 cm³,RO,Romania,2016,,2184143,,,,,
dataflow,ESTAT:ROAD_EQS_CARMOT$DEFAULTVIEW(1.0),"Passenger cars, by type of motor energy and size of engine",A,Annual,NR,Number,PET,Petrol,CC_LT1400,Less than 1 400 cm³,RO,Romania,2017,,2218927,,,,,
dataflow,ESTAT:ROAD_EQS_CARMOT$DEFAULTVIEW(1.0),"Passenger cars, by type of motor energy and size of engine",A,Annual,NR,Number,PET,Petrol,CC_LT1400,Less than 1 400 cm³,RO,Romania,2018,,2238762,,,,,
dataflow,ESTAT:ROAD_EQS_CARMOT$DEFAULTVIEW(1.0),"Passenger cars, by type of motor energy and size of engine",A,Annual,NR,Number,PET,Petrol,CC_LT1400,Less than 1 400 cm³,RO,Romania,2019,,2290050,,,,,
dataflow,ESTAT:ROAD_EQS_CARMOT$DEFAULTVIEW(1.0),"Passenger cars, by type of motor energy and size of engine",A,Annual,NR,Number,PET,Petrol,CC_LT1400,Less than 1 400 cm³,RO,Romania,2020,,2321561,,,,,
dataflow,ESTAT:ROAD_EQS_CARMOT$DEFAULTVIEW(1.0),"Passenger cars, by type of motor energy and size of engine",A,Annual,NR,Number,PET,Petrol,CC_LT1400,Less than 1 400 cm³,RO,Romania,2021,,2332169,,,,,
dataflow,ESTAT:ROAD_EQS_CARMOT$DEFAULTVIEW(1.0),"Passenger cars, by type of motor energy and size of engine",A,Annual,NR,Number,PET,Petrol,CC_LT1400,Less than 1 400 cm³,RO,Romania,2022,,2340222,,,,,
dataflow,ESTAT:ROAD_EQS_CARMOT$DEFAULTVIEW(1.0),"Passenger cars, by type of motor energy and size of engine",A,Annual,NR,Number,PET,Petrol,CC_LT1400,Less than 1 400 cm³,RO,Romania,2023,,2345960,,,,,
dataflow,ESTAT:ROAD_EQS_CARMOT$DEFAULTVIEW(1.0),"Passenger cars, by type of motor energy and size of engine",A,Annual,NR,Number,PET,Petrol,CC_LT1400,Less than 1 400 cm³,RO,Romania,2024,,2388339,,,,,
dataflow,ESTAT:ROAD_EQS_CARMOT$DEFAULTVIEW(1.0),"Passenger cars, by type of motor energy and size of engine",A,Annual,NR,Number,PET,Petrol,CC_LT1400,Less than 1 400 cm³,RS,Serbia,2019,,552542,,,,,
dataflow,ESTAT:ROAD_EQS_CARMOT$DEFAULTVIEW(1.0),"Passenger cars, by type of motor energy and size of engine",A,Annual,NR,Number,PET,Petrol,CC_LT1400,Less than 1 400 cm³,RS,Serbia,2020,,563957,,,,,
dataflow,ESTAT:ROAD_EQS_CARMOT$DEFAULTVIEW(1.0),"Passenger cars, by type of motor energy and size of engine",A,Annual,NR,Number,PET,Petrol,CC_LT1400,Less than 1 400 cm³,RS,Serbia,2021,,575658,,,,,
dataflow,ESTAT:ROAD_EQS_CARMOT$DEFAULTVIEW(1.0),"Passenger cars, by type of motor energy and size of engine",A,Annual,NR,Number,PET,Petrol,CC_LT1400,Less than 1 400 cm³,RS,Serbia,2022,,601246,,,,,
dataflow,ESTAT:ROAD_EQS_CARMOT$DEFAULTVIEW(1.0),"Passenger cars, by type of motor energy and size of engine",A,Annual,NR,Number,PET,Petrol,CC_LT1400,Less than 1 400 cm³,RS,Serbia,2023,,609630,,,,,
dataflow,ESTAT:ROAD_EQS_CARMOT$DEFAULTVIEW(1.0),"Passenger cars, by type of motor energy and size of engine",A,Annual,NR,Number,PET,Petrol,CC_LT1400,Less than 1 400 cm³,RS,Serbia,2024,,629059,,,,,
dataflow,ESTAT:ROAD_EQS_CARMOT$DEFAULTVIEW(1.0),"Passenger cars, by type of motor energy and size of engine",A,Annual,NR,Number,PET,Petrol,CC_LT1400,Less than 1 400 cm³,SE,Sweden,2015,,1768715,,,,,
dataflow,ESTAT:ROAD_EQS_CARMOT$DEFAULTVIEW(1.0),"Passenger cars, by type of motor energy and size of engine",A,Annual,NR,Number,PET,Petrol,CC_LT1400,Less than 1 400 cm³,SE,Sweden,2016,,1701389,,,,,
dataflow,ESTAT:ROAD_EQS_CARMOT$DEFAULTVIEW(1.0),"Passenger cars, by type of motor energy and size of engine",A,Annual,NR,Number,PET,Petrol,CC_LT1400,Less than 1 400 cm³,SE,Sweden,2017,,1644052,,,,,
dataflow,ESTAT:ROAD_EQS_CARMOT$DEFAULTVIEW(1.0),"Passenger cars, by type of motor energy and size of engine",A,Annual,NR,Number,PET,Petrol,CC_LT1400,Less than 1 400 cm³,SE,Sweden,2018,,1583227,,,,,
dataflow,ESTAT:ROAD_EQS_CARMOT$DEFAULTVIEW(1.0),"Passenger cars, by type of motor energy and size of engine",A,Annual,NR,Number,PET,Petrol,CC_LT1400,Less than 1 400 cm³,SE,Sweden,2019,,1533595,,,,,
dataflow,ESTAT:ROAD_EQS_CARMOT$DEFAULTVIEW(1.0),"Passenger cars, by type of motor energy and size of engine",A,Annual,NR,Number,PET,Petrol,CC_LT1400,Less than 1 400 cm³,SE,Sweden,2020,,1513671,,,,,
dataflow,ESTAT:ROAD_EQS_CARMOT$DEFAULTVIEW(1.0),"Passenger cars, by type of motor energy and size of engine",A,Annual,NR,Number,PET,Petrol,CC_LT1400,Less than 1 400 cm³,SE,Sweden,2021,,1481312,,,,,
dataflow,ESTAT:ROAD_EQS_CARMOT$DEFAULTVIEW(1.0),"Passenger cars, by type of motor energy and size of engine",A,Annual,NR,Number,PET,Petrol,CC_LT1400,Less than 1 400 cm³,SE,Sweden,2022,,1435311,,,,,
dataflow,ESTAT:ROAD_EQS_CARMOT$DEFAULTVIEW(1.0),"Passenger cars, by type of motor energy and size of engine",A,Annual,NR,Number,PET,Petrol,CC_LT1400,Less than 1 400 cm³,SE,Sweden,2023,,1402586,,,,,
dataflow,ESTAT:ROAD_EQS_CARMOT$DEFAULTVIEW(1.0),"Passenger cars, by type of motor energy and size of engine",A,Annual,NR,Number,PET,Petrol,CC_LT1400,Less than 1 400 cm³,SE,Sweden,2024,,1372081,,,,,
dataflow,ESTAT:ROAD_EQS_CARMOT$DEFAULTVIEW(1.0),"Passenger cars, by type of motor energy and size of engine",A,Annual,NR,Number,PET,Petrol,CC_LT1400,Less than 1 400 cm³,SI,Slovenia,2015,,381079,,,,,
dataflow,ESTAT:ROAD_EQS_CARMOT$DEFAULTVIEW(1.0),"Passenger cars, by type of motor energy and size of engine",A,Annual,NR,Number,PET,Petrol,CC_LT1400,Less than 1 400 cm³,SI,Slovenia,2016,,380221,,,,,
dataflow,ESTAT:ROAD_EQS_CARMOT$DEFAULTVIEW(1.0),"Passenger cars, by type of motor energy and size of engine",A,Annual,NR,Number,PET,Petrol,CC_LT1400,Less than 1 400 cm³,SI,Slovenia,2017,,380701,,,,,
dataflow,ESTAT:ROAD_EQS_CARMOT$DEFAULTVIEW(1.0),"Passenger cars, by type of motor energy and size of engine",A,Annual,NR,Number,PET,Petrol,CC_LT1400,Less than 1 400 cm³,SI,Slovenia,2018,,383978,,,,,
dataflow,ESTAT:ROAD_EQS_CARMOT$DEFAULTVIEW(1.0),"Passenger cars, by type of motor energy and size of engine",A,Annual,NR,Number,PET,Petrol,CC_LT1400,Less than 1 400 cm³,SI,Slovenia,2019,,387110,,,,,
dataflow,ESTAT:ROAD_EQS_CARMOT$DEFAULTVIEW(1.0),"Passenger cars, by type of motor energy and size of engine",A,Annual,NR,Number,PET,Petrol,CC_LT1400,Less than 1 400 cm³,SI,Slovenia,2020,,384178,,,,,
dataflow,ESTAT:ROAD_EQS_CARMOT$DEFAULTVIEW(1.0),"Passenger cars, by type of motor energy and size of engine",A,Annual,NR,Number,PET,Petrol,CC_LT1400,Less than 1 400 cm³,SI,Slovenia,2021,,383479,,,,,
dataflow,ESTAT:ROAD_EQS_CARMOT$DEFAULTVIEW(1.0),"Passenger cars, by type of motor energy and size of engine",A,Annual,NR,Number,PET,Petrol,CC_LT1400,Less than 1 400 cm³,SI,Slovenia,2022,,384975,,,,,
dataflow,ESTAT:ROAD_EQS_CARMOT$DEFAULTVIEW(1.0),"Passenger cars, by type of motor energy and size of engine",A,Annual,NR,Number,PET,Petrol,CC_LT1400,Less than 1 400 cm³,SI,Slovenia,2023,,392981,,b,break in time series,,
dataflow,ESTAT:ROAD_EQS_CARMOT$DEFAULTVIEW(1.0),"Passenger cars, by type of motor energy and size of engine",A,Annual,NR,Number,PET,Petrol,CC_LT1400,Less than 1 400 cm³,SI,Slovenia,2024,,398017,,,,,
dataflow,ESTAT:ROAD_EQS_CARMOT$DEFAULTVIEW(1.0),"Passenger cars, by type of motor energy and size of engine",A,Annual,NR,Number,PET,Petrol,CC_LT1400,Less than 1 400 cm³,TR,Türkiye,2015,,1626227,,,,,
dataflow,ESTAT:ROAD_EQS_CARMOT$DEFAULTVIEW(1.0),"Passenger cars, by type of motor energy and size of engine",A,Annual,NR,Number,PET,Petrol,CC_LT1400,Less than 1 400 cm³,TR,Türkiye,2016,,1728527,,,,,
dataflow,ESTAT:ROAD_EQS_CARMOT$DEFAULTVIEW(1.0),"Passenger cars, by type of motor energy and size of engine",A,Annual,NR,Number,PET,Petrol,CC_LT1400,Less than 1 400 cm³,TR,Türkiye,2017,,1808164,,,,,
dataflow,ESTAT:ROAD_EQS_CARMOT$DEFAULTVIEW(1.0),"Passenger cars, by type of motor energy and size of engine",A,Annual,NR,Number,PET,Petrol,CC_LT1400,Less than 1 400 cm³,TR,Türkiye,2018,,840105,,,,,
dataflow,ESTAT:ROAD_EQS_CARMOT$DEFAULTVIEW(1.0),"Passenger cars, by type of motor energy and size of engine",A,Annual,NR,Number,PET,Petrol,CC_LT1400,Less than 1 400 cm³,TR,Türkiye,2019,,832271,,,,,
dataflow,ESTAT:ROAD_EQS_CARMOT$DEFAULTVIEW(1.0),"Passenger cars, by type of motor energy and size of engine",A,Annual,NR,Number,PET,Petrol,CC_LT1400,Less than 1 400 cm³,TR,Türkiye,2020,,1782252,,,,,
dataflow,ESTAT:ROAD_EQS_CARMOT$DEFAULTVIEW(1.0),"Passenger cars, by type of motor energy and size of engine",A,Annual,NR,Number,PET,Petrol,CC_LT1400,Less than 1 400 cm³,TR,Türkiye,2021,,2020037,,,,,
dataflow,ESTAT:ROAD_EQS_CARMOT$DEFAULTVIEW(1.0),"Passenger cars, by type of motor energy and size of engine",A,Annual,NR,Number,PET,Petrol,CC_LT1400,Less than 1 400 cm³,TR,Türkiye,2022,,2271520,,,,,
dataflow,ESTAT:ROAD_EQS_CARMOT$DEFAULTVIEW(1.0),"Passenger cars, by type of motor energy and size of engine",A,Annual,NR,Number,PET,Petrol,CC_LT1400,Less than 1 400 cm³,TR,Türkiye,2023,,2682129,,,,,
dataflow,ESTAT:ROAD_EQS_CARMOT$DEFAULTVIEW(1.0),"Passenger cars, by type of motor energy and size of engine",A,Annual,NR,Number,PET,Petrol,CC_LT1400,Less than 1 400 cm³,TR,Türkiye,2024,,3105227,,,,,
dataflow,ESTAT:ROAD_EQS_CARMOT$DEFAULTVIEW(1.0),"Passenger cars, by type of motor energy and size of engine",A,Annual,NR,Number,PET,Petrol,CC_LT1400,Less than 1 400 cm³,UK,United Kingdom,2015,,9846230,,,,,
dataflow,ESTAT:ROAD_EQS_CARMOT$DEFAULTVIEW(1.0),"Passenger cars, by type of motor energy and size of engine",A,Annual,NR,Number,PET,Petrol,CC_LT1400,Less than 1 400 cm³,UK,United Kingdom,2016,,10140786,,,,,
dataflow,ESTAT:ROAD_EQS_CARMOT$DEFAULTVIEW(1.0),"Passenger cars, by type of motor energy and size of engine",A,Annual,NR,Number,PET,Petrol,CC_LT1400,Less than 1 400 cm³,UK,United Kingdom,2017,,10414295,,,,,
dataflow,ESTAT:ROAD_EQS_CARMOT$DEFAULTVIEW(1.0),"Passenger cars, by type of motor energy and size of engine",A,Annual,NR,Number,PET,Petrol,CC_LT1400,Less than 1 400 cm³,UK,United Kingdom,2018,,10721969,,,,,
dataflow,ESTAT:ROAD_EQS_CARMOT$DEFAULTVIEW(1.0),"Passenger cars, by type of motor energy and size of engine",A,Annual,NR,Number,PET,Petrol,CC_LT1400,Less than 1 400 cm³,UK,United Kingdom,2021,,10721974,,,,,
dataflow,ESTAT:ROAD_EQS_CARMOT$DEFAULTVIEW(1.0),"Passenger cars, by type of motor energy and size of engine",A,Annual,NR,Number,PET,Petrol,CC_LT1400,Less than 1 400 cm³,UK,United Kingdom,2022,,11393852,,,,,
dataflow,ESTAT:ROAD_EQS_CARMOT$DEFAULTVIEW(1.0),"Passenger cars, by type of motor energy and size of engine",A,Annual,NR,Number,PET,Petrol,CC_LT1400,Less than 1 400 cm³,UK,United Kingdom,2023,,11621825,,,,,
dataflow,ESTAT:ROAD_EQS_CARMOT$DEFAULTVIEW(1.0),"Passenger cars, by type of motor energy and size of engine",A,Annual,NR,Number,PET,Petrol,CC_LT1400,Less than 1 400 cm³,UK,United Kingdom,2024,,11761313,,,,,
dataflow,ESTAT:ROAD_EQS_CARMOT$DEFAULTVIEW(1.0),"Passenger cars, by type of motor energy and size of engine",A,Annual,NR,Number,PET,Petrol,CC_LT1400,Less than 1 400 cm³,XK,Kosovo*,2019,,27379,,,,,
dataflow,ESTAT:ROAD_EQS_CARMOT$DEFAULTVIEW(1.0),"Passenger cars, by type of motor energy and size of engine",A,Annual,NR,Number,PET,Petrol,CC_LT1400,Less than 1 400 cm³,XK,Kosovo*,2021,,26996,,,,,
dataflow,ESTAT:ROAD_EQS_CARMOT$DEFAULTVIEW(1.0),"Passenger cars, by type of motor energy and size of engine",A,Annual,NR,Number,PET,Petrol,TOTAL,Total,AL,Albania,2015,,103607,,,,,
dataflow,ESTAT:ROAD_EQS_CARMOT$DEFAULTVIEW(1.0),"Passenger cars, by type of motor energy and size of engine",A,Annual,NR,Number,PET,Petrol,TOTAL,Total,AL,Albania,2016,,104016,,,,,
dataflow,ESTAT:ROAD_EQS_CARMOT$DEFAULTVIEW(1.0),"Passenger cars, by type of motor energy and size of engine",A,Annual,NR,Number,PET,Petrol,TOTAL,Total,AL,Albania,2017,,95112,,,,,
dataflow,ESTAT:ROAD_EQS_CARMOT$DEFAULTVIEW(1.0),"Passenger cars, by type of motor energy and size of engine",A,Annual,NR,Number,PET,Petrol,TOTAL,Total,AL,Albania,2018,,95793,,,,,
dataflow,ESTAT:ROAD_EQS_CARMOT$DEFAULTVIEW(1.0),"Passenger cars, by type of motor energy and size of engine",A,Annual,NR,Number,PET,Petrol,TOTAL,Total,AL,Albania,2019,,97330,,,,,
dataflow,ESTAT:ROAD_EQS_CARMOT$DEFAULTVIEW(1.0),"Passenger cars, by type of motor energy and size of engine",A,Annual,NR,Number,PET,Petrol,TOTAL,Total,AL,Albania,2020,,141954,,,,,
dataflow,ESTAT:ROAD_EQS_CARMOT$DEFAULTVIEW(1.0),"Passenger cars, by type of motor energy and size of engine",A,Annual,NR,Number,PET,Petrol,TOTAL,Total,AL,Albania,2021,,103396,,,,,
dataflow,ESTAT:ROAD_EQS_CARMOT$DEFAULTVIEW(1.0),"Passenger cars, by type of motor energy and size of engine",A,Annual,NR,Number,PET,Petrol,TOTAL,Total,AL,Albania,2022,,108481,,,,,
dataflow,ESTAT:ROAD_EQS_CARMOT$DEFAULTVIEW(1.0),"Passenger cars, by type of motor energy and size of engine",A,Annual,NR,Number,PET,Petrol,TOTAL,Total,AL,Albania,2023,,116510,,,,,
dataflow,ESTAT:ROAD_EQS_CARMOT$DEFAULTVIEW(1.0),"Passenger cars, by type of motor energy and size of engine",A,Annual,NR,Number,PET,Petrol,TOTAL,Total,AL,Albania,2024,,128262,,,,,
dataflow,ESTAT:ROAD_EQS_CARMOT$DEFAULTVIEW(1.0),"Passenger cars, by type of motor energy and size of engine",A,Annual,NR,Number,PET,Petrol,TOTAL,Total,AT,Austria,2015,,2033924,,,,,
dataflow,ESTAT:ROAD_EQS_CARMOT$DEFAULTVIEW(1.0),"Passenger cars, by type of motor energy and size of engine",A,Annual,NR,Number,PET,Petrol,TOTAL,Total,AT,Austria,2016,,2056715,,,,,
dataflow,ESTAT:ROAD_EQS_CARMOT$DEFAULTVIEW(1.0),"Passenger cars, by type of motor energy and size of engine",A,Annual,NR,Number,PET,Petrol,TOTAL,Total,AT,Austria,2017,,2106473,,,,,
dataflow,ESTAT:ROAD_EQS_CARMOT$DEFAULTVIEW(1.0),"Passenger cars, by type of motor energy and size of engine",A,Annual,NR,Number,PET,Petrol,TOTAL,Total,AT,Austria,2018,,2173325,,,,,
dataflow,ESTAT:ROAD_EQS_CARMOT$DEFAULTVIEW(1.0),"Passenger cars, by type of motor energy and size of engine",A,Annual,NR,Number,PET,Petrol,TOTAL,Total,AT,Austria,2019,,2224880,,,,,
dataflow,ESTAT:ROAD_EQS_CARMOT$DEFAULTVIEW(1.0),"Passenger cars, by type of motor energy and size of engine",A,Annual,NR,Number,PET,Petrol,TOTAL,Total,AT,Austria,2020,,2264561,,,,,
dataflow,ESTAT:ROAD_EQS_CARMOT$DEFAULTVIEW(1.0),"Passenger cars, by type of motor energy and size of engine",A,Annual,NR,Number,PET,Petrol,TOTAL,Total,AT,Austria,2021,,2305984,,,,,
dataflow,ESTAT:ROAD_EQS_CARMOT$DEFAULTVIEW(1.0),"Passenger cars, by type of motor energy and size of engine",A,Annual,NR,Number,PET,Petrol,TOTAL,Total,AT,Austria,2022,,2342409,,,,,
dataflow,ESTAT:ROAD_EQS_CARMOT$DEFAULTVIEW(1.0),"Passenger cars, by type of motor energy and size of engine",A,Annual,NR,Number,PET,Petrol,TOTAL,Total,AT,Austria,2023,,2383807,,,,,
dataflow,ESTAT:ROAD_EQS_CARMOT$DEFAULTVIEW(1.0),"Passenger cars, by type of motor energy and size of engine",A,Annual,NR,Number,PET,Petrol,TOTAL,Total,AT,Austria,2024,,2444088,,,,,
dataflow,ESTAT:ROAD_EQS_CARMOT$DEFAULTVIEW(1.0),"Passenger cars, by type of motor energy and size of engine",A,Annual,NR,Number,PET,Petrol,TOTAL,Total,BA,Bosnia and Herzegovina,2015,,266434,,,,,
dataflow,ESTAT:ROAD_EQS_CARMOT$DEFAULTVIEW(1.0),"Passenger cars, by type of motor energy and size of engine",A,Annual,NR,Number,PET,Petrol,TOTAL,Total,BA,Bosnia and Herzegovina,2016,,259769,,,,,
dataflow,ESTAT:ROAD_EQS_CARMOT$DEFAULTVIEW(1.0),"Passenger cars, by type of motor energy and size of engine",A,Annual,NR,Number,PET,Petrol,TOTAL,Total,BA,Bosnia and Herzegovina,2017,,233296,,,,,
dataflow,ESTAT:ROAD_EQS_CARMOT$DEFAULTVIEW(1.0),"Passenger cars, by type of motor energy and size of engine",A,Annual,NR,Number,PET,Petrol,TOTAL,Total,BA,Bosnia and Herzegovina,2018,,228988,,,,,
dataflow,ESTAT:ROAD_EQS_CARMOT$DEFAULTVIEW(1.0),"Passenger cars, by type of motor energy and size of engine",A,Annual,NR,Number,PET,Petrol,TOTAL,Total,BA,Bosnia and Herzegovina,2019,,219942,,,,,
dataflow,ESTAT:ROAD_EQS_CARMOT$DEFAULTVIEW(1.0),"Passenger cars, by type of motor energy and size of engine",A,Annual,NR,Number,PET,Petrol,TOTAL,Total,BA,Bosnia and Herzegovina,2020,,207917,,,,,
dataflow,ESTAT:ROAD_EQS_CARMOT$DEFAULTVIEW(1.0),"Passenger cars, by type of motor energy and size of engine",A,Annual,NR,Number,PET,Petrol,TOTAL,Total,BA,Bosnia and Herzegovina,2021,,208920,,,,,
dataflow,ESTAT:ROAD_EQS_CARMOT$DEFAULTVIEW(1.0),"Passenger cars, by type of motor energy and size of engine",A,Annual,NR,Number,PET,Petrol,TOTAL,Total,BA,Bosnia and Herzegovina,2022,,206855,,,,,
dataflow,ESTAT:ROAD_EQS_CARMOT$DEFAULTVIEW(1.0),"Passenger cars, by type of motor energy and size of engine",A,Annual,NR,Number,PET,Petrol,TOTAL,Total,BA,Bosnia and Herzegovina,2023,,208007,,,,,
dataflow,ESTAT:ROAD_EQS_CARMOT$DEFAULTVIEW(1.0),"Passenger cars, by type of motor energy and size of engine",A,Annual,NR,Number,PET,Petrol,TOTAL,Total,BA,Bosnia and Herzegovina,2024,,210572,,,,,
dataflow,ESTAT:ROAD_EQS_CARMOT$DEFAULTVIEW(1.0),"Passenger cars, by type of motor energy and size of engine",A,Annual,NR,Number,PET,Petrol,TOTAL,Total,BE,Belgium,2015,,2152234,,,,,
dataflow,ESTAT:ROAD_EQS_CARMOT$DEFAULTVIEW(1.0),"Passenger cars, by type of motor energy and size of engine",A,Annual,NR,Number,PET,Petrol,TOTAL,Total,BE,Belgium,2016,,2286470,,,,,
dataflow,ESTAT:ROAD_EQS_CARMOT$DEFAULTVIEW(1.0),"Passenger cars, by type of motor energy and size of engine",A,Annual,NR,Number,PET,Petrol,TOTAL,Total,BE,Belgium,2017,,2449847,,,,,
dataflow,ESTAT:ROAD_EQS_CARMOT$DEFAULTVIEW(1.0),"Passenger cars, by type of motor energy and size of engine",A,Annual,NR,Number,PET,Petrol,TOTAL,Total,BE,Belgium,2018,,2667135,,,,,
dataflow,ESTAT:ROAD_EQS_CARMOT$DEFAULTVIEW(1.0),"Passenger cars, by type of motor energy and size of engine",A,Annual,NR,Number,PET,Petrol,TOTAL,Total,BE,Belgium,2019,,2883121,,,,,
dataflow,ESTAT:ROAD_EQS_CARMOT$DEFAULTVIEW(1.0),"Passenger cars, by type of motor energy and size of engine",A,Annual,NR,Number,PET,Petrol,TOTAL,Total,BE,Belgium,2020,,3045554,,,,,
dataflow,ESTAT:ROAD_EQS_CARMOT$DEFAULTVIEW(1.0),"Passenger cars, by type of motor energy and size of engine",A,Annual,NR,Number,PET,Petrol,TOTAL,Total,BE,Belgium,2021,,3230766,,,,,
dataflow,ESTAT:ROAD_EQS_CARMOT$DEFAULTVIEW(1.0),"Passenger cars, by type of motor energy and size of engine",A,Annual,NR,Number,PET,Petrol,TOTAL,Total,BE,Belgium,2022,,3411593,,,,,
dataflow,ESTAT:ROAD_EQS_CARMOT$DEFAULTVIEW(1.0),"Passenger cars, by type of motor energy and size of engine",A,Annual,NR,Number,PET,Petrol,TOTAL,Total,BE,Belgium,2023,,3642339,,i,value imputed by Eurostat or other receiving agencies,,
dataflow,ESTAT:ROAD_EQS_CARMOT$DEFAULTVIEW(1.0),"Passenger cars, by type of motor energy and size of engine",A,Annual,NR,Number,PET,Petrol,TOTAL,Total,BE,Belgium,2024,,3814082,,i,value imputed by Eurostat or other receiving agencies,,
dataflow,ESTAT:ROAD_EQS_CARMOT$DEFAULTVIEW(1.0),"Passenger cars, by type of motor energy and size of engine",A,Annual,NR,Number,PET,Petrol,TOTAL,Total,BG,Bulgaria,2016,,1674119,,i,value imputed by Eurostat or other receiving agencies,,
dataflow,ESTAT:ROAD_EQS_CARMOT$DEFAULTVIEW(1.0),"Passenger cars, by type of motor energy and size of engine",A,Annual,NR,Number,PET,Petrol,TOTAL,Total,BG,Bulgaria,2017,,1399723,,i,value imputed by Eurostat or other receiving agencies,,
dataflow,ESTAT:ROAD_EQS_CARMOT$DEFAULTVIEW(1.0),"Passenger cars, by type of motor energy and size of engine",A,Annual,NR,Number,PET,Petrol,TOTAL,Total,BG,Bulgaria,2018,,1345174,,,,,
dataflow,ESTAT:ROAD_EQS_CARMOT$DEFAULTVIEW(1.0),"Passenger cars, by type of motor energy and size of engine",A,Annual,NR,Number,PET,Petrol,TOTAL,Total,BG,Bulgaria,2019,,1320397,,i,value imputed by Eurostat or other receiving agencies,,
dataflow,ESTAT:ROAD_EQS_CARMOT$DEFAULTVIEW(1.0),"Passenger cars, by type of motor energy and size of engine",A,Annual,NR,Number,PET,Petrol,TOTAL,Total,BG,Bulgaria,2020,,1180829,,i,value imputed by Eurostat or other receiving agencies,,
dataflow,ESTAT:ROAD_EQS_CARMOT$DEFAULTVIEW(1.0),"Passenger cars, by type of motor energy and size of engine",A,Annual,NR,Number,PET,Petrol,TOTAL,Total,BG,Bulgaria,2021,,1100508,,i,value imputed by Eurostat or other receiving agencies,,
dataflow,ESTAT:ROAD_EQS_CARMOT$DEFAULTVIEW(1.0),"Passenger cars, by type of motor energy and size of engine",A,Annual,NR,Number,PET,Petrol,TOTAL,Total,BG,Bulgaria,2022,,1092156,,i,value imputed by Eurostat or other receiving agencies,,
dataflow,ESTAT:ROAD_EQS_CARMOT$DEFAULTVIEW(1.0),"Passenger cars, by type of motor energy and size of engine",A,Annual,NR,Number,PET,Petrol,TOTAL,Total,BG,Bulgaria,2023,,1111175,,i,value imputed by Eurostat or other receiving agencies,,
dataflow,ESTAT:ROAD_EQS_CARMOT$DEFAULTVIEW(1.0),"Passenger cars, by type of motor energy and size of engine",A,Annual,NR,Number,PET,Petrol,TOTAL,Total,BG,Bulgaria,2024,,1138681,,i,value imputed by Eurostat or other receiving agencies,,
dataflow,ESTAT:ROAD_EQS_CARMOT$DEFAULTVIEW(1.0),"Passenger cars, by type of motor energy and size of engine",A,Annual,NR,Number,PET,Petrol,TOTAL,Total,CH,Switzerland,2015,,3227484,,,,,
dataflow,ESTAT:ROAD_EQS_CARMOT$DEFAULTVIEW(1.0),"Passenger cars, by type of motor energy and size of engine",A,Annual,NR,Number,PET,Petrol,TOTAL,Total,CH,Switzerland,2016,,3211655,,,,,
dataflow,ESTAT:ROAD_EQS_CARMOT$DEFAULTVIEW(1.0),"Passenger cars, by type of motor energy and size of engine",A,Annual,NR,Number,PET,Petrol,TOTAL,Total,CH,Switzerland,2017,,3198623,,,,,
dataflow,ESTAT:ROAD_EQS_CARMOT$DEFAULTVIEW(1.0),"Passenger cars, by type of motor energy and size of engine",A,Annual,NR,Number,PET,Petrol,TOTAL,Total,CH,Switzerland,2018,,3197861,,,,,
dataflow,ESTAT:ROAD_EQS_CARMOT$DEFAULTVIEW(1.0),"Passenger cars, by type of motor energy and size of engine",A,Annual,NR,Number,PET,Petrol,TOTAL,Total,CH,Switzerland,2019,,3198688,,,,,
dataflow,ESTAT:ROAD_EQS_CARMOT$DEFAULTVIEW(1.0),"Passenger cars, by type of motor energy and size of engine",A,Annual,NR,Number,PET,Petrol,TOTAL,Total,CH,Switzerland,2020,,3217192,,,,,
dataflow,ESTAT:ROAD_EQS_CARMOT$DEFAULTVIEW(1.0),"Passenger cars, by type of motor energy and size of engine",A,Annual,NR,Number,PET,Petrol,TOTAL,Total,CH,Switzerland,2021,,3247021,,,,,
dataflow,ESTAT:ROAD_EQS_CARMOT$DEFAULTVIEW(1.0),"Passenger cars, by type of motor energy and size of engine",A,Annual,NR,Number,PET,Petrol,TOTAL,Total,CH,Switzerland,2022,,3250912,,,,,
dataflow,ESTAT:ROAD_EQS_CARMOT$DEFAULTVIEW(1.0),"Passenger cars, by type of motor energy and size of engine",A,Annual,NR,Number,PET,Petrol,TOTAL,Total,CH,Switzerland,2023,,3279806,,,,,
dataflow,ESTAT:ROAD_EQS_CARMOT$DEFAULTVIEW(1.0),"Passenger cars, by type of motor energy and size of engine",A,Annual,NR,Number,PET,Petrol,TOTAL,Total,CH,Switzerland,2024,,3309257,,,,,
dataflow,ESTAT:ROAD_EQS_CARMOT$DEFAULTVIEW(1.0),"Passenger cars, by type of motor energy and size of engine",A,Annual,NR,Number,PET,Petrol,TOTAL,Total,CY,Cyprus,2015,,427077,,,,,
dataflow,ESTAT:ROAD_EQS_CARMOT$DEFAULTVIEW(1.0),"Passenger cars, by type of motor energy and size of engine",A,Annual,NR,Number,PET,Petrol,TOTAL,Total,CY,Cyprus,2016,,437807,,,,,
dataflow,ESTAT:ROAD_EQS_CARMOT$DEFAULTVIEW(1.0),"Passenger cars, by type of motor energy and size of engine",A,Annual,NR,Number,PET,Petrol,TOTAL,Total,CY,Cyprus,2017,,442623,,,,,
dataflow,ESTAT:ROAD_EQS_CARMOT$DEFAULTVIEW(1.0),"Passenger cars, by type of motor energy and size of engine",A,Annual,NR,Number,PET,Petrol,TOTAL,Total,CY,Cyprus,2018,,450682,,,,,
dataflow,ESTAT:ROAD_EQS_CARMOT$DEFAULTVIEW(1.0),"Passenger cars, by type of motor energy and size of engine",A,Annual,NR,Number,PET,Petrol,TOTAL,Total,CY,Cyprus,2019,,457482,,,,,
dataflow,ESTAT:ROAD_EQS_CARMOT$DEFAULTVIEW(1.0),"Passenger cars, by type of motor energy and size of engine",A,Annual,NR,Number,PET,Petrol,TOTAL,Total,CY,Cyprus,2020,,453727,,,,,
dataflow,ESTAT:ROAD_EQS_CARMOT$DEFAULTVIEW(1.0),"Passenger cars, by type of motor energy and size of engine",A,Annual,NR,Number,PET,Petrol,TOTAL,Total,CY,Cyprus,2021,,461558,,,,,
dataflow,ESTAT:ROAD_EQS_CARMOT$DEFAULTVIEW(1.0),"Passenger cars, by type of motor energy and size of engine",A,Annual,NR,Number,PET,Petrol,TOTAL,Total,CY,Cyprus,2022,,470153,,,,,
dataflow,ESTAT:ROAD_EQS_CARMOT$DEFAULTVIEW(1.0),"Passenger cars, by type of motor energy and size of engine",A,Annual,NR,Number,PET,Petrol,TOTAL,Total,CY,Cyprus,2023,,489680,,,,,
dataflow,ESTAT:ROAD_EQS_CARMOT$DEFAULTVIEW(1.0),"Passenger cars, by type of motor energy and size of engine",A,Annual,NR,Number,PET,Petrol,TOTAL,Total,CY,Cyprus,2024,,507587,,,,,
dataflow,ESTAT:ROAD_EQS_CARMOT$DEFAULTVIEW(1.0),"Passenger cars, by type of motor energy and size of engine",A,Annual,NR,Number,PET,Petrol,TOTAL,Total,CZ,Czechia,2015,,3292863,,,,,
dataflow,ESTAT:ROAD_EQS_CARMOT$DEFAULTVIEW(1.0),"Passenger cars, by type of motor energy and size of engine",A,Annual,NR,Number,PET,Petrol,TOTAL,Total,CZ,Czechia,2016,,3337837,,,,,
dataflow,ESTAT:ROAD_EQS_CARMOT$DEFAULTVIEW(1.0),"Passenger cars, by type of motor energy and size of engine",A,Annual,NR,Number,PET,Petrol,TOTAL,Total,CZ,Czechia,2017,,3422845,,,,,
dataflow,ESTAT:ROAD_EQS_CARMOT$DEFAULTVIEW(1.0),"Passenger cars, by type of motor energy and size of engine",A,Annual,NR,Number,PET,Petrol,TOTAL,Total,CZ,Czechia,2018,,3390776,,,,,
dataflow,ESTAT:ROAD_EQS_CARMOT$DEFAULTVIEW(1.0),"Passenger cars, by type of motor energy and size of engine",A,Annual,NR,Number,PET,Petrol,TOTAL,Total,CZ,Czechia,2019,,3475194,,,,,
dataflow,ESTAT:ROAD_EQS_CARMOT$DEFAULTVIEW(1.0),"Passenger cars, by type of motor energy and size of engine",A,Annual,NR,Number,PET,Petrol,TOTAL,Total,CZ,Czechia,2020,,3515604,,,,,
dataflow,ESTAT:ROAD_EQS_CARMOT$DEFAULTVIEW(1.0),"Passenger cars, by type of motor energy and size of engine",A,Annual,NR,Number,PET,Petrol,TOTAL,Total,CZ,Czechia,2021,,3523023,,,,,
dataflow,ESTAT:ROAD_EQS_CARMOT$DEFAULTVIEW(1.0),"Passenger cars, by type of motor energy and size of engine",A,Annual,NR,Number,PET,Petrol,TOTAL,Total,CZ,Czechia,2022,,3633447,,,,,
dataflow,ESTAT:ROAD_EQS_CARMOT$DEFAULTVIEW(1.0),"Passenger cars, by type of motor energy and size of engine",A,Annual,NR,Number,PET,Petrol,TOTAL,Total,CZ,Czechia,2023,,3747918,,,,,
dataflow,ESTAT:ROAD_EQS_CARMOT$DEFAULTVIEW(1.0),"Passenger cars, by type of motor energy and size of engine",A,Annual,NR,Number,PET,Petrol,TOTAL,Total,CZ,Czechia,2024,,3816058,,,,,
dataflow,ESTAT:ROAD_EQS_CARMOT$DEFAULTVIEW(1.0),"Passenger cars, by type of motor energy and size of engine",A,Annual,NR,Number,PET,Petrol,TOTAL,Total,DE,Germany,2015,,29825000,,,,,
dataflow,ESTAT:ROAD_EQS_CARMOT$DEFAULTVIEW(1.0),"Passenger cars, by type of motor energy and size of engine",A,Annual,NR,Number,PET,Petrol,TOTAL,Total,DE,Germany,2016,,29978635,,,,,
dataflow,ESTAT:ROAD_EQS_CARMOT$DEFAULTVIEW(1.0),"Passenger cars, by type of motor energy and size of engine",A,Annual,NR,Number,PET,Petrol,TOTAL,Total,DE,Germany,2017,,30675722,,,,,
dataflow,ESTAT:ROAD_EQS_CARMOT$DEFAULTVIEW(1.0),"Passenger cars, by type of motor energy and size of engine",A,Annual,NR,Number,PET,Petrol,TOTAL,Total,DE,Germany,2018,,31346020,,,,,
dataflow,ESTAT:ROAD_EQS_CARMOT$DEFAULTVIEW(1.0),"Passenger cars, by type of motor energy and size of engine",A,Annual,NR,Number,PET,Petrol,TOTAL,Total,DE,Germany,2019,,31913170,,,,,
dataflow,ESTAT:ROAD_EQS_CARMOT$DEFAULTVIEW(1.0),"Passenger cars, by type of motor energy and size of engine",A,Annual,NR,Number,PET,Petrol,TOTAL,Total,DE,Germany,2020,,32228937,,,,,
dataflow,ESTAT:ROAD_EQS_CARMOT$DEFAULTVIEW(1.0),"Passenger cars, by type of motor energy and size of engine",A,Annual,NR,Number,PET,Petrol,TOTAL,Total,DE,Germany,2021,,32318153,,,,,
dataflow,ESTAT:ROAD_EQS_CARMOT$DEFAULTVIEW(1.0),"Passenger cars, by type of motor energy and size of engine",A,Annual,NR,Number,PET,Petrol,TOTAL,Total,DE,Germany,2022,,32416652,,,,,
dataflow,ESTAT:ROAD_EQS_CARMOT$DEFAULTVIEW(1.0),"Passenger cars, by type of motor energy and size of engine",A,Annual,NR,Number,PET,Petrol,TOTAL,Total,DE,Germany,2023,,32516166,,,,,
dataflow,ESTAT:ROAD_EQS_CARMOT$DEFAULTVIEW(1.0),"Passenger cars, by type of motor energy and size of engine",A,Annual,NR,Number,PET,Petrol,TOTAL,Total,DE,Germany,2024,,32712008,,,,,
dataflow,ESTAT:ROAD_EQS_CARMOT$DEFAULTVIEW(1.0),"Passenger cars, by type of motor energy and size of engine",A,Annual,NR,Number,PET,Petrol,TOTAL,Total,DK,Denmark,2015,,1667139,,,,,
dataflow,ESTAT:ROAD_EQS_CARMOT$DEFAULTVIEW(1.0),"Passenger cars, by type of motor energy and size of engine",A,Annual,NR,Number,PET,Petrol,TOTAL,Total,DK,Denmark,2016,,1702608,,,,,
dataflow,ESTAT:ROAD_EQS_CARMOT$DEFAULTVIEW(1.0),"Passenger cars, by type of motor energy and size of engine",A,Annual,NR,Number,PET,Petrol,TOTAL,Total,DK,Denmark,2017,,1738186,,,,,
dataflow,ESTAT:ROAD_EQS_CARMOT$DEFAULTVIEW(1.0),"Passenger cars, by type of motor energy and size of engine",A,Annual,NR,Number,PET,Petrol,TOTAL,Total,DK,Denmark,2018,,1771651,,,,,
dataflow,ESTAT:ROAD_EQS_CARMOT$DEFAULTVIEW(1.0),"Passenger cars, by type of motor energy and size of engine",A,Annual,NR,Number,PET,Petrol,TOTAL,Total,DK,Denmark,2019,,1813647,,,,,
dataflow,ESTAT:ROAD_EQS_CARMOT$DEFAULTVIEW(1.0),"Passenger cars, by type of motor energy and size of engine",A,Annual,NR,Number,PET,Petrol,TOTAL,Total,DK,Denmark,2020,,1863389,,,,,
dataflow,ESTAT:ROAD_EQS_CARMOT$DEFAULTVIEW(1.0),"Passenger cars, by type of motor energy and size of engine",A,Annual,NR,Number,PET,Petrol,TOTAL,Total,DK,Denmark,2021,,1915884,,,,,
dataflow,ESTAT:ROAD_EQS_CARMOT$DEFAULTVIEW(1.0),"Passenger cars, by type of motor energy and size of engine",A,Annual,NR,Number,PET,Petrol,TOTAL,Total,DK,Denmark,2022,,1921891,,,,,
dataflow,ESTAT:ROAD_EQS_CARMOT$DEFAULTVIEW(1.0),"Passenger cars, by type of motor energy and size of engine",A,Annual,NR,Number,PET,Petrol,TOTAL,Total,DK,Denmark,2023,,1915245,,,,,
dataflow,ESTAT:ROAD_EQS_CARMOT$DEFAULTVIEW(1.0),"Passenger cars, by type of motor energy and size of engine",A,Annual,NR,Number,PET,Petrol,TOTAL,Total,DK,Denmark,2024,,1870536,,,,,
dataflow,ESTAT:ROAD_EQS_CARMOT$DEFAULTVIEW(1.0),"Passenger cars, by type of motor energy and size of engine",A,Annual,NR,Number,PET,Petrol,TOTAL,Total,EE,Estonia,2015,,434041,,,,,
dataflow,ESTAT:ROAD_EQS_CARMOT$DEFAULTVIEW(1.0),"Passenger cars, by type of motor energy and size of engine",A,Annual,NR,Number,PET,Petrol,TOTAL,Total,EE,Estonia,2016,,443083,,,,,
dataflow,ESTAT:ROAD_EQS_CARMOT$DEFAULTVIEW(1.0),"Passenger cars, by type of motor energy and size of engine",A,Annual,NR,Number,PET,Petrol,TOTAL,Total,EE,Estonia,2017,,449349,,,,,
dataflow,ESTAT:ROAD_EQS_CARMOT$DEFAULTVIEW(1.0),"Passenger cars, by type of motor energy and size of engine",A,Annual,NR,Number,PET,Petrol,TOTAL,Total,EE,Estonia,2018,,452958,,,,,
dataflow,ESTAT:ROAD_EQS_CARMOT$DEFAULTVIEW(1.0),"Passenger cars, by type of motor energy and size of engine",A,Annual,NR,Number,PET,Petrol,TOTAL,Total,EE,Estonia,2019,,477238,,,,,
dataflow,ESTAT:ROAD_EQS_CARMOT$DEFAULTVIEW(1.0),"Passenger cars, by type of motor energy and size of engine",A,Annual,NR,Number,PET,Petrol,TOTAL,Total,EE,Estonia,2020,,478144,,,,,
dataflow,ESTAT:ROAD_EQS_CARMOT$DEFAULTVIEW(1.0),"Passenger cars, by type of motor energy and size of engine",A,Annual,NR,Number,PET,Petrol,TOTAL,Total,EE,Estonia,2021,,480314,,,,,
dataflow,ESTAT:ROAD_EQS_CARMOT$DEFAULTVIEW(1.0),"Passenger cars, by type of motor energy and size of engine",A,Annual,NR,Number,PET,Petrol,TOTAL,Total,EE,Estonia,2022,,486088,,,,,
dataflow,ESTAT:ROAD_EQS_CARMOT$DEFAULTVIEW(1.0),"Passenger cars, by type of motor energy and size of engine",A,Annual,NR,Number,PET,Petrol,TOTAL,Total,EE,Estonia,2023,,490230,,,,,
dataflow,ESTAT:ROAD_EQS_CARMOT$DEFAULTVIEW(1.0),"Passenger cars, by type of motor energy and size of engine",A,Annual,NR,Number,PET,Petrol,TOTAL,Total,EE,Estonia,2024,,489660,,,,,
dataflow,ESTAT:ROAD_EQS_CARMOT$DEFAULTVIEW(1.0),"Passenger cars, by type of motor energy and size of engine",A,Annual,NR,Number,PET,Petrol,TOTAL,Total,ES,Spain,2015,,9696611,,,,,
dataflow,ESTAT:ROAD_EQS_CARMOT$DEFAULTVIEW(1.0),"Passenger cars, by type of motor energy and size of engine",A,Annual,NR,Number,PET,Petrol,TOTAL,Total,ES,Spain,2016,,9960748,,,,,
dataflow,ESTAT:ROAD_EQS_CARMOT$DEFAULTVIEW(1.0),"Passenger cars, by type of motor energy and size of engine",A,Annual,NR,Number,PET,Petrol,TOTAL,Total,ES,Spain,2017,,10233944,,,,,
dataflow,ESTAT:ROAD_EQS_CARMOT$DEFAULTVIEW(1.0),"Passenger cars, by type of motor energy and size of engine",A,Annual,NR,Number,PET,Petrol,TOTAL,Total,ES,Spain,2018,,10646295,,,,,
dataflow,ESTAT:ROAD_EQS_CARMOT$DEFAULTVIEW(1.0),"Passenger cars, by type of motor energy and size of engine",A,Annual,NR,Number,PET,Petrol,TOTAL,Total,ES,Spain,2019,,11079058,,,,,
dataflow,ESTAT:ROAD_EQS_CARMOT$DEFAULTVIEW(1.0),"Passenger cars, by type of motor energy and size of engine",A,Annual,NR,Number,PET,Petrol,TOTAL,Total,ES,Spain,2020,,11268897,,,,,
dataflow,ESTAT:ROAD_EQS_CARMOT$DEFAULTVIEW(1.0),"Passenger cars, by type of motor energy and size of engine",A,Annual,NR,Number,PET,Petrol,TOTAL,Total,ES,Spain,2021,,11562236,,,,,
dataflow,ESTAT:ROAD_EQS_CARMOT$DEFAULTVIEW(1.0),"Passenger cars, by type of motor energy and size of engine",A,Annual,NR,Number,PET,Petrol,TOTAL,Total,ES,Spain,2022,,11904738,,,,,
dataflow,ESTAT:ROAD_EQS_CARMOT$DEFAULTVIEW(1.0),"Passenger cars, by type of motor energy and size of engine",A,Annual,NR,Number,PET,Petrol,TOTAL,Total,ES,Spain,2023,,12102966,,,,,
dataflow,ESTAT:ROAD_EQS_CARMOT$DEFAULTVIEW(1.0),"Passenger cars, by type of motor energy and size of engine",A,Annual,NR,Number,PET,Petrol,TOTAL,Total,ES,Spain,2024,,12107210,,,,,
dataflow,ESTAT:ROAD_EQS_CARMOT$DEFAULTVIEW(1.0),"Passenger cars, by type of motor energy and size of engine",A,Annual,NR,Number,PET,Petrol,TOTAL,Total,FI,Finland,2015,,2445118,,,,,
dataflow,ESTAT:ROAD_EQS_CARMOT$DEFAULTVIEW(1.0),"Passenger cars, by type of motor energy and size of engine",A,Annual,NR,Number,PET,Petrol,TOTAL,Total,FI,Finland,2016,,2487771,,,,,
dataflow,ESTAT:ROAD_EQS_CARMOT$DEFAULTVIEW(1.0),"Passenger cars, by type of motor energy and size of engine",A,Annual,NR,Number,PET,Petrol,TOTAL,Total,FI,Finland,2017,,2522890,,,,,
dataflow,ESTAT:ROAD_EQS_CARMOT$DEFAULTVIEW(1.0),"Passenger cars, by type of motor energy and size of engine",A,Annual,NR,Number,PET,Petrol,TOTAL,Total,FI,Finland,2018,,2556426,,,,,
dataflow,ESTAT:ROAD_EQS_CARMOT$DEFAULTVIEW(1.0),"Passenger cars, by type of motor energy and size of engine",A,Annual,NR,Number,PET,Petrol,TOTAL,Total,FI,Finland,2019,,2603521,,,,,
dataflow,ESTAT:ROAD_EQS_CARMOT$DEFAULTVIEW(1.0),"Passenger cars, by type of motor energy and size of engine",A,Annual,NR,Number,PET,Petrol,TOTAL,Total,FI,Finland,2020,,2637745,,,,,
dataflow,ESTAT:ROAD_EQS_CARMOT$DEFAULTVIEW(1.0),"Passenger cars, by type of motor energy and size of engine",A,Annual,NR,Number,PET,Petrol,TOTAL,Total,FI,Finland,2021,,2653103,,,,,
dataflow,ESTAT:ROAD_EQS_CARMOT$DEFAULTVIEW(1.0),"Passenger cars, by type of motor energy and size of engine",A,Annual,NR,Number,PET,Petrol,TOTAL,Total,FI,Finland,2022,,2668131,,,,,
dataflow,ESTAT:ROAD_EQS_CARMOT$DEFAULTVIEW(1.0),"Passenger cars, by type of motor energy and size of engine",A,Annual,NR,Number,PET,Petrol,TOTAL,Total,FI,Finland,2023,,2686222,,,,,
dataflow,ESTAT:ROAD_EQS_CARMOT$DEFAULTVIEW(1.0),"Passenger cars, by type of motor energy and size of engine",A,Annual,NR,Number,PET,Petrol,TOTAL,Total,FI,Finland,2024,,2703162,,,,,
dataflow,ESTAT:ROAD_EQS_CARMOT$DEFAULTVIEW(1.0),"Passenger cars, by type of motor energy and size of engine",A,Annual,NR,Number,PET,Petrol,TOTAL,Total,FR,France,2015,,13162270,,,,,
dataflow,ESTAT:ROAD_EQS_CARMOT$DEFAULTVIEW(1.0),"Passenger cars, by type of motor energy and size of engine",A,Annual,NR,Number,PET,Petrol,TOTAL,Total,FR,France,2016,,13516599,,,,,
dataflow,ESTAT:ROAD_EQS_CARMOT$DEFAULTVIEW(1.0),"Passenger cars, by type of motor energy and size of engine",A,Annual,NR,Number,PET,Petrol,TOTAL,Total,FR,France,2017,,14033219,,,,,
dataflow,ESTAT:ROAD_EQS_CARMOT$DEFAULTVIEW(1.0),"Passenger cars, by type of motor energy and size of engine",A,Annual,NR,Number,PET,Petrol,TOTAL,Total,FR,France,2018,,14679924,,,,,
dataflow,ESTAT:ROAD_EQS_CARMOT$DEFAULTVIEW(1.0),"Passenger cars, by type of motor energy and size of engine",A,Annual,NR,Number,PET,Petrol,TOTAL,Total,FR,France,2019,,15413169,,,,,
dataflow,ESTAT:ROAD_EQS_CARMOT$DEFAULTVIEW(1.0),"Passenger cars, by type of motor energy and size of engine",A,Annual,NR,Number,PET,Petrol,TOTAL,Total,FR,France,2020,,15902590,,,,,
dataflow,ESTAT:ROAD_EQS_CARMOT$DEFAULTVIEW(1.0),"Passenger cars, by type of motor energy and size of engine",A,Annual,NR,Number,PET,Petrol,TOTAL,Total,FR,France,2021,,16595622,,,,,
dataflow,ESTAT:ROAD_EQS_CARMOT$DEFAULTVIEW(1.0),"Passenger cars, by type of motor energy and size of engine",A,Annual,NR,Number,PET,Petrol,TOTAL,Total,FR,France,2022,,17149898,,,,,
dataflow,ESTAT:ROAD_EQS_CARMOT$DEFAULTVIEW(1.0),"Passenger cars, by type of motor energy and size of engine",A,Annual,NR,Number,PET,Petrol,TOTAL,Total,FR,France,2023,,17854357,,,,,
dataflow,ESTAT:ROAD_EQS_CARMOT$DEFAULTVIEW(1.0),"Passenger cars, by type of motor energy and size of engine",A,Annual,NR,Number,PET,Petrol,TOTAL,Total,FR,France,2024,,18623070,,,,,
dataflow,ESTAT:ROAD_EQS_CARMOT$DEFAULTVIEW(1.0),"Passenger cars, by type of motor energy and size of engine",A,Annual,NR,Number,PET,Petrol,TOTAL,Total,GE,Georgia,2017,,428221,,,,,
dataflow,ESTAT:ROAD_EQS_CARMOT$DEFAULTVIEW(1.0),"Passenger cars, by type of motor energy and size of engine",A,Annual,NR,Number,PET,Petrol,TOTAL,Total,GE,Georgia,2018,,483724,,,,,
dataflow,ESTAT:ROAD_EQS_CARMOT$DEFAULTVIEW(1.0),"Passenger cars, by type of motor energy and size of engine",A,Annual,NR,Number,PET,Petrol,TOTAL,Total,GE,Georgia,2019,,521628,,,,,
dataflow,ESTAT:ROAD_EQS_CARMOT$DEFAULTVIEW(1.0),"Passenger cars, by type of motor energy and size of engine",A,Annual,NR,Number,PET,Petrol,TOTAL,Total,GE,Georgia,2020,,574906,,,,,
dataflow,ESTAT:ROAD_EQS_CARMOT$DEFAULTVIEW(1.0),"Passenger cars, by type of motor energy and size of engine",A,Annual,NR,Number,PET,Petrol,TOTAL,Total,GE,Georgia,2021,,689218,,,,,
dataflow,ESTAT:ROAD_EQS_CARMOT$DEFAULTVIEW(1.0),"Passenger cars, by type of motor energy and size of engine",A,Annual,NR,Number,PET,Petrol,TOTAL,Total,GE,Georgia,2022,,734399,,,,,
dataflow,ESTAT:ROAD_EQS_CARMOT$DEFAULTVIEW(1.0),"Passenger cars, by type of motor energy and size of engine",A,Annual,NR,Number,PET,Petrol,TOTAL,Total,GE,Georgia,2023,,812356,,,,,
dataflow,ESTAT:ROAD_EQS_CARMOT$DEFAULTVIEW(1.0),"Passenger cars, by type of motor energy and size of engine",A,Annual,NR,Number,PET,Petrol,TOTAL,Total,GE,Georgia,2024,,879530,,,,,
dataflow,ESTAT:ROAD_EQS_CARMOT$DEFAULTVIEW(1.0),"Passenger cars, by type of motor energy and size of engine",A,Annual,NR,Number,PET,Petrol,TOTAL,Total,HR,Croatia,2015,,793531,,,,,
dataflow,ESTAT:ROAD_EQS_CARMOT$DEFAULTVIEW(1.0),"Passenger cars, by type of motor energy and size of engine",A,Annual,NR,Number,PET,Petrol,TOTAL,Total,HR,Croatia,2016,,780226,,,,,
dataflow,ESTAT:ROAD_EQS_CARMOT$DEFAULTVIEW(1.0),"Passenger cars, by type of motor energy and size of engine",A,Annual,NR,Number,PET,Petrol,TOTAL,Total,HR,Croatia,2017,,765062,,,,,
dataflow,ESTAT:ROAD_EQS_CARMOT$DEFAULTVIEW(1.0),"Passenger cars, by type of motor energy and size of engine",A,Annual,NR,Number,PET,Petrol,TOTAL,Total,HR,Croatia,2018,,756203,,,,,
dataflow,ESTAT:ROAD_EQS_CARMOT$DEFAULTVIEW(1.0),"Passenger cars, by type of motor energy and size of engine",A,Annual,NR,Number,PET,Petrol,TOTAL,Total,HR,Croatia,2019,,743923,,,,,
dataflow,ESTAT:ROAD_EQS_CARMOT$DEFAULTVIEW(1.0),"Passenger cars, by type of motor energy and size of engine",A,Annual,NR,Number,PET,Petrol,TOTAL,Total,HR,Croatia,2020,,725077,,,,,
dataflow,ESTAT:ROAD_EQS_CARMOT$DEFAULTVIEW(1.0),"Passenger cars, by type of motor energy and size of engine",A,Annual,NR,Number,PET,Petrol,TOTAL,Total,HR,Croatia,2021,,720180,,,,,
dataflow,ESTAT:ROAD_EQS_CARMOT$DEFAULTVIEW(1.0),"Passenger cars, by type of motor energy and size of engine",A,Annual,NR,Number,PET,Petrol,TOTAL,Total,HR,Croatia,2022,,721802,,,,,
dataflow,ESTAT:ROAD_EQS_CARMOT$DEFAULTVIEW(1.0),"Passenger cars, by type of motor energy and size of engine",A,Annual,NR,Number,PET,Petrol,TOTAL,Total,HR,Croatia,2023,,774526,,,,,
dataflow,ESTAT:ROAD_EQS_CARMOT$DEFAULTVIEW(1.0),"Passenger cars, by type of motor energy and size of engine",A,Annual,NR,Number,PET,Petrol,TOTAL,Total,HR,Croatia,2024,,810143,,,,,
dataflow,ESTAT:ROAD_EQS_CARMOT$DEFAULTVIEW(1.0),"Passenger cars, by type of motor energy and size of engine",A,Annual,NR,Number,PET,Petrol,TOTAL,Total,HU,Hungary,2015,,2272447,,,,,
dataflow,ESTAT:ROAD_EQS_CARMOT$DEFAULTVIEW(1.0),"Passenger cars, by type of motor energy and size of engine",A,Annual,NR,Number,PET,Petrol,TOTAL,Total,HU,Hungary,2016,,2301168,,,,,
dataflow,ESTAT:ROAD_EQS_CARMOT$DEFAULTVIEW(1.0),"Passenger cars, by type of motor energy and size of engine",A,Annual,NR,Number,PET,Petrol,TOTAL,Total,HU,Hungary,2017,,2365797,,,,,
dataflow,ESTAT:ROAD_EQS_CARMOT$DEFAULTVIEW(1.0),"Passenger cars, by type of motor energy and size of engine",A,Annual,NR,Number,PET,Petrol,TOTAL,Total,HU,Hungary,2018,,2445468,,,,,
dataflow,ESTAT:ROAD_EQS_CARMOT$DEFAULTVIEW(1.0),"Passenger cars, by type of motor energy and size of engine",A,Annual,NR,Number,PET,Petrol,TOTAL,Total,HU,Hungary,2019,,2529572,,,,,
dataflow,ESTAT:ROAD_EQS_CARMOT$DEFAULTVIEW(1.0),"Passenger cars, by type of motor energy and size of engine",A,Annual,NR,Number,PET,Petrol,TOTAL,Total,HU,Hungary,2020,,2561520,,,,,
dataflow,ESTAT:ROAD_EQS_CARMOT$DEFAULTVIEW(1.0),"Passenger cars, by type of motor energy and size of engine",A,Annual,NR,Number,PET,Petrol,TOTAL,Total,HU,Hungary,2021,,2581637,,,,,
dataflow,ESTAT:ROAD_EQS_CARMOT$DEFAULTVIEW(1.0),"Passenger cars, by type of motor energy and size of engine",A,Annual,NR,Number,PET,Petrol,TOTAL,Total,HU,Hungary,2022,,2583328,,,,,
dataflow,ESTAT:ROAD_EQS_CARMOT$DEFAULTVIEW(1.0),"Passenger cars, by type of motor energy and size of engine",A,Annual,NR,Number,PET,Petrol,TOTAL,Total,HU,Hungary,2023,,2595144,,,,,
dataflow,ESTAT:ROAD_EQS_CARMOT$DEFAULTVIEW(1.0),"Passenger cars, by type of motor energy and size of engine",A,Annual,NR,Number,PET,Petrol,TOTAL,Total,HU,Hungary,2024,,2807501,,,,,
dataflow,ESTAT:ROAD_EQS_CARMOT$DEFAULTVIEW(1.0),"Passenger cars, by type of motor energy and size of engine",A,Annual,NR,Number,PET,Petrol,TOTAL,Total,IE,Ireland,2015,,1120410,,,,,
dataflow,ESTAT:ROAD_EQS_CARMOT$DEFAULTVIEW(1.0),"Passenger cars, by type of motor energy and size of engine",A,Annual,NR,Number,PET,Petrol,TOTAL,Total,IE,Ireland,2016,,1052220,,,,,
dataflow,ESTAT:ROAD_EQS_CARMOT$DEFAULTVIEW(1.0),"Passenger cars, by type of motor energy and size of engine",A,Annual,NR,Number,PET,Petrol,TOTAL,Total,IE,Ireland,2017,,1002620,,,,,
dataflow,ESTAT:ROAD_EQS_CARMOT$DEFAULTVIEW(1.0),"Passenger cars, by type of motor energy and size of engine",A,Annual,NR,Number,PET,Petrol,TOTAL,Total,IE,Ireland,2018,,957560,,,,,
dataflow,ESTAT:ROAD_EQS_CARMOT$DEFAULTVIEW(1.0),"Passenger cars, by type of motor energy and size of engine",A,Annual,NR,Number,PET,Petrol,TOTAL,Total,IE,Ireland,2019,,939960,,,,,
dataflow,ESTAT:ROAD_EQS_CARMOT$DEFAULTVIEW(1.0),"Passenger cars, by type of motor energy and size of engine",A,Annual,NR,Number,PET,Petrol,TOTAL,Total,IE,Ireland,2020,,925710,,,,,
dataflow,ESTAT:ROAD_EQS_CARMOT$DEFAULTVIEW(1.0),"Passenger cars, by type of motor energy and size of engine",A,Annual,NR,Number,PET,Petrol,TOTAL,Total,IE,Ireland,2021,,927220,,,,,
dataflow,ESTAT:ROAD_EQS_CARMOT$DEFAULTVIEW(1.0),"Passenger cars, by type of motor energy and size of engine",A,Annual,NR,Number,PET,Petrol,TOTAL,Total,IE,Ireland,2022,,952690,,,,,
dataflow,ESTAT:ROAD_EQS_CARMOT$DEFAULTVIEW(1.0),"Passenger cars, by type of motor energy and size of engine",A,Annual,NR,Number,PET,Petrol,TOTAL,Total,IE,Ireland,2023,,1000580,,,,,
dataflow,ESTAT:ROAD_EQS_CARMOT$DEFAULTVIEW(1.0),"Passenger cars, by type of motor energy and size of engine",A,Annual,NR,Number,PET,Petrol,TOTAL,Total,IE,Ireland,2024,,1092635,,i,value imputed by Eurostat or other receiving agencies,,
dataflow,ESTAT:ROAD_EQS_CARMOT$DEFAULTVIEW(1.0),"Passenger cars, by type of motor energy and size of engine",A,Annual,NR,Number,PET,Petrol,TOTAL,Total,IS,Iceland,2017,,169422,,,,,
dataflow,ESTAT:ROAD_EQS_CARMOT$DEFAULTVIEW(1.0),"Passenger cars, by type of motor energy and size of engine",A,Annual,NR,Number,PET,Petrol,TOTAL,Total,IS,Iceland,2018,,179594,,,,,
dataflow,ESTAT:ROAD_EQS_CARMOT$DEFAULTVIEW(1.0),"Passenger cars, by type of motor energy and size of engine",A,Annual,NR,Number,PET,Petrol,TOTAL,Total,IS,Iceland,2019,,176339,,,,,
dataflow,ESTAT:ROAD_EQS_CARMOT$DEFAULTVIEW(1.0),"Passenger cars, by type of motor energy and size of engine",A,Annual,NR,Number,PET,Petrol,TOTAL,Total,IS,Iceland,2020,,172590,,,,,
dataflow,ESTAT:ROAD_EQS_CARMOT$DEFAULTVIEW(1.0),"Passenger cars, by type of motor energy and size of engine",A,Annual,NR,Number,PET,Petrol,TOTAL,Total,IS,Iceland,2021,,192115,,,,,
dataflow,ESTAT:ROAD_EQS_CARMOT$DEFAULTVIEW(1.0),"Passenger cars, by type of motor energy and size of engine",A,Annual,NR,Number,PET,Petrol,TOTAL,Total,IT,Italy,2015,,18650786,,,,,
dataflow,ESTAT:ROAD_EQS_CARMOT$DEFAULTVIEW(1.0),"Passenger cars, by type of motor energy and size of engine",A,Annual,NR,Number,PET,Petrol,TOTAL,Total,IT,Italy,2016,,18477538,,,,,
dataflow,ESTAT:ROAD_EQS_CARMOT$DEFAULTVIEW(1.0),"Passenger cars, by type of motor energy and size of engine",A,Annual,NR,Number,PET,Petrol,TOTAL,Total,IT,Italy,2017,,18370650,,,,,
dataflow,ESTAT:ROAD_EQS_CARMOT$DEFAULTVIEW(1.0),"Passenger cars, by type of motor energy and size of engine",A,Annual,NR,Number,PET,Petrol,TOTAL,Total,IT,Italy,2018,,18323181,,,,,
dataflow,ESTAT:ROAD_EQS_CARMOT$DEFAULTVIEW(1.0),"Passenger cars, by type of motor energy and size of engine",A,Annual,NR,Number,PET,Petrol,TOTAL,Total,IT,Italy,2019,,18490547,,,,,
dataflow,ESTAT:ROAD_EQS_CARMOT$DEFAULTVIEW(1.0),"Passenger cars, by type of motor energy and size of engine",A,Annual,NR,Number,PET,Petrol,TOTAL,Total,IT,Italy,2020,,18574363,,,,,
dataflow,ESTAT:ROAD_EQS_CARMOT$DEFAULTVIEW(1.0),"Passenger cars, by type of motor energy and size of engine",A,Annual,NR,Number,PET,Petrol,TOTAL,Total,IT,Italy,2021,,18733662,,,,,
dataflow,ESTAT:ROAD_EQS_CARMOT$DEFAULTVIEW(1.0),"Passenger cars, by type of motor energy and size of engine",A,Annual,NR,Number,PET,Petrol,TOTAL,Total,IT,Italy,2022,,19075917,,,,,
dataflow,ESTAT:ROAD_EQS_CARMOT$DEFAULTVIEW(1.0),"Passenger cars, by type of motor energy and size of engine",A,Annual,NR,Number,PET,Petrol,TOTAL,Total,IT,Italy,2023,,19666808,,,,,
dataflow,ESTAT:ROAD_EQS_CARMOT$DEFAULTVIEW(1.0),"Passenger cars, by type of motor energy and size of engine",A,Annual,NR,Number,PET,Petrol,TOTAL,Total,IT,Italy,2024,,20178631,,,,,
dataflow,ESTAT:ROAD_EQS_CARMOT$DEFAULTVIEW(1.0),"Passenger cars, by type of motor energy and size of engine",A,Annual,NR,Number,PET,Petrol,TOTAL,Total,LI,Liechtenstein,2015,,19759,,,,,
dataflow,ESTAT:ROAD_EQS_CARMOT$DEFAULTVIEW(1.0),"Passenger cars, by type of motor energy and size of engine",A,Annual,NR,Number,PET,Petrol,TOTAL,Total,LI,Liechtenstein,2016,,19603,,,,,
dataflow,ESTAT:ROAD_EQS_CARMOT$DEFAULTVIEW(1.0),"Passenger cars, by type of motor energy and size of engine",A,Annual,NR,Number,PET,Petrol,TOTAL,Total,LI,Liechtenstein,2017,,19596,,,,,
dataflow,ESTAT:ROAD_EQS_CARMOT$DEFAULTVIEW(1.0),"Passenger cars, by type of motor energy and size of engine",A,Annual,NR,Number,PET,Petrol,TOTAL,Total,LI,Liechtenstein,2018,,19687,,,,,
dataflow,ESTAT:ROAD_EQS_CARMOT$DEFAULTVIEW(1.0),"Passenger cars, by type of motor energy and size of engine",A,Annual,NR,Number,PET,Petrol,TOTAL,Total,LI,Liechtenstein,2019,,19837,,,,,
dataflow,ESTAT:ROAD_EQS_CARMOT$DEFAULTVIEW(1.0),"Passenger cars, by type of motor energy and size of engine",A,Annual,NR,Number,PET,Petrol,TOTAL,Total,LI,Liechtenstein,2020,,19931,,,,,
dataflow,ESTAT:ROAD_EQS_CARMOT$DEFAULTVIEW(1.0),"Passenger cars, by type of motor energy and size of engine",A,Annual,NR,Number,PET,Petrol,TOTAL,Total,LI,Liechtenstein,2021,,20010,,,,,
dataflow,ESTAT:ROAD_EQS_CARMOT$DEFAULTVIEW(1.0),"Passenger cars, by type of motor energy and size of engine",A,Annual,NR,Number,PET,Petrol,TOTAL,Total,LI,Liechtenstein,2022,,19988,,,,,
dataflow,ESTAT:ROAD_EQS_CARMOT$DEFAULTVIEW(1.0),"Passenger cars, by type of motor energy and size of engine",A,Annual,NR,Number,PET,Petrol,TOTAL,Total,LI,Liechtenstein,2023,,20240,,,,,
dataflow,ESTAT:ROAD_EQS_CARMOT$DEFAULTVIEW(1.0),"Passenger cars, by type of motor energy and size of engine",A,Annual,NR,Number,PET,Petrol,TOTAL,Total,LI,Liechtenstein,2024,,20600,,,,,
dataflow,ESTAT:ROAD_EQS_CARMOT$DEFAULTVIEW(1.0),"Passenger cars, by type of motor energy and size of engine",A,Annual,NR,Number,PET,Petrol,TOTAL,Total,LT,Lithuania,2015,,325309,,,,,
dataflow,ESTAT:ROAD_EQS_CARMOT$DEFAULTVIEW(1.0),"Passenger cars, by type of motor energy and size of engine",A,Annual,NR,Number,PET,Petrol,TOTAL,Total,LT,Lithuania,2016,,321592,,,,,
dataflow,ESTAT:ROAD_EQS_CARMOT$DEFAULTVIEW(1.0),"Passenger cars, by type of motor energy and size of engine",A,Annual,NR,Number,PET,Petrol,TOTAL,Total,LT,Lithuania,2017,,327818,,,,,
dataflow,ESTAT:ROAD_EQS_CARMOT$DEFAULTVIEW(1.0),"Passenger cars, by type of motor energy and size of engine",A,Annual,NR,Number,PET,Petrol,TOTAL,Total,LT,Lithuania,2018,,345422,,,,,
dataflow,ESTAT:ROAD_EQS_CARMOT$DEFAULTVIEW(1.0),"Passenger cars, by type of motor energy and size of engine",A,Annual,NR,Number,PET,Petrol,TOTAL,Total,LT,Lithuania,2019,,367626,,,,,
dataflow,ESTAT:ROAD_EQS_CARMOT$DEFAULTVIEW(1.0),"Passenger cars, by type of motor energy and size of engine",A,Annual,NR,Number,PET,Petrol,TOTAL,Total,LT,Lithuania,2020,,391438,,,,,
dataflow,ESTAT:ROAD_EQS_CARMOT$DEFAULTVIEW(1.0),"Passenger cars, by type of motor energy and size of engine",A,Annual,NR,Number,PET,Petrol,TOTAL,Total,LT,Lithuania,2021,,405064,,,,,
dataflow,ESTAT:ROAD_EQS_CARMOT$DEFAULTVIEW(1.0),"Passenger cars, by type of motor energy and size of engine",A,Annual,NR,Number,PET,Petrol,TOTAL,Total,LT,Lithuania,2022,,427530,,,,,
dataflow,ESTAT:ROAD_EQS_CARMOT$DEFAULTVIEW(1.0),"Passenger cars, by type of motor energy and size of engine",A,Annual,NR,Number,PET,Petrol,TOTAL,Total,LT,Lithuania,2023,,451650,,,,,
dataflow,ESTAT:ROAD_EQS_CARMOT$DEFAULTVIEW(1.0),"Passenger cars, by type of motor energy and size of engine",A,Annual,NR,Number,PET,Petrol,TOTAL,Total,LT,Lithuania,2024,,473657,,,,,
dataflow,ESTAT:ROAD_EQS_CARMOT$DEFAULTVIEW(1.0),"Passenger cars, by type of motor energy and size of engine",A,Annual,NR,Number,PET,Petrol,TOTAL,Total,LU,Luxembourg,2015,,130927,,,,,
dataflow,ESTAT:ROAD_EQS_CARMOT$DEFAULTVIEW(1.0),"Passenger cars, by type of motor energy and size of engine",A,Annual,NR,Number,PET,Petrol,TOTAL,Total,LU,Luxembourg,2016,,138093,,,,,
dataflow,ESTAT:ROAD_EQS_CARMOT$DEFAULTVIEW(1.0),"Passenger cars, by type of motor energy and size of engine",A,Annual,NR,Number,PET,Petrol,TOTAL,Total,LU,Luxembourg,2017,,152159,,,,,
dataflow,ESTAT:ROAD_EQS_CARMOT$DEFAULTVIEW(1.0),"Passenger cars, by type of motor energy and size of engine",A,Annual,NR,Number,PET,Petrol,TOTAL,Total,LU,Luxembourg,2018,,168136,,,,,
dataflow,ESTAT:ROAD_EQS_CARMOT$DEFAULTVIEW(1.0),"Passenger cars, by type of motor energy and size of engine",A,Annual,NR,Number,PET,Petrol,TOTAL,Total,LU,Luxembourg,2019,,184744,,,,,
dataflow,ESTAT:ROAD_EQS_CARMOT$DEFAULTVIEW(1.0),"Passenger cars, by type of motor energy and size of engine",A,Annual,NR,Number,PET,Petrol,TOTAL,Total,LU,Luxembourg,2020,,197918,,,,,
dataflow,ESTAT:ROAD_EQS_CARMOT$DEFAULTVIEW(1.0),"Passenger cars, by type of motor energy and size of engine",A,Annual,NR,Number,PET,Petrol,TOTAL,Total,LU,Luxembourg,2021,,210840,,,,,
dataflow,ESTAT:ROAD_EQS_CARMOT$DEFAULTVIEW(1.0),"Passenger cars, by type of motor energy and size of engine",A,Annual,NR,Number,PET,Petrol,TOTAL,Total,LU,Luxembourg,2022,,221085,,,,,
dataflow,ESTAT:ROAD_EQS_CARMOT$DEFAULTVIEW(1.0),"Passenger cars, by type of motor energy and size of engine",A,Annual,NR,Number,PET,Petrol,TOTAL,Total,LU,Luxembourg,2023,,233575,,,,,
dataflow,ESTAT:ROAD_EQS_CARMOT$DEFAULTVIEW(1.0),"Passenger cars, by type of motor energy and size of engine",A,Annual,NR,Number,PET,Petrol,TOTAL,Total,LU,Luxembourg,2024,,242669,,,,,
dataflow,ESTAT:ROAD_EQS_CARMOT$DEFAULTVIEW(1.0),"Passenger cars, by type of motor energy and size of engine",A,Annual,NR,Number,PET,Petrol,TOTAL,Total,LV,Latvia,2015,,287301,,,,,
dataflow,ESTAT:ROAD_EQS_CARMOT$DEFAULTVIEW(1.0),"Passenger cars, by type of motor energy and size of engine",A,Annual,NR,Number,PET,Petrol,TOTAL,Total,LV,Latvia,2016,,256406,,,,,
dataflow,ESTAT:ROAD_EQS_CARMOT$DEFAULTVIEW(1.0),"Passenger cars, by type of motor energy and size of engine",A,Annual,NR,Number,PET,Petrol,TOTAL,Total,LV,Latvia,2017,,248982,,,,,
dataflow,ESTAT:ROAD_EQS_CARMOT$DEFAULTVIEW(1.0),"Passenger cars, by type of motor energy and size of engine",A,Annual,NR,Number,PET,Petrol,TOTAL,Total,LV,Latvia,2018,,238290,,,,,
dataflow,ESTAT:ROAD_EQS_CARMOT$DEFAULTVIEW(1.0),"Passenger cars, by type of motor energy and size of engine",A,Annual,NR,Number,PET,Petrol,TOTAL,Total,LV,Latvia,2019,,230617,,,,,
dataflow,ESTAT:ROAD_EQS_CARMOT$DEFAULTVIEW(1.0),"Passenger cars, by type of motor energy and size of engine",A,Annual,NR,Number,PET,Petrol,TOTAL,Total,LV,Latvia,2020,,224183,,,,,
dataflow,ESTAT:ROAD_EQS_CARMOT$DEFAULTVIEW(1.0),"Passenger cars, by type of motor energy and size of engine",A,Annual,NR,Number,PET,Petrol,TOTAL,Total,LV,Latvia,2021,,221636,,,,,
dataflow,ESTAT:ROAD_EQS_CARMOT$DEFAULTVIEW(1.0),"Passenger cars, by type of motor energy and size of engine",A,Annual,NR,Number,PET,Petrol,TOTAL,Total,LV,Latvia,2022,,219377,,,,,
dataflow,ESTAT:ROAD_EQS_CARMOT$DEFAULTVIEW(1.0),"Passenger cars, by type of motor energy and size of engine",A,Annual,NR,Number,PET,Petrol,TOTAL,Total,LV,Latvia,2023,,220344,,,,,
dataflow,ESTAT:ROAD_EQS_CARMOT$DEFAULTVIEW(1.0),"Passenger cars, by type of motor energy and size of engine",A,Annual,NR,Number,PET,Petrol,TOTAL,Total,LV,Latvia,2024,,222045,,,,,
dataflow,ESTAT:ROAD_EQS_CARMOT$DEFAULTVIEW(1.0),"Passenger cars, by type of motor energy and size of engine",A,Annual,NR,Number,PET,Petrol,TOTAL,Total,MD,Moldova,2015,,326979,,,,,
dataflow,ESTAT:ROAD_EQS_CARMOT$DEFAULTVIEW(1.0),"Passenger cars, by type of motor energy and size of engine",A,Annual,NR,Number,PET,Petrol,TOTAL,Total,MD,Moldova,2016,,354459,,,,,
dataflow,ESTAT:ROAD_EQS_CARMOT$DEFAULTVIEW(1.0),"Passenger cars, by type of motor energy and size of engine",A,Annual,NR,Number,PET,Petrol,TOTAL,Total,MD,Moldova,2017,,362250,,,,,
dataflow,ESTAT:ROAD_EQS_CARMOT$DEFAULTVIEW(1.0),"Passenger cars, by type of motor energy and size of engine",A,Annual,NR,Number,PET,Petrol,TOTAL,Total,MD,Moldova,2018,,367579,,,,,
dataflow,ESTAT:ROAD_EQS_CARMOT$DEFAULTVIEW(1.0),"Passenger cars, by type of motor energy and size of engine",A,Annual,NR,Number,PET,Petrol,TOTAL,Total,MD,Moldova,2019,,372749,,,,,
dataflow,ESTAT:ROAD_EQS_CARMOT$DEFAULTVIEW(1.0),"Passenger cars, by type of motor energy and size of engine",A,Annual,NR,Number,PET,Petrol,TOTAL,Total,MD,Moldova,2020,,377247,,,,,
dataflow,ESTAT:ROAD_EQS_CARMOT$DEFAULTVIEW(1.0),"Passenger cars, by type of motor energy and size of engine",A,Annual,NR,Number,PET,Petrol,TOTAL,Total,MD,Moldova,2021,,384166,,,,,
dataflow,ESTAT:ROAD_EQS_CARMOT$DEFAULTVIEW(1.0),"Passenger cars, by type of motor energy and size of engine",A,Annual,NR,Number,PET,Petrol,TOTAL,Total,MD,Moldova,2022,,388532,,,,,
dataflow,ESTAT:ROAD_EQS_CARMOT$DEFAULTVIEW(1.0),"Passenger cars, by type of motor energy and size of engine",A,Annual,NR,Number,PET,Petrol,TOTAL,Total,MD,Moldova,2023,,396607,,,,,
dataflow,ESTAT:ROAD_EQS_CARMOT$DEFAULTVIEW(1.0),"Passenger cars, by type of motor energy and size of engine",A,Annual,NR,Number,PET,Petrol,TOTAL,Total,MD,Moldova,2024,,407894,,,,,
dataflow,ESTAT:ROAD_EQS_CARMOT$DEFAULTVIEW(1.0),"Passenger cars, by type of motor energy and size of engine",A,Annual,NR,Number,PET,Petrol,TOTAL,Total,ME,Montenegro,2016,,53569,,,,,
dataflow,ESTAT:ROAD_EQS_CARMOT$DEFAULTVIEW(1.0),"Passenger cars, by type of motor energy and size of engine",A,Annual,NR,Number,PET,Petrol,TOTAL,Total,ME,Montenegro,2017,,50757,,,,,
dataflow,ESTAT:ROAD_EQS_CARMOT$DEFAULTVIEW(1.0),"Passenger cars, by type of motor energy and size of engine",A,Annual,NR,Number,PET,Petrol,TOTAL,Total,ME,Montenegro,2018,,49930,,,,,
dataflow,ESTAT:ROAD_EQS_CARMOT$DEFAULTVIEW(1.0),"Passenger cars, by type of motor energy and size of engine",A,Annual,NR,Number,PET,Petrol,TOTAL,Total,ME,Montenegro,2019,,49631,,,,,
dataflow,ESTAT:ROAD_EQS_CARMOT$DEFAULTVIEW(1.0),"Passenger cars, by type of motor energy and size of engine",A,Annual,NR,Number,PET,Petrol,TOTAL,Total,ME,Montenegro,2020,,43631,,,,,
dataflow,ESTAT:ROAD_EQS_CARMOT$DEFAULTVIEW(1.0),"Passenger cars, by type of motor energy and size of engine",A,Annual,NR,Number,PET,Petrol,TOTAL,Total,ME,Montenegro,2021,,43855,,,,,
dataflow,ESTAT:ROAD_EQS_CARMOT$DEFAULTVIEW(1.0),"Passenger cars, by type of motor energy and size of engine",A,Annual,NR,Number,PET,Petrol,TOTAL,Total,ME,Montenegro,2022,,43846,,,,,
dataflow,ESTAT:ROAD_EQS_CARMOT$DEFAULTVIEW(1.0),"Passenger cars, by type of motor energy and size of engine",A,Annual,NR,Number,PET,Petrol,TOTAL,Total,ME,Montenegro,2023,,44121,,,,,
dataflow,ESTAT:ROAD_EQS_CARMOT$DEFAULTVIEW(1.0),"Passenger cars, by type of motor energy and size of engine",A,Annual,NR,Number,PET,Petrol,TOTAL,Total,ME,Montenegro,2024,,46406,,,,,
dataflow,ESTAT:ROAD_EQS_CARMOT$DEFAULTVIEW(1.0),"Passenger cars, by type of motor energy and size of engine",A,Annual,NR,Number,PET,Petrol,TOTAL,Total,MK,North Macedonia,2015,,209122,,,,,
dataflow,ESTAT:ROAD_EQS_CARMOT$DEFAULTVIEW(1.0),"Passenger cars, by type of motor energy and size of engine",A,Annual,NR,Number,PET,Petrol,TOTAL,Total,MK,North Macedonia,2016,,202779,,,,,
dataflow,ESTAT:ROAD_EQS_CARMOT$DEFAULTVIEW(1.0),"Passenger cars, by type of motor energy and size of engine",A,Annual,NR,Number,PET,Petrol,TOTAL,Total,MK,North Macedonia,2017,,197880,,,,,
dataflow,ESTAT:ROAD_EQS_CARMOT$DEFAULTVIEW(1.0),"Passenger cars, by type of motor energy and size of engine",A,Annual,NR,Number,PET,Petrol,TOTAL,Total,MK,North Macedonia,2018,,194384,,,,,
dataflow,ESTAT:ROAD_EQS_CARMOT$DEFAULTVIEW(1.0),"Passenger cars, by type of motor energy and size of engine",A,Annual,NR,Number,PET,Petrol,TOTAL,Total,MK,North Macedonia,2019,,188771,,,,,
dataflow,ESTAT:ROAD_EQS_CARMOT$DEFAULTVIEW(1.0),"Passenger cars, by type of motor energy and size of engine",A,Annual,NR,Number,PET,Petrol,TOTAL,Total,MK,North Macedonia,2020,,182679,,,,,
dataflow,ESTAT:ROAD_EQS_CARMOT$DEFAULTVIEW(1.0),"Passenger cars, by type of motor energy and size of engine",A,Annual,NR,Number,PET,Petrol,TOTAL,Total,MK,North Macedonia,2021,,194393,,,,,
dataflow,ESTAT:ROAD_EQS_CARMOT$DEFAULTVIEW(1.0),"Passenger cars, by type of motor energy and size of engine",A,Annual,NR,Number,PET,Petrol,TOTAL,Total,MK,North Macedonia,2022,,192478,,,,,
dataflow,ESTAT:ROAD_EQS_CARMOT$DEFAULTVIEW(1.0),"Passenger cars, by type of motor energy and size of engine",A,Annual,NR,Number,PET,Petrol,TOTAL,Total,MK,North Macedonia,2023,,148334,,,,,
dataflow,ESTAT:ROAD_EQS_CARMOT$DEFAULTVIEW(1.0),"Passenger cars, by type of motor energy and size of engine",A,Annual,NR,Number,PET,Petrol,TOTAL,Total,MK,North Macedonia,2024,,150439,,,,,
dataflow,ESTAT:ROAD_EQS_CARMOT$DEFAULTVIEW(1.0),"Passenger cars, by type of motor energy and size of engine",A,Annual,NR,Number,PET,Petrol,TOTAL,Total,MT,Malta,2015,,189345,,,,,
dataflow,ESTAT:ROAD_EQS_CARMOT$DEFAULTVIEW(1.0),"Passenger cars, by type of motor energy and size of engine",A,Annual,NR,Number,PET,Petrol,TOTAL,Total,MT,Malta,2016,,193753,,,,,
dataflow,ESTAT:ROAD_EQS_CARMOT$DEFAULTVIEW(1.0),"Passenger cars, by type of motor energy and size of engine",A,Annual,NR,Number,PET,Petrol,TOTAL,Total,MT,Malta,2017,,198409,,,,,
dataflow,ESTAT:ROAD_EQS_CARMOT$DEFAULTVIEW(1.0),"Passenger cars, by type of motor energy and size of engine",A,Annual,NR,Number,PET,Petrol,TOTAL,Total,MT,Malta,2018,,203320,,,,,
dataflow,ESTAT:ROAD_EQS_CARMOT$DEFAULTVIEW(1.0),"Passenger cars, by type of motor energy and size of engine",A,Annual,NR,Number,PET,Petrol,TOTAL,Total,MT,Malta,2019,,207402,,,,,
dataflow,ESTAT:ROAD_EQS_CARMOT$DEFAULTVIEW(1.0),"Passenger cars, by type of motor energy and size of engine",A,Annual,NR,Number,PET,Petrol,TOTAL,Total,MT,Malta,2020,,208097,,,,,
dataflow,ESTAT:ROAD_EQS_CARMOT$DEFAULTVIEW(1.0),"Passenger cars, by type of motor energy and size of engine",A,Annual,NR,Number,PET,Petrol,TOTAL,Total,MT,Malta,2021,,213046,,,,,
dataflow,ESTAT:ROAD_EQS_CARMOT$DEFAULTVIEW(1.0),"Passenger cars, by type of motor energy and size of engine",A,Annual,NR,Number,PET,Petrol,TOTAL,Total,MT,Malta,2022,,217043,,,,,
dataflow,ESTAT:ROAD_EQS_CARMOT$DEFAULTVIEW(1.0),"Passenger cars, by type of motor energy and size of engine",A,Annual,NR,Number,PET,Petrol,TOTAL,Total,MT,Malta,2023,,222640,,,,,
dataflow,ESTAT:ROAD_EQS_CARMOT$DEFAULTVIEW(1.0),"Passenger cars, by type of motor energy and size of engine",A,Annual,NR,Number,PET,Petrol,TOTAL,Total,MT,Malta,2024,,227743,,,,,
dataflow,ESTAT:ROAD_EQS_CARMOT$DEFAULTVIEW(1.0),"Passenger cars, by type of motor energy and size of engine",A,Annual,NR,Number,PET,Petrol,TOTAL,Total,NL,Netherlands,2015,,6577772,,,,,
dataflow,ESTAT:ROAD_EQS_CARMOT$DEFAULTVIEW(1.0),"Passenger cars, by type of motor energy and size of engine",A,Annual,NR,Number,PET,Petrol,TOTAL,Total,NL,Netherlands,2016,,6714338,,,,,
dataflow,ESTAT:ROAD_EQS_CARMOT$DEFAULTVIEW(1.0),"Passenger cars, by type of motor energy and size of engine",A,Annual,NR,Number,PET,Petrol,TOTAL,Total,NL,Netherlands,2017,,6874634,,,,,
dataflow,ESTAT:ROAD_EQS_CARMOT$DEFAULTVIEW(1.0),"Passenger cars, by type of motor energy and size of engine",A,Annual,NR,Number,PET,Petrol,TOTAL,Total,NL,Netherlands,2018,,6985724,,,,,
dataflow,ESTAT:ROAD_EQS_CARMOT$DEFAULTVIEW(1.0),"Passenger cars, by type of motor energy and size of engine",A,Annual,NR,Number,PET,Petrol,TOTAL,Total,NL,Netherlands,2019,,7159725,,,,,
dataflow,ESTAT:ROAD_EQS_CARMOT$DEFAULTVIEW(1.0),"Passenger cars, by type of motor energy and size of engine",A,Annual,NR,Number,PET,Petrol,TOTAL,Total,NL,Netherlands,2020,,7314363,,,,,
dataflow,ESTAT:ROAD_EQS_CARMOT$DEFAULTVIEW(1.0),"Passenger cars, by type of motor energy and size of engine",A,Annual,NR,Number,PET,Petrol,TOTAL,Total,NL,Netherlands,2021,,7483574,,,,,
dataflow,ESTAT:ROAD_EQS_CARMOT$DEFAULTVIEW(1.0),"Passenger cars, by type of motor energy and size of engine",A,Annual,NR,Number,PET,Petrol,TOTAL,Total,NL,Netherlands,2022,,7600590,,,,,
dataflow,ESTAT:ROAD_EQS_CARMOT$DEFAULTVIEW(1.0),"Passenger cars, by type of motor energy and size of engine",A,Annual,NR,Number,PET,Petrol,TOTAL,Total,NL,Netherlands,2023,,7741700,,,,,
dataflow,ESTAT:ROAD_EQS_CARMOT$DEFAULTVIEW(1.0),"Passenger cars, by type of motor energy and size of engine",A,Annual,NR,Number,PET,Petrol,TOTAL,Total,NL,Netherlands,2024,,7895129,,,,,
dataflow,ESTAT:ROAD_EQS_CARMOT$DEFAULTVIEW(1.0),"Passenger cars, by type of motor energy and size of engine",A,Annual,NR,Number,PET,Petrol,TOTAL,Total,NO,Norway,2015,,1296000,,,,,
dataflow,ESTAT:ROAD_EQS_CARMOT$DEFAULTVIEW(1.0),"Passenger cars, by type of motor energy and size of engine",A,Annual,NR,Number,PET,Petrol,TOTAL,Total,NO,Norway,2016,,1283051,,,,,
dataflow,ESTAT:ROAD_EQS_CARMOT$DEFAULTVIEW(1.0),"Passenger cars, by type of motor energy and size of engine",A,Annual,NR,Number,PET,Petrol,TOTAL,Total,NO,Norway,2017,,1277806,,,,,
dataflow,ESTAT:ROAD_EQS_CARMOT$DEFAULTVIEW(1.0),"Passenger cars, by type of motor energy and size of engine",A,Annual,NR,Number,PET,Petrol,TOTAL,Total,NO,Norway,2018,,1256131,,,,,
dataflow,ESTAT:ROAD_EQS_CARMOT$DEFAULTVIEW(1.0),"Passenger cars, by type of motor energy and size of engine",A,Annual,NR,Number,PET,Petrol,TOTAL,Total,NO,Norway,2019,,1247911,,,,,
dataflow,ESTAT:ROAD_EQS_CARMOT$DEFAULTVIEW(1.0),"Passenger cars, by type of motor energy and size of engine",A,Annual,NR,Number,PET,Petrol,TOTAL,Total,NO,Norway,2020,,1263947,,,,,
dataflow,ESTAT:ROAD_EQS_CARMOT$DEFAULTVIEW(1.0),"Passenger cars, by type of motor energy and size of engine",A,Annual,NR,Number,PET,Petrol,TOTAL,Total,NO,Norway,2021,,1232903,,,,,
dataflow,ESTAT:ROAD_EQS_CARMOT$DEFAULTVIEW(1.0),"Passenger cars, by type of motor energy and size of engine",A,Annual,NR,Number,PET,Petrol,TOTAL,Total,NO,Norway,2022,,1174595,,,,,
dataflow,ESTAT:ROAD_EQS_CARMOT$DEFAULTVIEW(1.0),"Passenger cars, by type of motor energy and size of engine",A,Annual,NR,Number,PET,Petrol,TOTAL,Total,NO,Norway,2023,,1106980,,,,,
dataflow,ESTAT:ROAD_EQS_CARMOT$DEFAULTVIEW(1.0),"Passenger cars, by type of motor energy and size of engine",A,Annual,NR,Number,PET,Petrol,TOTAL,Total,NO,Norway,2024,,1069728,,,,,
dataflow,ESTAT:ROAD_EQS_CARMOT$DEFAULTVIEW(1.0),"Passenger cars, by type of motor energy and size of engine",A,Annual,NR,Number,PET,Petrol,TOTAL,Total,PT,Portugal,2015,,2197778,,,,,
dataflow,ESTAT:ROAD_EQS_CARMOT$DEFAULTVIEW(1.0),"Passenger cars, by type of motor energy and size of engine",A,Annual,NR,Number,PET,Petrol,TOTAL,Total,PT,Portugal,2016,,2173139,,,,,
dataflow,ESTAT:ROAD_EQS_CARMOT$DEFAULTVIEW(1.0),"Passenger cars, by type of motor energy and size of engine",A,Annual,NR,Number,PET,Petrol,TOTAL,Total,PT,Portugal,2017,,2193135,,,,,
dataflow,ESTAT:ROAD_EQS_CARMOT$DEFAULTVIEW(1.0),"Passenger cars, by type of motor energy and size of engine",A,Annual,NR,Number,PET,Petrol,TOTAL,Total,PT,Portugal,2018,,2253017,,,,,
dataflow,ESTAT:ROAD_EQS_CARMOT$DEFAULTVIEW(1.0),"Passenger cars, by type of motor energy and size of engine",A,Annual,NR,Number,PET,Petrol,TOTAL,Total,PT,Portugal,2019,,2358356,,,,,
dataflow,ESTAT:ROAD_EQS_CARMOT$DEFAULTVIEW(1.0),"Passenger cars, by type of motor energy and size of engine",A,Annual,NR,Number,PET,Petrol,TOTAL,Total,PT,Portugal,2020,,2312987,,,,,
dataflow,ESTAT:ROAD_EQS_CARMOT$DEFAULTVIEW(1.0),"Passenger cars, by type of motor energy and size of engine",A,Annual,NR,Number,PET,Petrol,TOTAL,Total,PT,Portugal,2021,,2321668,,,,,
dataflow,ESTAT:ROAD_EQS_CARMOT$DEFAULTVIEW(1.0),"Passenger cars, by type of motor energy and size of engine",A,Annual,NR,Number,PET,Petrol,TOTAL,Total,PT,Portugal,2022,,2377803,,,,,
dataflow,ESTAT:ROAD_EQS_CARMOT$DEFAULTVIEW(1.0),"Passenger cars, by type of motor energy and size of engine",A,Annual,NR,Number,PET,Petrol,TOTAL,Total,PT,Portugal,2023,,2407075,,,,,
dataflow,ESTAT:ROAD_EQS_CARMOT$DEFAULTVIEW(1.0),"Passenger cars, by type of motor energy and size of engine",A,Annual,NR,Number,PET,Petrol,TOTAL,Total,PT,Portugal,2024,,2551586,,,,,
dataflow,ESTAT:ROAD_EQS_CARMOT$DEFAULTVIEW(1.0),"Passenger cars, by type of motor energy and size of engine",A,Annual,NR,Number,PET,Petrol,TOTAL,Total,RO,Romania,2015,,3241746,,,,,
dataflow,ESTAT:ROAD_EQS_CARMOT$DEFAULTVIEW(1.0),"Passenger cars, by type of motor energy and size of engine",A,Annual,NR,Number,PET,Petrol,TOTAL,Total,RO,Romania,2016,,3340914,,,,,
dataflow,ESTAT:ROAD_EQS_CARMOT$DEFAULTVIEW(1.0),"Passenger cars, by type of motor energy and size of engine",A,Annual,NR,Number,PET,Petrol,TOTAL,Total,RO,Romania,2017,,3465038,,,,,
dataflow,ESTAT:ROAD_EQS_CARMOT$DEFAULTVIEW(1.0),"Passenger cars, by type of motor energy and size of engine",A,Annual,NR,Number,PET,Petrol,TOTAL,Total,RO,Romania,2018,,3548968,,,,,
dataflow,ESTAT:ROAD_EQS_CARMOT$DEFAULTVIEW(1.0),"Passenger cars, by type of motor energy and size of engine",A,Annual,NR,Number,PET,Petrol,TOTAL,Total,RO,Romania,2019,,3653648,,,,,
dataflow,ESTAT:ROAD_EQS_CARMOT$DEFAULTVIEW(1.0),"Passenger cars, by type of motor energy and size of engine",A,Annual,NR,Number,PET,Petrol,TOTAL,Total,RO,Romania,2020,,3727421,,,,,
dataflow,ESTAT:ROAD_EQS_CARMOT$DEFAULTVIEW(1.0),"Passenger cars, by type of motor energy and size of engine",A,Annual,NR,Number,PET,Petrol,TOTAL,Total,RO,Romania,2021,,3779048,,,,,
dataflow,ESTAT:ROAD_EQS_CARMOT$DEFAULTVIEW(1.0),"Passenger cars, by type of motor energy and size of engine",A,Annual,NR,Number,PET,Petrol,TOTAL,Total,RO,Romania,2022,,3822436,,,,,
dataflow,ESTAT:ROAD_EQS_CARMOT$DEFAULTVIEW(1.0),"Passenger cars, by type of motor energy and size of engine",A,Annual,NR,Number,PET,Petrol,TOTAL,Total,RO,Romania,2023,,3869506,,,,,
dataflow,ESTAT:ROAD_EQS_CARMOT$DEFAULTVIEW(1.0),"Passenger cars, by type of motor energy and size of engine",A,Annual,NR,Number,PET,Petrol,TOTAL,Total,RO,Romania,2024,,3988219,,,,,
dataflow,ESTAT:ROAD_EQS_CARMOT$DEFAULTVIEW(1.0),"Passenger cars, by type of motor energy and size of engine",A,Annual,NR,Number,PET,Petrol,TOTAL,Total,RS,Serbia,2019,,782590,,,,,
dataflow,ESTAT:ROAD_EQS_CARMOT$DEFAULTVIEW(1.0),"Passenger cars, by type of motor energy and size of engine",A,Annual,NR,Number,PET,Petrol,TOTAL,Total,RS,Serbia,2020,,797403,,,,,
dataflow,ESTAT:ROAD_EQS_CARMOT$DEFAULTVIEW(1.0),"Passenger cars, by type of motor energy and size of engine",A,Annual,NR,Number,PET,Petrol,TOTAL,Total,RS,Serbia,2021,,813250,,,,,
dataflow,ESTAT:ROAD_EQS_CARMOT$DEFAULTVIEW(1.0),"Passenger cars, by type of motor energy and size of engine",A,Annual,NR,Number,PET,Petrol,TOTAL,Total,RS,Serbia,2022,,852375,,,,,
dataflow,ESTAT:ROAD_EQS_CARMOT$DEFAULTVIEW(1.0),"Passenger cars, by type of motor energy and size of engine",A,Annual,NR,Number,PET,Petrol,TOTAL,Total,RS,Serbia,2023,,868661,,,,,
dataflow,ESTAT:ROAD_EQS_CARMOT$DEFAULTVIEW(1.0),"Passenger cars, by type of motor energy and size of engine",A,Annual,NR,Number,PET,Petrol,TOTAL,Total,RS,Serbia,2024,,901663,,,,,
dataflow,ESTAT:ROAD_EQS_CARMOT$DEFAULTVIEW(1.0),"Passenger cars, by type of motor energy and size of engine",A,Annual,NR,Number,PET,Petrol,TOTAL,Total,SE,Sweden,2015,,3008460,,,,,
dataflow,ESTAT:ROAD_EQS_CARMOT$DEFAULTVIEW(1.0),"Passenger cars, by type of motor energy and size of engine",A,Annual,NR,Number,PET,Petrol,TOTAL,Total,SE,Sweden,2016,,2958165,,,,,
dataflow,ESTAT:ROAD_EQS_CARMOT$DEFAULTVIEW(1.0),"Passenger cars, by type of motor energy and size of engine",A,Annual,NR,Number,PET,Petrol,TOTAL,Total,SE,Sweden,2017,,2921057,,,,,
dataflow,ESTAT:ROAD_EQS_CARMOT$DEFAULTVIEW(1.0),"Passenger cars, by type of motor energy and size of engine",A,Annual,NR,Number,PET,Petrol,TOTAL,Total,SE,Sweden,2018,,2889461,,,,,
dataflow,ESTAT:ROAD_EQS_CARMOT$DEFAULTVIEW(1.0),"Passenger cars, by type of motor energy and size of engine",A,Annual,NR,Number,PET,Petrol,TOTAL,Total,SE,Sweden,2019,,2868708,,,,,
dataflow,ESTAT:ROAD_EQS_CARMOT$DEFAULTVIEW(1.0),"Passenger cars, by type of motor energy and size of engine",A,Annual,NR,Number,PET,Petrol,TOTAL,Total,SE,Sweden,2020,,2903083,,,,,
dataflow,ESTAT:ROAD_EQS_CARMOT$DEFAULTVIEW(1.0),"Passenger cars, by type of motor energy and size of engine",A,Annual,NR,Number,PET,Petrol,TOTAL,Total,SE,Sweden,2021,,2914143,,,,,
dataflow,ESTAT:ROAD_EQS_CARMOT$DEFAULTVIEW(1.0),"Passenger cars, by type of motor energy and size of engine",A,Annual,NR,Number,PET,Petrol,TOTAL,Total,SE,Sweden,2022,,2886207,,,,,
dataflow,ESTAT:ROAD_EQS_CARMOT$DEFAULTVIEW(1.0),"Passenger cars, by type of motor energy and size of engine",A,Annual,NR,Number,PET,Petrol,TOTAL,Total,SE,Sweden,2023,,2855382,,,,,
dataflow,ESTAT:ROAD_EQS_CARMOT$DEFAULTVIEW(1.0),"Passenger cars, by type of motor energy and size of engine",A,Annual,NR,Number,PET,Petrol,TOTAL,Total,SE,Sweden,2024,,2844941,,,,,
dataflow,ESTAT:ROAD_EQS_CARMOT$DEFAULTVIEW(1.0),"Passenger cars, by type of motor energy and size of engine",A,Annual,NR,Number,PET,Petrol,TOTAL,Total,SI,Slovenia,2015,,594627,,,,,
dataflow,ESTAT:ROAD_EQS_CARMOT$DEFAULTVIEW(1.0),"Passenger cars, by type of motor energy and size of engine",A,Annual,NR,Number,PET,Petrol,TOTAL,Total,SI,Slovenia,2016,,583837,,,,,
dataflow,ESTAT:ROAD_EQS_CARMOT$DEFAULTVIEW(1.0),"Passenger cars, by type of motor energy and size of engine",A,Annual,NR,Number,PET,Petrol,TOTAL,Total,SI,Slovenia,2017,,575060,,,,,
dataflow,ESTAT:ROAD_EQS_CARMOT$DEFAULTVIEW(1.0),"Passenger cars, by type of motor energy and size of engine",A,Annual,NR,Number,PET,Petrol,TOTAL,Total,SI,Slovenia,2018,,571225,,,,,
dataflow,ESTAT:ROAD_EQS_CARMOT$DEFAULTVIEW(1.0),"Passenger cars, by type of motor energy and size of engine",A,Annual,NR,Number,PET,Petrol,TOTAL,Total,SI,Slovenia,2019,,568597,,,,,
dataflow,ESTAT:ROAD_EQS_CARMOT$DEFAULTVIEW(1.0),"Passenger cars, by type of motor energy and size of engine",A,Annual,NR,Number,PET,Petrol,TOTAL,Total,SI,Slovenia,2020,,559184,,,,,
dataflow,ESTAT:ROAD_EQS_CARMOT$DEFAULTVIEW(1.0),"Passenger cars, by type of motor energy and size of engine",A,Annual,NR,Number,PET,Petrol,TOTAL,Total,SI,Slovenia,2021,,556424,,,,,
dataflow,ESTAT:ROAD_EQS_CARMOT$DEFAULTVIEW(1.0),"Passenger cars, by type of motor energy and size of engine",A,Annual,NR,Number,PET,Petrol,TOTAL,Total,SI,Slovenia,2022,,561348,,i,value imputed by Eurostat or other receiving agencies,,
dataflow,ESTAT:ROAD_EQS_CARMOT$DEFAULTVIEW(1.0),"Passenger cars, by type of motor energy and size of engine",A,Annual,NR,Number,PET,Petrol,TOTAL,Total,SI,Slovenia,2023,,600759,,b,break in time series,,
dataflow,ESTAT:ROAD_EQS_CARMOT$DEFAULTVIEW(1.0),"Passenger cars, by type of motor energy and size of engine",A,Annual,NR,Number,PET,Petrol,TOTAL,Total,SI,Slovenia,2024,,622005,,,,,
dataflow,ESTAT:ROAD_EQS_CARMOT$DEFAULTVIEW(1.0),"Passenger cars, by type of motor energy and size of engine",A,Annual,NR,Number,PET,Petrol,TOTAL,Total,TR,Türkiye,2015,,2927971,,,,,
dataflow,ESTAT:ROAD_EQS_CARMOT$DEFAULTVIEW(1.0),"Passenger cars, by type of motor energy and size of engine",A,Annual,NR,Number,PET,Petrol,TOTAL,Total,TR,Türkiye,2016,,3032139,,,,,
dataflow,ESTAT:ROAD_EQS_CARMOT$DEFAULTVIEW(1.0),"Passenger cars, by type of motor energy and size of engine",A,Annual,NR,Number,PET,Petrol,TOTAL,Total,TR,Türkiye,2017,,3121201,,,,,
dataflow,ESTAT:ROAD_EQS_CARMOT$DEFAULTVIEW(1.0),"Passenger cars, by type of motor energy and size of engine",A,Annual,NR,Number,PET,Petrol,TOTAL,Total,TR,Türkiye,2018,,3093806,,,,,
dataflow,ESTAT:ROAD_EQS_CARMOT$DEFAULTVIEW(1.0),"Passenger cars, by type of motor energy and size of engine",A,Annual,NR,Number,PET,Petrol,TOTAL,Total,TR,Türkiye,2019,,3032725,,,,,
dataflow,ESTAT:ROAD_EQS_CARMOT$DEFAULTVIEW(1.0),"Passenger cars, by type of motor energy and size of engine",A,Annual,NR,Number,PET,Petrol,TOTAL,Total,TR,Türkiye,2020,,3232797,,,,,
dataflow,ESTAT:ROAD_EQS_CARMOT$DEFAULTVIEW(1.0),"Passenger cars, by type of motor energy and size of engine",A,Annual,NR,Number,PET,Petrol,TOTAL,Total,TR,Türkiye,2021,,3574110,,,,,
dataflow,ESTAT:ROAD_EQS_CARMOT$DEFAULTVIEW(1.0),"Passenger cars, by type of motor energy and size of engine",A,Annual,NR,Number,PET,Petrol,TOTAL,Total,TR,Türkiye,2022,,3938056,,,,,
dataflow,ESTAT:ROAD_EQS_CARMOT$DEFAULTVIEW(1.0),"Passenger cars, by type of motor energy and size of engine",A,Annual,NR,Number,PET,Petrol,TOTAL,Total,TR,Türkiye,2023,,4562429,,i,value imputed by Eurostat or other receiving agencies,,
dataflow,ESTAT:ROAD_EQS_CARMOT$DEFAULTVIEW(1.0),"Passenger cars, by type of motor energy and size of engine",A,Annual,NR,Number,PET,Petrol,TOTAL,Total,TR,Türkiye,2024,,5268886,,,,,
dataflow,ESTAT:ROAD_EQS_CARMOT$DEFAULTVIEW(1.0),"Passenger cars, by type of motor energy and size of engine",A,Annual,NR,Number,PET,Petrol,TOTAL,Total,UK,United Kingdom,2015,,18747234,,,,,
dataflow,ESTAT:ROAD_EQS_CARMOT$DEFAULTVIEW(1.0),"Passenger cars, by type of motor energy and size of engine",A,Annual,NR,Number,PET,Petrol,TOTAL,Total,UK,United Kingdom,2016,,18718202,,,,,
dataflow,ESTAT:ROAD_EQS_CARMOT$DEFAULTVIEW(1.0),"Passenger cars, by type of motor energy and size of engine",A,Annual,NR,Number,PET,Petrol,TOTAL,Total,UK,United Kingdom,2017,,18755110,,,,,
dataflow,ESTAT:ROAD_EQS_CARMOT$DEFAULTVIEW(1.0),"Passenger cars, by type of motor energy and size of engine",A,Annual,NR,Number,PET,Petrol,TOTAL,Total,UK,United Kingdom,2018,,19024664,,,,,
dataflow,ESTAT:ROAD_EQS_CARMOT$DEFAULTVIEW(1.0),"Passenger cars, by type of motor energy and size of engine",A,Annual,NR,Number,PET,Petrol,TOTAL,Total,UK,United Kingdom,2021,,19840380,,,,,
dataflow,ESTAT:ROAD_EQS_CARMOT$DEFAULTVIEW(1.0),"Passenger cars, by type of motor energy and size of engine",A,Annual,NR,Number,PET,Petrol,TOTAL,Total,UK,United Kingdom,2022,,20250367,,,,,
dataflow,ESTAT:ROAD_EQS_CARMOT$DEFAULTVIEW(1.0),"Passenger cars, by type of motor energy and size of engine",A,Annual,NR,Number,PET,Petrol,TOTAL,Total,UK,United Kingdom,2023,,20829020,,,,,
dataflow,ESTAT:ROAD_EQS_CARMOT$DEFAULTVIEW(1.0),"Passenger cars, by type of motor energy and size of engine",A,Annual,NR,Number,PET,Petrol,TOTAL,Total,UK,United Kingdom,2024,,21378294,,,,,
dataflow,ESTAT:ROAD_EQS_CARMOT$DEFAULTVIEW(1.0),"Passenger cars, by type of motor energy and size of engine",A,Annual,NR,Number,PET,Petrol,TOTAL,Total,XK,Kosovo*,2019,,63937,,,,,
dataflow,ESTAT:ROAD_EQS_CARMOT$DEFAULTVIEW(1.0),"Passenger cars, by type of motor energy and size of engine",A,Annual,NR,Number,PET,Petrol,TOTAL,Total,XK,Kosovo*,2021,,57991,,,,,
dataflow,ESTAT:ROAD_EQS_CARMOT$DEFAULTVIEW(1.0),"Passenger cars, by type of motor energy and size of engine",A,Annual,NR,Number,TOTAL,Total,TOTAL,Total,AL,Albania,2015,,403630,,,,,
dataflow,ESTAT:ROAD_EQS_CARMOT$DEFAULTVIEW(1.0),"Passenger cars, by type of motor energy and size of engine",A,Annual,NR,Number,TOTAL,Total,TOTAL,Total,AL,Albania,2016,,435613,,,,,
dataflow,ESTAT:ROAD_EQS_CARMOT$DEFAULTVIEW(1.0),"Passenger cars, by type of motor energy and size of engine",A,Annual,NR,Number,TOTAL,Total,TOTAL,Total,AL,Albania,2017,,417426,,,,,
dataflow,ESTAT:ROAD_EQS_CARMOT$DEFAULTVIEW(1.0),"Passenger cars, by type of motor energy and size of engine",A,Annual,NR,Number,TOTAL,Total,TOTAL,Total,AL,Albania,2018,,460027,,,,,
dataflow,ESTAT:ROAD_EQS_CARMOT$DEFAULTVIEW(1.0),"Passenger cars, by type of motor energy and size of engine",A,Annual,NR,Number,TOTAL,Total,TOTAL,Total,AL,Albania,2019,,499590,,,,,
dataflow,ESTAT:ROAD_EQS_CARMOT$DEFAULTVIEW(1.0),"Passenger cars, by type of motor energy and size of engine",A,Annual,NR,Number,TOTAL,Total,TOTAL,Total,AL,Albania,2020,,539497,,,,,
dataflow,ESTAT:ROAD_EQS_CARMOT$DEFAULTVIEW(1.0),"Passenger cars, by type of motor energy and size of engine",A,Annual,NR,Number,TOTAL,Total,TOTAL,Total,AL,Albania,2021,,593280,,,,,
dataflow,ESTAT:ROAD_EQS_CARMOT$DEFAULTVIEW(1.0),"Passenger cars, by type of motor energy and size of engine",A,Annual,NR,Number,TOTAL,Total,TOTAL,Total,AL,Albania,2022,,639379,,,,,
dataflow,ESTAT:ROAD_EQS_CARMOT$DEFAULTVIEW(1.0),"Passenger cars, by type of motor energy and size of engine",A,Annual,NR,Number,TOTAL,Total,TOTAL,Total,AL,Albania,2023,,699337,,,,,
dataflow,ESTAT:ROAD_EQS_CARMOT$DEFAULTVIEW(1.0),"Passenger cars, by type of motor energy and size of engine",A,Annual,NR,Number,TOTAL,Total,TOTAL,Total,AL,Albania,2024,,775217,,,,,
dataflow,ESTAT:ROAD_EQS_CARMOT$DEFAULTVIEW(1.0),"Passenger cars, by type of motor energy and size of engine",A,Annual,NR,Number,TOTAL,Total,TOTAL,Total,AT,Austria,2015,,4748048,,,,,
dataflow,ESTAT:ROAD_EQS_CARMOT$DEFAULTVIEW(1.0),"Passenger cars, by type of motor energy and size of engine",A,Annual,NR,Number,TOTAL,Total,TOTAL,Total,AT,Austria,2016,,4821557,,,,,
dataflow,ESTAT:ROAD_EQS_CARMOT$DEFAULTVIEW(1.0),"Passenger cars, by type of motor energy and size of engine",A,Annual,NR,Number,TOTAL,Total,TOTAL,Total,AT,Austria,2017,,4898578,,,,,
dataflow,ESTAT:ROAD_EQS_CARMOT$DEFAULTVIEW(1.0),"Passenger cars, by type of motor energy and size of engine",A,Annual,NR,Number,TOTAL,Total,TOTAL,Total,AT,Austria,2018,,4978852,,,,,
dataflow,ESTAT:ROAD_EQS_CARMOT$DEFAULTVIEW(1.0),"Passenger cars, by type of motor energy and size of engine",A,Annual,NR,Number,TOTAL,Total,TOTAL,Total,AT,Austria,2019,,5039548,,,,,
dataflow,ESTAT:ROAD_EQS_CARMOT$DEFAULTVIEW(1.0),"Passenger cars, by type of motor energy and size of engine",A,Annual,NR,Number,TOTAL,Total,TOTAL,Total,AT,Austria,2020,,5091827,,,,,
dataflow,ESTAT:ROAD_EQS_CARMOT$DEFAULTVIEW(1.0),"Passenger cars, by type of motor energy and size of engine",A,Annual,NR,Number,TOTAL,Total,TOTAL,Total,AT,Austria,2021,,5133836,,,,,
dataflow,ESTAT:ROAD_EQS_CARMOT$DEFAULTVIEW(1.0),"Passenger cars, by type of motor energy and size of engine",A,Annual,NR,Number,TOTAL,Total,TOTAL,Total,AT,Austria,2022,,5150890,,,,,
dataflow,ESTAT:ROAD_EQS_CARMOT$DEFAULTVIEW(1.0),"Passenger cars, by type of motor energy and size of engine",A,Annual,NR,Number,TOTAL,Total,TOTAL,Total,AT,Austria,2023,,5185006,,,,,
dataflow,ESTAT:ROAD_EQS_CARMOT$DEFAULTVIEW(1.0),"Passenger cars, by type of motor energy and size of engine",A,Annual,NR,Number,TOTAL,Total,TOTAL,Total,AT,Austria,2024,,5231893,,,,,
dataflow,ESTAT:ROAD_EQS_CARMOT$DEFAULTVIEW(1.0),"Passenger cars, by type of motor energy and size of engine",A,Annual,NR,Number,TOTAL,Total,TOTAL,Total,BA,Bosnia and Herzegovina,2015,,827224,,,,,
dataflow,ESTAT:ROAD_EQS_CARMOT$DEFAULTVIEW(1.0),"Passenger cars, by type of motor energy and size of engine",A,Annual,NR,Number,TOTAL,Total,TOTAL,Total,BA,Bosnia and Herzegovina,2016,,859975,,,,,
dataflow,ESTAT:ROAD_EQS_CARMOT$DEFAULTVIEW(1.0),"Passenger cars, by type of motor energy and size of engine",A,Annual,NR,Number,TOTAL,Total,TOTAL,Total,BA,Bosnia and Herzegovina,2017,,882999,,,,,
dataflow,ESTAT:ROAD_EQS_CARMOT$DEFAULTVIEW(1.0),"Passenger cars, by type of motor energy and size of engine",A,Annual,NR,Number,TOTAL,Total,TOTAL,Total,BA,Bosnia and Herzegovina,2018,,919226,,,,,
dataflow,ESTAT:ROAD_EQS_CARMOT$DEFAULTVIEW(1.0),"Passenger cars, by type of motor energy and size of engine",A,Annual,NR,Number,TOTAL,Total,TOTAL,Total,BA,Bosnia and Herzegovina,2019,,939283,,,,,
dataflow,ESTAT:ROAD_EQS_CARMOT$DEFAULTVIEW(1.0),"Passenger cars, by type of motor energy and size of engine",A,Annual,NR,Number,TOTAL,Total,TOTAL,Total,BA,Bosnia and Herzegovina,2020,,936417,,,,,
dataflow,ESTAT:ROAD_EQS_CARMOT$DEFAULTVIEW(1.0),"Passenger cars, by type of motor energy and size of engine",A,Annual,NR,Number,TOTAL,Total,TOTAL,Total,BA,Bosnia and Herzegovina,2021,,983077,,,,,
dataflow,ESTAT:ROAD_EQS_CARMOT$DEFAULTVIEW(1.0),"Passenger cars, by type of motor energy and size of engine",A,Annual,NR,Number,TOTAL,Total,TOTAL,Total,BA,Bosnia and Herzegovina,2022,,1006142,,,,,
dataflow,ESTAT:ROAD_EQS_CARMOT$DEFAULTVIEW(1.0),"Passenger cars, by type of motor energy and size of engine",A,Annual,NR,Number,TOTAL,Total,TOTAL,Total,BA,Bosnia and Herzegovina,2023,,1044950,,,,,
dataflow,ESTAT:ROAD_EQS_CARMOT$DEFAULTVIEW(1.0),"Passenger cars, by type of motor energy and size of engine",A,Annual,NR,Number,TOTAL,Total,TOTAL,Total,BA,Bosnia and Herzegovina,2024,,1094241,,,,,
dataflow,ESTAT:ROAD_EQS_CARMOT$DEFAULTVIEW(1.0),"Passenger cars, by type of motor energy and size of engine",A,Annual,NR,Number,TOTAL,Total,TOTAL,Total,BE,Belgium,2015,,5662059,,,,,
dataflow,ESTAT:ROAD_EQS_CARMOT$DEFAULTVIEW(1.0),"Passenger cars, by type of motor energy and size of engine",A,Annual,NR,Number,TOTAL,Total,TOTAL,Total,BE,Belgium,2016,,5731292,,,,,
dataflow,ESTAT:ROAD_EQS_CARMOT$DEFAULTVIEW(1.0),"Passenger cars, by type of motor energy and size of engine",A,Annual,NR,Number,TOTAL,Total,TOTAL,Total,BE,Belgium,2017,,5798939,,,,,
dataflow,ESTAT:ROAD_EQS_CARMOT$DEFAULTVIEW(1.0),"Passenger cars, by type of motor energy and size of engine",A,Annual,NR,Number,TOTAL,Total,TOTAL,Total,BE,Belgium,2018,,5848425,,,,,
dataflow,ESTAT:ROAD_EQS_CARMOT$DEFAULTVIEW(1.0),"Passenger cars, by type of motor energy and size of engine",A,Annual,NR,Number,TOTAL,Total,TOTAL,Total,BE,Belgium,2019,,5881874,,,,,
dataflow,ESTAT:ROAD_EQS_CARMOT$DEFAULTVIEW(1.0),"Passenger cars, by type of motor energy and size of engine",A,Annual,NR,Number,TOTAL,Total,TOTAL,Total,BE,Belgium,2020,,5897488,,,,,
dataflow,ESTAT:ROAD_EQS_CARMOT$DEFAULTVIEW(1.0),"Passenger cars, by type of motor energy and size of engine",A,Annual,NR,Number,TOTAL,Total,TOTAL,Total,BE,Belgium,2021,,5926009,,,,,
dataflow,ESTAT:ROAD_EQS_CARMOT$DEFAULTVIEW(1.0),"Passenger cars, by type of motor energy and size of engine",A,Annual,NR,Number,TOTAL,Total,TOTAL,Total,BE,Belgium,2022,,5955127,,,,,
dataflow,ESTAT:ROAD_EQS_CARMOT$DEFAULTVIEW(1.0),"Passenger cars, by type of motor energy and size of engine",A,Annual,NR,Number,TOTAL,Total,TOTAL,Total,BE,Belgium,2023,,6047551,,i,value imputed by Eurostat or other receiving agencies,,
dataflow,ESTAT:ROAD_EQS_CARMOT$DEFAULTVIEW(1.0),"Passenger cars, by type of motor energy and size of engine",A,Annual,NR,Number,TOTAL,Total,TOTAL,Total,BE,Belgium,2024,,6099089,,i,value imputed by Eurostat or other receiving agencies,,
dataflow,ESTAT:ROAD_EQS_CARMOT$DEFAULTVIEW(1.0),"Passenger cars, by type of motor energy and size of engine",A,Annual,NR,Number,TOTAL,Total,TOTAL,Total,BG,Bulgaria,2015,,3162037,,,,,
dataflow,ESTAT:ROAD_EQS_CARMOT$DEFAULTVIEW(1.0),"Passenger cars, by type of motor energy and size of engine",A,Annual,NR,Number,TOTAL,Total,TOTAL,Total,BG,Bulgaria,2016,,3143568,,,,,
dataflow,ESTAT:ROAD_EQS_CARMOT$DEFAULTVIEW(1.0),"Passenger cars, by type of motor energy and size of engine",A,Annual,NR,Number,TOTAL,Total,TOTAL,Total,BG,Bulgaria,2017,,2770615,,,,,
dataflow,ESTAT:ROAD_EQS_CARMOT$DEFAULTVIEW(1.0),"Passenger cars, by type of motor energy and size of engine",A,Annual,NR,Number,TOTAL,Total,TOTAL,Total,BG,Bulgaria,2018,,2773325,,,,,
dataflow,ESTAT:ROAD_EQS_CARMOT$DEFAULTVIEW(1.0),"Passenger cars, by type of motor energy and size of engine",A,Annual,NR,Number,TOTAL,Total,TOTAL,Total,BG,Bulgaria,2019,,2829946,,,,,
dataflow,ESTAT:ROAD_EQS_CARMOT$DEFAULTVIEW(1.0),"Passenger cars, by type of motor energy and size of engine",A,Annual,NR,Number,TOTAL,Total,TOTAL,Total,BG,Bulgaria,2020,,2866763,,,,,
dataflow,ESTAT:ROAD_EQS_CARMOT$DEFAULTVIEW(1.0),"Passenger cars, by type of motor energy and size of engine",A,Annual,NR,Number,TOTAL,Total,TOTAL,Total,BG,Bulgaria,2021,,2830464,,,,,
dataflow,ESTAT:ROAD_EQS_CARMOT$DEFAULTVIEW(1.0),"Passenger cars, by type of motor energy and size of engine",A,Annual,NR,Number,TOTAL,Total,TOTAL,Total,BG,Bulgaria,2022,,2896777,,,,,
dataflow,ESTAT:ROAD_EQS_CARMOT$DEFAULTVIEW(1.0),"Passenger cars, by type of motor energy and size of engine",A,Annual,NR,Number,TOTAL,Total,TOTAL,Total,BG,Bulgaria,2023,,3006215,,,,,
dataflow,ESTAT:ROAD_EQS_CARMOT$DEFAULTVIEW(1.0),"Passenger cars, by type of motor energy and size of engine",A,Annual,NR,Number,TOTAL,Total,TOTAL,Total,BG,Bulgaria,2024,,3116742,,,,,
dataflow,ESTAT:ROAD_EQS_CARMOT$DEFAULTVIEW(1.0),"Passenger cars, by type of motor energy and size of engine",A,Annual,NR,Number,TOTAL,Total,TOTAL,Total,CH,Switzerland,2015,,4508898,,,,,
dataflow,ESTAT:ROAD_EQS_CARMOT$DEFAULTVIEW(1.0),"Passenger cars, by type of motor energy and size of engine",A,Annual,NR,Number,TOTAL,Total,TOTAL,Total,CH,Switzerland,2016,,4578963,,,,,
dataflow,ESTAT:ROAD_EQS_CARMOT$DEFAULTVIEW(1.0),"Passenger cars, by type of motor energy and size of engine",A,Annual,NR,Number,TOTAL,Total,TOTAL,Total,CH,Switzerland,2017,,4630054,,,,,
dataflow,ESTAT:ROAD_EQS_CARMOT$DEFAULTVIEW(1.0),"Passenger cars, by type of motor energy and size of engine",A,Annual,NR,Number,TOTAL,Total,TOTAL,Total,CH,Switzerland,2018,,4666278,,,,,
dataflow,ESTAT:ROAD_EQS_CARMOT$DEFAULTVIEW(1.0),"Passenger cars, by type of motor energy and size of engine",A,Annual,NR,Number,TOTAL,Total,TOTAL,Total,CH,Switzerland,2019,,4692741,,,,,
dataflow,ESTAT:ROAD_EQS_CARMOT$DEFAULTVIEW(1.0),"Passenger cars, by type of motor energy and size of engine",A,Annual,NR,Number,TOTAL,Total,TOTAL,Total,CH,Switzerland,2020,,4733517,,,,,
dataflow,ESTAT:ROAD_EQS_CARMOT$DEFAULTVIEW(1.0),"Passenger cars, by type of motor energy and size of engine",A,Annual,NR,Number,TOTAL,Total,TOTAL,Total,CH,Switzerland,2021,,4793803,,,,,
dataflow,ESTAT:ROAD_EQS_CARMOT$DEFAULTVIEW(1.0),"Passenger cars, by type of motor energy and size of engine",A,Annual,NR,Number,TOTAL,Total,TOTAL,Total,CH,Switzerland,2022,,4812896,,,,,
dataflow,ESTAT:ROAD_EQS_CARMOT$DEFAULTVIEW(1.0),"Passenger cars, by type of motor energy and size of engine",A,Annual,NR,Number,TOTAL,Total,TOTAL,Total,CH,Switzerland,2023,,4861544,,,,,
dataflow,ESTAT:ROAD_EQS_CARMOT$DEFAULTVIEW(1.0),"Passenger cars, by type of motor energy and size of engine",A,Annual,NR,Number,TOTAL,Total,TOTAL,Total,CH,Switzerland,2024,,4904659,,,,,
dataflow,ESTAT:ROAD_EQS_CARMOT$DEFAULTVIEW(1.0),"Passenger cars, by type of motor energy and size of engine",A,Annual,NR,Number,TOTAL,Total,TOTAL,Total,CY,Cyprus,2015,,487692,,,,,
dataflow,ESTAT:ROAD_EQS_CARMOT$DEFAULTVIEW(1.0),"Passenger cars, by type of motor energy and size of engine",A,Annual,NR,Number,TOTAL,Total,TOTAL,Total,CY,Cyprus,2016,,508284,,,,,
dataflow,ESTAT:ROAD_EQS_CARMOT$DEFAULTVIEW(1.0),"Passenger cars, by type of motor energy and size of engine",A,Annual,NR,Number,TOTAL,Total,TOTAL,Total,CY,Cyprus,2017,,526617,,,,,
dataflow,ESTAT:ROAD_EQS_CARMOT$DEFAULTVIEW(1.0),"Passenger cars, by type of motor energy and size of engine",A,Annual,NR,Number,TOTAL,Total,TOTAL,Total,CY,Cyprus,2018,,550695,,,,,
dataflow,ESTAT:ROAD_EQS_CARMOT$DEFAULTVIEW(1.0),"Passenger cars, by type of motor energy and size of engine",A,Annual,NR,Number,TOTAL,Total,TOTAL,Total,CY,Cyprus,2019,,572501,,,,,
dataflow,ESTAT:ROAD_EQS_CARMOT$DEFAULTVIEW(1.0),"Passenger cars, by type of motor energy and size of engine",A,Annual,NR,Number,TOTAL,Total,TOTAL,Total,CY,Cyprus,2020,,578158,,,,,
dataflow,ESTAT:ROAD_EQS_CARMOT$DEFAULTVIEW(1.0),"Passenger cars, by type of motor energy and size of engine",A,Annual,NR,Number,TOTAL,Total,TOTAL,Total,CY,Cyprus,2021,,592156,,,,,
dataflow,ESTAT:ROAD_EQS_CARMOT$DEFAULTVIEW(1.0),"Passenger cars, by type of motor energy and size of engine",A,Annual,NR,Number,TOTAL,Total,TOTAL,Total,CY,Cyprus,2022,,601131,,,,,
dataflow,ESTAT:ROAD_EQS_CARMOT$DEFAULTVIEW(1.0),"Passenger cars, by type of motor energy and size of engine",A,Annual,NR,Number,TOTAL,Total,TOTAL,Total,CY,Cyprus,2023,,625625,,,,,
dataflow,ESTAT:ROAD_EQS_CARMOT$DEFAULTVIEW(1.0),"Passenger cars, by type of motor energy and size of engine",A,Annual,NR,Number,TOTAL,Total,TOTAL,Total,CY,Cyprus,2024,,647327,,,,,
dataflow,ESTAT:ROAD_EQS_CARMOT$DEFAULTVIEW(1.0),"Passenger cars, by type of motor energy and size of engine",A,Annual,NR,Number,TOTAL,Total,TOTAL,Total,CZ,Czechia,2015,,5115316,,,,,
dataflow,ESTAT:ROAD_EQS_CARMOT$DEFAULTVIEW(1.0),"Passenger cars, by type of motor energy and size of engine",A,Annual,NR,Number,TOTAL,Total,TOTAL,Total,CZ,Czechia,2016,,5307808,,,,,
dataflow,ESTAT:ROAD_EQS_CARMOT$DEFAULTVIEW(1.0),"Passenger cars, by type of motor energy and size of engine",A,Annual,NR,Number,TOTAL,Total,TOTAL,Total,CZ,Czechia,2017,,5538222,,,,,
dataflow,ESTAT:ROAD_EQS_CARMOT$DEFAULTVIEW(1.0),"Passenger cars, by type of motor energy and size of engine",A,Annual,NR,Number,TOTAL,Total,TOTAL,Total,CZ,Czechia,2018,,5747913,,,,,
dataflow,ESTAT:ROAD_EQS_CARMOT$DEFAULTVIEW(1.0),"Passenger cars, by type of motor energy and size of engine",A,Annual,NR,Number,TOTAL,Total,TOTAL,Total,CZ,Czechia,2019,,5924995,,,,,
dataflow,ESTAT:ROAD_EQS_CARMOT$DEFAULTVIEW(1.0),"Passenger cars, by type of motor energy and size of engine",A,Annual,NR,Number,TOTAL,Total,TOTAL,Total,CZ,Czechia,2020,,6049255,,,,,
dataflow,ESTAT:ROAD_EQS_CARMOT$DEFAULTVIEW(1.0),"Passenger cars, by type of motor energy and size of engine",A,Annual,NR,Number,TOTAL,Total,TOTAL,Total,CZ,Czechia,2021,,6088730,,,,,
dataflow,ESTAT:ROAD_EQS_CARMOT$DEFAULTVIEW(1.0),"Passenger cars, by type of motor energy and size of engine",A,Annual,NR,Number,TOTAL,Total,TOTAL,Total,CZ,Czechia,2022,,6305934,,,,,
dataflow,ESTAT:ROAD_EQS_CARMOT$DEFAULTVIEW(1.0),"Passenger cars, by type of motor energy and size of engine",A,Annual,NR,Number,TOTAL,Total,TOTAL,Total,CZ,Czechia,2023,,6512774,,,,,
dataflow,ESTAT:ROAD_EQS_CARMOT$DEFAULTVIEW(1.0),"Passenger cars, by type of motor energy and size of engine",A,Annual,NR,Number,TOTAL,Total,TOTAL,Total,CZ,Czechia,2024,,6638172,,,,,
dataflow,ESTAT:ROAD_EQS_CARMOT$DEFAULTVIEW(1.0),"Passenger cars, by type of motor energy and size of engine",A,Annual,NR,Number,TOTAL,Total,TOTAL,Total,DE,Germany,2015,,45071000,,,,,
dataflow,ESTAT:ROAD_EQS_CARMOT$DEFAULTVIEW(1.0),"Passenger cars, by type of motor energy and size of engine",A,Annual,NR,Number,TOTAL,Total,TOTAL,Total,DE,Germany,2016,,45803560,,,,,
dataflow,ESTAT:ROAD_EQS_CARMOT$DEFAULTVIEW(1.0),"Passenger cars, by type of motor energy and size of engine",A,Annual,NR,Number,TOTAL,Total,TOTAL,Total,DE,Germany,2017,,46474594,,,,,
dataflow,ESTAT:ROAD_EQS_CARMOT$DEFAULTVIEW(1.0),"Passenger cars, by type of motor energy and size of engine",A,Annual,NR,Number,TOTAL,Total,TOTAL,Total,DE,Germany,2018,,47095784,,,,,
dataflow,ESTAT:ROAD_EQS_CARMOT$DEFAULTVIEW(1.0),"Passenger cars, by type of motor energy and size of engine",A,Annual,NR,Number,TOTAL,Total,TOTAL,Total,DE,Germany,2019,,47715977,,,,,
dataflow,ESTAT:ROAD_EQS_CARMOT$DEFAULTVIEW(1.0),"Passenger cars, by type of motor energy and size of engine",A,Annual,NR,Number,TOTAL,Total,TOTAL,Total,DE,Germany,2020,,48248584,,,,,
dataflow,ESTAT:ROAD_EQS_CARMOT$DEFAULTVIEW(1.0),"Passenger cars, by type of motor energy and size of engine",A,Annual,NR,Number,TOTAL,Total,TOTAL,Total,DE,Germany,2021,,48540878,,,,,
dataflow,ESTAT:ROAD_EQS_CARMOT$DEFAULTVIEW(1.0),"Passenger cars, by type of motor energy and size of engine",A,Annual,NR,Number,TOTAL,Total,TOTAL,Total,DE,Germany,2022,,48763036,,,,,
dataflow,ESTAT:ROAD_EQS_CARMOT$DEFAULTVIEW(1.0),"Passenger cars, by type of motor energy and size of engine",A,Annual,NR,Number,TOTAL,Total,TOTAL,Total,DE,Germany,2023,,49098685,,,,,
dataflow,ESTAT:ROAD_EQS_CARMOT$DEFAULTVIEW(1.0),"Passenger cars, by type of motor energy and size of engine",A,Annual,NR,Number,TOTAL,Total,TOTAL,Total,DE,Germany,2024,,49339166,,,,,
dataflow,ESTAT:ROAD_EQS_CARMOT$DEFAULTVIEW(1.0),"Passenger cars, by type of motor energy and size of engine",A,Annual,NR,Number,TOTAL,Total,TOTAL,Total,DK,Denmark,2015,,2390823,,,,,
dataflow,ESTAT:ROAD_EQS_CARMOT$DEFAULTVIEW(1.0),"Passenger cars, by type of motor energy and size of engine",A,Annual,NR,Number,TOTAL,Total,TOTAL,Total,DK,Denmark,2016,,2465534,,,,,
dataflow,ESTAT:ROAD_EQS_CARMOT$DEFAULTVIEW(1.0),"Passenger cars, by type of motor energy and size of engine",A,Annual,NR,Number,TOTAL,Total,TOTAL,Total,DK,Denmark,2017,,2530052,,,,,
dataflow,ESTAT:ROAD_EQS_CARMOT$DEFAULTVIEW(1.0),"Passenger cars, by type of motor energy and size of engine",A,Annual,NR,Number,TOTAL,Total,TOTAL,Total,DK,Denmark,2018,,2594482,,,,,
dataflow,ESTAT:ROAD_EQS_CARMOT$DEFAULTVIEW(1.0),"Passenger cars, by type of motor energy and size of engine",A,Annual,NR,Number,TOTAL,Total,TOTAL,Total,DK,Denmark,2019,,2651741,,,,,
dataflow,ESTAT:ROAD_EQS_CARMOT$DEFAULTVIEW(1.0),"Passenger cars, by type of motor energy and size of engine",A,Annual,NR,Number,TOTAL,Total,TOTAL,Total,DK,Denmark,2020,,2723612,,,,,
dataflow,ESTAT:ROAD_EQS_CARMOT$DEFAULTVIEW(1.0),"Passenger cars, by type of motor energy and size of engine",A,Annual,NR,Number,TOTAL,Total,TOTAL,Total,DK,Denmark,2021,,2787553,,,,,
dataflow,ESTAT:ROAD_EQS_CARMOT$DEFAULTVIEW(1.0),"Passenger cars, by type of motor energy and size of engine",A,Annual,NR,Number,TOTAL,Total,TOTAL,Total,DK,Denmark,2022,,2801076,,,,,
dataflow,ESTAT:ROAD_EQS_CARMOT$DEFAULTVIEW(1.0),"Passenger cars, by type of motor energy and size of engine",A,Annual,NR,Number,TOTAL,Total,TOTAL,Total,DK,Denmark,2023,,2827864,,,,,
dataflow,ESTAT:ROAD_EQS_CARMOT$DEFAULTVIEW(1.0),"Passenger cars, by type of motor energy and size of engine",A,Annual,NR,Number,TOTAL,Total,TOTAL,Total,DK,Denmark,2024,,2864904,,,,,
dataflow,ESTAT:ROAD_EQS_CARMOT$DEFAULTVIEW(1.0),"Passenger cars, by type of motor energy and size of engine",A,Annual,NR,Number,TOTAL,Total,TOTAL,Total,EE,Estonia,2015,,676596,,,,,
dataflow,ESTAT:ROAD_EQS_CARMOT$DEFAULTVIEW(1.0),"Passenger cars, by type of motor energy and size of engine",A,Annual,NR,Number,TOTAL,Total,TOTAL,Total,EE,Estonia,2016,,703151,,,,,
dataflow,ESTAT:ROAD_EQS_CARMOT$DEFAULTVIEW(1.0),"Passenger cars, by type of motor energy and size of engine",A,Annual,NR,Number,TOTAL,Total,TOTAL,Total,EE,Estonia,2017,,725944,,,,,
dataflow,ESTAT:ROAD_EQS_CARMOT$DEFAULTVIEW(1.0),"Passenger cars, by type of motor energy and size of engine",A,Annual,NR,Number,TOTAL,Total,TOTAL,Total,EE,Estonia,2018,,746464,,,,,
dataflow,ESTAT:ROAD_EQS_CARMOT$DEFAULTVIEW(1.0),"Passenger cars, by type of motor energy and size of engine",A,Annual,NR,Number,TOTAL,Total,TOTAL,Total,EE,Estonia,2019,,794926,,,,,
dataflow,ESTAT:ROAD_EQS_CARMOT$DEFAULTVIEW(1.0),"Passenger cars, by type of motor energy and size of engine",A,Annual,NR,Number,TOTAL,Total,TOTAL,Total,EE,Estonia,2020,,808689,,,,,
dataflow,ESTAT:ROAD_EQS_CARMOT$DEFAULTVIEW(1.0),"Passenger cars, by type of motor energy and size of engine",A,Annual,NR,Number,TOTAL,Total,TOTAL,Total,EE,Estonia,2021,,825936,,,,,
dataflow,ESTAT:ROAD_EQS_CARMOT$DEFAULTVIEW(1.0),"Passenger cars, by type of motor energy and size of engine",A,Annual,NR,Number,TOTAL,Total,TOTAL,Total,EE,Estonia,2022,,849294,,,,,
dataflow,ESTAT:ROAD_EQS_CARMOT$DEFAULTVIEW(1.0),"Passenger cars, by type of motor energy and size of engine",A,Annual,NR,Number,TOTAL,Total,TOTAL,Total,EE,Estonia,2023,,865773,,,,,
dataflow,ESTAT:ROAD_EQS_CARMOT$DEFAULTVIEW(1.0),"Passenger cars, by type of motor energy and size of engine",A,Annual,NR,Number,TOTAL,Total,TOTAL,Total,EE,Estonia,2024,,869666,,,,,
dataflow,ESTAT:ROAD_EQS_CARMOT$DEFAULTVIEW(1.0),"Passenger cars, by type of motor energy and size of engine",A,Annual,NR,Number,TOTAL,Total,TOTAL,Total,EL,Greece,2015,,5107620,,,,,
dataflow,ESTAT:ROAD_EQS_CARMOT$DEFAULTVIEW(1.0),"Passenger cars, by type of motor energy and size of engine",A,Annual,NR,Number,TOTAL,Total,TOTAL,Total,EL,Greece,2016,,5160056,,,,,
dataflow,ESTAT:ROAD_EQS_CARMOT$DEFAULTVIEW(1.0),"Passenger cars, by type of motor energy and size of engine",A,Annual,NR,Number,TOTAL,Total,TOTAL,Total,EL,Greece,2017,,5235928,,,,,
dataflow,ESTAT:ROAD_EQS_CARMOT$DEFAULTVIEW(1.0),"Passenger cars, by type of motor energy and size of engine",A,Annual,NR,Number,TOTAL,Total,TOTAL,Total,EL,Greece,2018,,5282695,,,,,
dataflow,ESTAT:ROAD_EQS_CARMOT$DEFAULTVIEW(1.0),"Passenger cars, by type of motor energy and size of engine",A,Annual,NR,Number,TOTAL,Total,TOTAL,Total,EL,Greece,2019,,5406551,,,,,
dataflow,ESTAT:ROAD_EQS_CARMOT$DEFAULTVIEW(1.0),"Passenger cars, by type of motor energy and size of engine",A,Annual,NR,Number,TOTAL,Total,TOTAL,Total,EL,Greece,2020,,5492176,,,,,
dataflow,ESTAT:ROAD_EQS_CARMOT$DEFAULTVIEW(1.0),"Passenger cars, by type of motor energy and size of engine",A,Annual,NR,Number,TOTAL,Total,TOTAL,Total,EL,Greece,2021,,5604192,,,,,
dataflow,ESTAT:ROAD_EQS_CARMOT$DEFAULTVIEW(1.0),"Passenger cars, by type of motor energy and size of engine",A,Annual,NR,Number,TOTAL,Total,TOTAL,Total,EL,Greece,2022,,5726012,,,,,
dataflow,ESTAT:ROAD_EQS_CARMOT$DEFAULTVIEW(1.0),"Passenger cars, by type of motor energy and size of engine",A,Annual,NR,Number,TOTAL,Total,TOTAL,Total,EL,Greece,2023,,5877759,,,,,
dataflow,ESTAT:ROAD_EQS_CARMOT$DEFAULTVIEW(1.0),"Passenger cars, by type of motor energy and size of engine",A,Annual,NR,Number,TOTAL,Total,TOTAL,Total,EL,Greece,2024,,6027946,,,,,
dataflow,ESTAT:ROAD_EQS_CARMOT$DEFAULTVIEW(1.0),"Passenger cars, by type of motor energy and size of engine",A,Annual,NR,Number,TOTAL,Total,TOTAL,Total,ES,Spain,2015,,22355549,,,,,
dataflow,ESTAT:ROAD_EQS_CARMOT$DEFAULTVIEW(1.0),"Passenger cars, by type of motor energy and size of engine",A,Annual,NR,Number,TOTAL,Total,TOTAL,Total,ES,Spain,2016,,22876830,,i,value imputed by Eurostat or other receiving agencies,,
dataflow,ESTAT:ROAD_EQS_CARMOT$DEFAULTVIEW(1.0),"Passenger cars, by type of motor energy and size of engine",A,Annual,NR,Number,TOTAL,Total,TOTAL,Total,ES,Spain,2017,,24676557,,,,,
dataflow,ESTAT:ROAD_EQS_CARMOT$DEFAULTVIEW(1.0),"Passenger cars, by type of motor energy and size of engine",A,Annual,NR,Number,TOTAL,Total,TOTAL,Total,ES,Spain,2018,,25304190,,,,,
dataflow,ESTAT:ROAD_EQS_CARMOT$DEFAULTVIEW(1.0),"Passenger cars, by type of motor energy and size of engine",A,Annual,NR,Number,TOTAL,Total,TOTAL,Total,ES,Spain,2019,,25836586,,,,,
dataflow,ESTAT:ROAD_EQS_CARMOT$DEFAULTVIEW(1.0),"Passenger cars, by type of motor energy and size of engine",A,Annual,NR,Number,TOTAL,Total,TOTAL,Total,ES,Spain,2020,,26034347,,,,,
dataflow,ESTAT:ROAD_EQS_CARMOT$DEFAULTVIEW(1.0),"Passenger cars, by type of motor energy and size of engine",A,Annual,NR,Number,TOTAL,Total,TOTAL,Total,ES,Spain,2021,,26293882,,,,,
dataflow,ESTAT:ROAD_EQS_CARMOT$DEFAULTVIEW(1.0),"Passenger cars, by type of motor energy and size of engine",A,Annual,NR,Number,TOTAL,Total,TOTAL,Total,ES,Spain,2022,,26605478,,,,,
dataflow,ESTAT:ROAD_EQS_CARMOT$DEFAULTVIEW(1.0),"Passenger cars, by type of motor energy and size of engine",A,Annual,NR,Number,TOTAL,Total,TOTAL,Total,ES,Spain,2023,,26778142,,,,,
dataflow,ESTAT:ROAD_EQS_CARMOT$DEFAULTVIEW(1.0),"Passenger cars, by type of motor energy and size of engine",A,Annual,NR,Number,TOTAL,Total,TOTAL,Total,ES,Spain,2024,,26700972,,,,,
dataflow,ESTAT:ROAD_EQS_CARMOT$DEFAULTVIEW(1.0),"Passenger cars, by type of motor energy and size of engine",A,Annual,NR,Number,TOTAL,Total,TOTAL,Total,EU27_2020,European Union - 27 countries (from 2020),2015,,225651590,,,,,
dataflow,ESTAT:ROAD_EQS_CARMOT$DEFAULTVIEW(1.0),"Passenger cars, by type of motor energy and size of engine",A,Annual,NR,Number,TOTAL,Total,TOTAL,Total,EU27_2020,European Union - 27 countries (from 2020),2016,,230249119,,,,,
dataflow,ESTAT:ROAD_EQS_CARMOT$DEFAULTVIEW(1.0),"Passenger cars, by type of motor energy and size of engine",A,Annual,NR,Number,TOTAL,Total,TOTAL,Total,EU27_2020,European Union - 27 countries (from 2020),2017,,236047946,,,,,
dataflow,ESTAT:ROAD_EQS_CARMOT$DEFAULTVIEW(1.0),"Passenger cars, by type of motor energy and size of engine",A,Annual,NR,Number,TOTAL,Total,TOTAL,Total,EU27_2020,European Union - 27 countries (from 2020),2018,,240409941,,,,,
dataflow,ESTAT:ROAD_EQS_CARMOT$DEFAULTVIEW(1.0),"Passenger cars, by type of motor energy and size of engine",A,Annual,NR,Number,TOTAL,Total,TOTAL,Total,EU27_2020,European Union - 27 countries (from 2020),2019,,244852589,,,,,
dataflow,ESTAT:ROAD_EQS_CARMOT$DEFAULTVIEW(1.0),"Passenger cars, by type of motor energy and size of engine",A,Annual,NR,Number,TOTAL,Total,TOTAL,Total,EU27_2020,European Union - 27 countries (from 2020),2020,,247658524,,,,,
dataflow,ESTAT:ROAD_EQS_CARMOT$DEFAULTVIEW(1.0),"Passenger cars, by type of motor energy and size of engine",A,Annual,NR,Number,TOTAL,Total,TOTAL,Total,EU27_2020,European Union - 27 countries (from 2020),2021,,250251134,,,,,
dataflow,ESTAT:ROAD_EQS_CARMOT$DEFAULTVIEW(1.0),"Passenger cars, by type of motor energy and size of engine",A,Annual,NR,Number,TOTAL,Total,TOTAL,Total,EU27_2020,European Union - 27 countries (from 2020),2022,,252729075,,,,,
dataflow,ESTAT:ROAD_EQS_CARMOT$DEFAULTVIEW(1.0),"Passenger cars, by type of motor energy and size of engine",A,Annual,NR,Number,TOTAL,Total,TOTAL,Total,EU27_2020,European Union - 27 countries (from 2020),2023,,256229781,,,,,
dataflow,ESTAT:ROAD_EQS_CARMOT$DEFAULTVIEW(1.0),"Passenger cars, by type of motor energy and size of engine",A,Annual,NR,Number,TOTAL,Total,TOTAL,Total,EU27_2020,European Union - 27 countries (from 2020),2024,,260195837,,,,,
dataflow,ESTAT:ROAD_EQS_CARMOT$DEFAULTVIEW(1.0),"Passenger cars, by type of motor energy and size of engine",A,Annual,NR,Number,TOTAL,Total,TOTAL,Total,FI,Finland,2015,,3234860,,,,,
dataflow,ESTAT:ROAD_EQS_CARMOT$DEFAULTVIEW(1.0),"Passenger cars, by type of motor energy and size of engine",A,Annual,NR,Number,TOTAL,Total,TOTAL,Total,FI,Finland,2016,,3322672,,,,,
dataflow,ESTAT:ROAD_EQS_CARMOT$DEFAULTVIEW(1.0),"Passenger cars, by type of motor energy and size of engine",A,Annual,NR,Number,TOTAL,Total,TOTAL,Total,FI,Finland,2017,,3398937,,,,,
dataflow,ESTAT:ROAD_EQS_CARMOT$DEFAULTVIEW(1.0),"Passenger cars, by type of motor energy and size of engine",A,Annual,NR,Number,TOTAL,Total,TOTAL,Total,FI,Finland,2018,,3470507,,,,,
dataflow,ESTAT:ROAD_EQS_CARMOT$DEFAULTVIEW(1.0),"Passenger cars, by type of motor energy and size of engine",A,Annual,NR,Number,TOTAL,Total,TOTAL,Total,FI,Finland,2019,,3549803,,,,,
dataflow,ESTAT:ROAD_EQS_CARMOT$DEFAULTVIEW(1.0),"Passenger cars, by type of motor energy and size of engine",A,Annual,NR,Number,TOTAL,Total,TOTAL,Total,FI,Finland,2020,,3607531,,,,,
dataflow,ESTAT:ROAD_EQS_CARMOT$DEFAULTVIEW(1.0),"Passenger cars, by type of motor energy and size of engine",A,Annual,NR,Number,TOTAL,Total,TOTAL,Total,FI,Finland,2021,,3641532,,,,,
dataflow,ESTAT:ROAD_EQS_CARMOT$DEFAULTVIEW(1.0),"Passenger cars, by type of motor energy and size of engine",A,Annual,NR,Number,TOTAL,Total,TOTAL,Total,FI,Finland,2022,,3673750,,,,,
dataflow,ESTAT:ROAD_EQS_CARMOT$DEFAULTVIEW(1.0),"Passenger cars, by type of motor energy and size of engine",A,Annual,NR,Number,TOTAL,Total,TOTAL,Total,FI,Finland,2023,,3718278,,,,,
dataflow,ESTAT:ROAD_EQS_CARMOT$DEFAULTVIEW(1.0),"Passenger cars, by type of motor energy and size of engine",A,Annual,NR,Number,TOTAL,Total,TOTAL,Total,FI,Finland,2024,,3755842,,,,,
dataflow,ESTAT:ROAD_EQS_CARMOT$DEFAULTVIEW(1.0),"Passenger cars, by type of motor energy and size of engine",A,Annual,NR,Number,TOTAL,Total,TOTAL,Total,FR,France,2015,,37180101,,,,,
dataflow,ESTAT:ROAD_EQS_CARMOT$DEFAULTVIEW(1.0),"Passenger cars, by type of motor energy and size of engine",A,Annual,NR,Number,TOTAL,Total,TOTAL,Total,FR,France,2016,,37673476,,,,,
dataflow,ESTAT:ROAD_EQS_CARMOT$DEFAULTVIEW(1.0),"Passenger cars, by type of motor energy and size of engine",A,Annual,NR,Number,TOTAL,Total,TOTAL,Total,FR,France,2017,,38117663,,,,,
dataflow,ESTAT:ROAD_EQS_CARMOT$DEFAULTVIEW(1.0),"Passenger cars, by type of motor energy and size of engine",A,Annual,NR,Number,TOTAL,Total,TOTAL,Total,FR,France,2018,,38229305,,,,,
dataflow,ESTAT:ROAD_EQS_CARMOT$DEFAULTVIEW(1.0),"Passenger cars, by type of motor energy and size of engine",A,Annual,NR,Number,TOTAL,Total,TOTAL,Total,FR,France,2019,,38423556,,,,,
dataflow,ESTAT:ROAD_EQS_CARMOT$DEFAULTVIEW(1.0),"Passenger cars, by type of motor energy and size of engine",A,Annual,NR,Number,TOTAL,Total,TOTAL,Total,FR,France,2020,,38470122,,,,,
dataflow,ESTAT:ROAD_EQS_CARMOT$DEFAULTVIEW(1.0),"Passenger cars, by type of motor energy and size of engine",A,Annual,NR,Number,TOTAL,Total,TOTAL,Total,FR,France,2021,,38818914,,,,,
dataflow,ESTAT:ROAD_EQS_CARMOT$DEFAULTVIEW(1.0),"Passenger cars, by type of motor energy and size of engine",A,Annual,NR,Number,TOTAL,Total,TOTAL,Total,FR,France,2022,,38973339,,,,,
dataflow,ESTAT:ROAD_EQS_CARMOT$DEFAULTVIEW(1.0),"Passenger cars, by type of motor energy and size of engine",A,Annual,NR,Number,TOTAL,Total,TOTAL,Total,FR,France,2023,,39358421,,,,,
dataflow,ESTAT:ROAD_EQS_CARMOT$DEFAULTVIEW(1.0),"Passenger cars, by type of motor energy and size of engine",A,Annual,NR,Number,TOTAL,Total,TOTAL,Total,FR,France,2024,,39738933,,,,,
dataflow,ESTAT:ROAD_EQS_CARMOT$DEFAULTVIEW(1.0),"Passenger cars, by type of motor energy and size of engine",A,Annual,NR,Number,TOTAL,Total,TOTAL,Total,GE,Georgia,2015,,894700,,,,,
dataflow,ESTAT:ROAD_EQS_CARMOT$DEFAULTVIEW(1.0),"Passenger cars, by type of motor energy and size of engine",A,Annual,NR,Number,TOTAL,Total,TOTAL,Total,GE,Georgia,2016,,973300,,,,,
dataflow,ESTAT:ROAD_EQS_CARMOT$DEFAULTVIEW(1.0),"Passenger cars, by type of motor energy and size of engine",A,Annual,NR,Number,TOTAL,Total,TOTAL,Total,GE,Georgia,2017,,1030421,,,,,
dataflow,ESTAT:ROAD_EQS_CARMOT$DEFAULTVIEW(1.0),"Passenger cars, by type of motor energy and size of engine",A,Annual,NR,Number,TOTAL,Total,TOTAL,Total,GE,Georgia,2018,,1085638,,,,,
dataflow,ESTAT:ROAD_EQS_CARMOT$DEFAULTVIEW(1.0),"Passenger cars, by type of motor energy and size of engine",A,Annual,NR,Number,TOTAL,Total,TOTAL,Total,GE,Georgia,2019,,1130768,,,,,
dataflow,ESTAT:ROAD_EQS_CARMOT$DEFAULTVIEW(1.0),"Passenger cars, by type of motor energy and size of engine",A,Annual,NR,Number,TOTAL,Total,TOTAL,Total,GE,Georgia,2020,,1190070,,,,,
dataflow,ESTAT:ROAD_EQS_CARMOT$DEFAULTVIEW(1.0),"Passenger cars, by type of motor energy and size of engine",A,Annual,NR,Number,TOTAL,Total,TOTAL,Total,GE,Georgia,2021,,1265867,,,,,
dataflow,ESTAT:ROAD_EQS_CARMOT$DEFAULTVIEW(1.0),"Passenger cars, by type of motor energy and size of engine",A,Annual,NR,Number,TOTAL,Total,TOTAL,Total,GE,Georgia,2022,,1333012,,,,,
dataflow,ESTAT:ROAD_EQS_CARMOT$DEFAULTVIEW(1.0),"Passenger cars, by type of motor energy and size of engine",A,Annual,NR,Number,TOTAL,Total,TOTAL,Total,GE,Georgia,2023,,1438585,,,,,
dataflow,ESTAT:ROAD_EQS_CARMOT$DEFAULTVIEW(1.0),"Passenger cars, by type of motor energy and size of engine",A,Annual,NR,Number,TOTAL,Total,TOTAL,Total,GE,Georgia,2024,,1534634,,,,,
dataflow,ESTAT:ROAD_EQS_CARMOT$DEFAULTVIEW(1.0),"Passenger cars, by type of motor energy and size of engine",A,Annual,NR,Number,TOTAL,Total,TOTAL,Total,HR,Croatia,2015,,1499802,,,,,
dataflow,ESTAT:ROAD_EQS_CARMOT$DEFAULTVIEW(1.0),"Passenger cars, by type of motor energy and size of engine",A,Annual,NR,Number,TOTAL,Total,TOTAL,Total,HR,Croatia,2016,,1552904,,,,,
dataflow,ESTAT:ROAD_EQS_CARMOT$DEFAULTVIEW(1.0),"Passenger cars, by type of motor energy and size of engine",A,Annual,NR,Number,TOTAL,Total,TOTAL,Total,HR,Croatia,2017,,1596087,,,,,
dataflow,ESTAT:ROAD_EQS_CARMOT$DEFAULTVIEW(1.0),"Passenger cars, by type of motor energy and size of engine",A,Annual,NR,Number,TOTAL,Total,TOTAL,Total,HR,Croatia,2018,,1666413,,,,,
dataflow,ESTAT:ROAD_EQS_CARMOT$DEFAULTVIEW(1.0),"Passenger cars, by type of motor energy and size of engine",A,Annual,NR,Number,TOTAL,Total,TOTAL,Total,HR,Croatia,2019,,1724900,,,,,
dataflow,ESTAT:ROAD_EQS_CARMOT$DEFAULTVIEW(1.0),"Passenger cars, by type of motor energy and size of engine",A,Annual,NR,Number,TOTAL,Total,TOTAL,Total,HR,Croatia,2020,,1746285,,,,,
dataflow,ESTAT:ROAD_EQS_CARMOT$DEFAULTVIEW(1.0),"Passenger cars, by type of motor energy and size of engine",A,Annual,NR,Number,TOTAL,Total,TOTAL,Total,HR,Croatia,2021,,1795465,,,,,
dataflow,ESTAT:ROAD_EQS_CARMOT$DEFAULTVIEW(1.0),"Passenger cars, by type of motor energy and size of engine",A,Annual,NR,Number,TOTAL,Total,TOTAL,Total,HR,Croatia,2022,,1840767,,,,,
dataflow,ESTAT:ROAD_EQS_CARMOT$DEFAULTVIEW(1.0),"Passenger cars, by type of motor energy and size of engine",A,Annual,NR,Number,TOTAL,Total,TOTAL,Total,HR,Croatia,2023,,1910131,,,,,
dataflow,ESTAT:ROAD_EQS_CARMOT$DEFAULTVIEW(1.0),"Passenger cars, by type of motor energy and size of engine",A,Annual,NR,Number,TOTAL,Total,TOTAL,Total,HR,Croatia,2024,,1987156,,,,,
dataflow,ESTAT:ROAD_EQS_CARMOT$DEFAULTVIEW(1.0),"Passenger cars, by type of motor energy and size of engine",A,Annual,NR,Number,TOTAL,Total,TOTAL,Total,HU,Hungary,2015,,3196856,,,,,
dataflow,ESTAT:ROAD_EQS_CARMOT$DEFAULTVIEW(1.0),"Passenger cars, by type of motor energy and size of engine",A,Annual,NR,Number,TOTAL,Total,TOTAL,Total,HU,Hungary,2016,,3313206,,,,,
dataflow,ESTAT:ROAD_EQS_CARMOT$DEFAULTVIEW(1.0),"Passenger cars, by type of motor energy and size of engine",A,Annual,NR,Number,TOTAL,Total,TOTAL,Total,HU,Hungary,2017,,3471997,,,,,
dataflow,ESTAT:ROAD_EQS_CARMOT$DEFAULTVIEW(1.0),"Passenger cars, by type of motor energy and size of engine",A,Annual,NR,Number,TOTAL,Total,TOTAL,Total,HU,Hungary,2018,,3641823,,,,,
dataflow,ESTAT:ROAD_EQS_CARMOT$DEFAULTVIEW(1.0),"Passenger cars, by type of motor energy and size of engine",A,Annual,NR,Number,TOTAL,Total,TOTAL,Total,HU,Hungary,2019,,3812013,,,,,
dataflow,ESTAT:ROAD_EQS_CARMOT$DEFAULTVIEW(1.0),"Passenger cars, by type of motor energy and size of engine",A,Annual,NR,Number,TOTAL,Total,TOTAL,Total,HU,Hungary,2020,,3920799,,,,,
dataflow,ESTAT:ROAD_EQS_CARMOT$DEFAULTVIEW(1.0),"Passenger cars, by type of motor energy and size of engine",A,Annual,NR,Number,TOTAL,Total,TOTAL,Total,HU,Hungary,2021,,4020159,,,,,
dataflow,ESTAT:ROAD_EQS_CARMOT$DEFAULTVIEW(1.0),"Passenger cars, by type of motor energy and size of engine",A,Annual,NR,Number,TOTAL,Total,TOTAL,Total,HU,Hungary,2022,,4094129,,,,,
dataflow,ESTAT:ROAD_EQS_CARMOT$DEFAULTVIEW(1.0),"Passenger cars, by type of motor energy and size of engine",A,Annual,NR,Number,TOTAL,Total,TOTAL,Total,HU,Hungary,2023,,4168651,,,,,
dataflow,ESTAT:ROAD_EQS_CARMOT$DEFAULTVIEW(1.0),"Passenger cars, by type of motor energy and size of engine",A,Annual,NR,Number,TOTAL,Total,TOTAL,Total,HU,Hungary,2024,,4263067,,,,,
dataflow,ESTAT:ROAD_EQS_CARMOT$DEFAULTVIEW(1.0),"Passenger cars, by type of motor energy and size of engine",A,Annual,NR,Number,TOTAL,Total,TOTAL,Total,IE,Ireland,2015,,2060170,,,,,
dataflow,ESTAT:ROAD_EQS_CARMOT$DEFAULTVIEW(1.0),"Passenger cars, by type of motor energy and size of engine",A,Annual,NR,Number,TOTAL,Total,TOTAL,Total,IE,Ireland,2016,,2102720,,,,,
dataflow,ESTAT:ROAD_EQS_CARMOT$DEFAULTVIEW(1.0),"Passenger cars, by type of motor energy and size of engine",A,Annual,NR,Number,TOTAL,Total,TOTAL,Total,IE,Ireland,2017,,2142390,,,,,
dataflow,ESTAT:ROAD_EQS_CARMOT$DEFAULTVIEW(1.0),"Passenger cars, by type of motor energy and size of engine",A,Annual,NR,Number,TOTAL,Total,TOTAL,Total,IE,Ireland,2018,,2182920,,,,,
dataflow,ESTAT:ROAD_EQS_CARMOT$DEFAULTVIEW(1.0),"Passenger cars, by type of motor energy and size of engine",A,Annual,NR,Number,TOTAL,Total,TOTAL,Total,IE,Ireland,2019,,2253210,,,,,
dataflow,ESTAT:ROAD_EQS_CARMOT$DEFAULTVIEW(1.0),"Passenger cars, by type of motor energy and size of engine",A,Annual,NR,Number,TOTAL,Total,TOTAL,Total,IE,Ireland,2020,,2291940,,,,,
dataflow,ESTAT:ROAD_EQS_CARMOT$DEFAULTVIEW(1.0),"Passenger cars, by type of motor energy and size of engine",A,Annual,NR,Number,TOTAL,Total,TOTAL,Total,IE,Ireland,2021,,2309760,,,,,
dataflow,ESTAT:ROAD_EQS_CARMOT$DEFAULTVIEW(1.0),"Passenger cars, by type of motor energy and size of engine",A,Annual,NR,Number,TOTAL,Total,TOTAL,Total,IE,Ireland,2022,,2335130,,,,,
dataflow,ESTAT:ROAD_EQS_CARMOT$DEFAULTVIEW(1.0),"Passenger cars, by type of motor energy and size of engine",A,Annual,NR,Number,TOTAL,Total,TOTAL,Total,IE,Ireland,2023,,2404140,,,,,
dataflow,ESTAT:ROAD_EQS_CARMOT$DEFAULTVIEW(1.0),"Passenger cars, by type of motor energy and size of engine",A,Annual,NR,Number,TOTAL,Total,TOTAL,Total,IE,Ireland,2024,,2534636,,i,value imputed by Eurostat or other receiving agencies,,
dataflow,ESTAT:ROAD_EQS_CARMOT$DEFAULTVIEW(1.0),"Passenger cars, by type of motor energy and size of engine",A,Annual,NR,Number,TOTAL,Total,TOTAL,Total,IS,Iceland,2017,,257100,,,,,
dataflow,ESTAT:ROAD_EQS_CARMOT$DEFAULTVIEW(1.0),"Passenger cars, by type of motor energy and size of engine",A,Annual,NR,Number,TOTAL,Total,TOTAL,Total,IS,Iceland,2018,,267467,,,,,
dataflow,ESTAT:ROAD_EQS_CARMOT$DEFAULTVIEW(1.0),"Passenger cars, by type of motor energy and size of engine",A,Annual,NR,Number,TOTAL,Total,TOTAL,Total,IS,Iceland,2019,,269825,,,,,
dataflow,ESTAT:ROAD_EQS_CARMOT$DEFAULTVIEW(1.0),"Passenger cars, by type of motor energy and size of engine",A,Annual,NR,Number,TOTAL,Total,TOTAL,Total,IS,Iceland,2020,,269615,,,,,
dataflow,ESTAT:ROAD_EQS_CARMOT$DEFAULTVIEW(1.0),"Passenger cars, by type of motor energy and size of engine",A,Annual,NR,Number,TOTAL,Total,TOTAL,Total,IS,Iceland,2021,,289017,,,,,
dataflow,ESTAT:ROAD_EQS_CARMOT$DEFAULTVIEW(1.0),"Passenger cars, by type of motor energy and size of engine",A,Annual,NR,Number,TOTAL,Total,TOTAL,Total,IS,Iceland,2022,,287368,,,,,
dataflow,ESTAT:ROAD_EQS_CARMOT$DEFAULTVIEW(1.0),"Passenger cars, by type of motor energy and size of engine",A,Annual,NR,Number,TOTAL,Total,TOTAL,Total,IS,Iceland,2023,,256000,,,,,
dataflow,ESTAT:ROAD_EQS_CARMOT$DEFAULTVIEW(1.0),"Passenger cars, by type of motor energy and size of engine",A,Annual,NR,Number,TOTAL,Total,TOTAL,Total,IS,Iceland,2024,,249032,,i,value imputed by Eurostat or other receiving agencies,,
dataflow,ESTAT:ROAD_EQS_CARMOT$DEFAULTVIEW(1.0),"Passenger cars, by type of motor energy and size of engine",A,Annual,NR,Number,TOTAL,Total,TOTAL,Total,IT,Italy,2015,,37351233,,,,,
dataflow,ESTAT:ROAD_EQS_CARMOT$DEFAULTVIEW(1.0),"Passenger cars, by type of motor energy and size of engine",A,Annual,NR,Number,TOTAL,Total,TOTAL,Total,IT,Italy,2016,,37876138,,,,,
dataflow,ESTAT:ROAD_EQS_CARMOT$DEFAULTVIEW(1.0),"Passenger cars, by type of motor energy and size of engine",A,Annual,NR,Number,TOTAL,Total,TOTAL,Total,IT,Italy,2017,,38520321,,,,,
dataflow,ESTAT:ROAD_EQS_CARMOT$DEFAULTVIEW(1.0),"Passenger cars, by type of motor energy and size of engine",A,Annual,NR,Number,TOTAL,Total,TOTAL,Total,IT,Italy,2018,,39018170,,,,,
dataflow,ESTAT:ROAD_EQS_CARMOT$DEFAULTVIEW(1.0),"Passenger cars, by type of motor energy and size of engine",A,Annual,NR,Number,TOTAL,Total,TOTAL,Total,IT,Italy,2019,,39545232,,,,,
dataflow,ESTAT:ROAD_EQS_CARMOT$DEFAULTVIEW(1.0),"Passenger cars, by type of motor energy and size of engine",A,Annual,NR,Number,TOTAL,Total,TOTAL,Total,IT,Italy,2020,,39717874,,,,,
dataflow,ESTAT:ROAD_EQS_CARMOT$DEFAULTVIEW(1.0),"Passenger cars, by type of motor energy and size of engine",A,Annual,NR,Number,TOTAL,Total,TOTAL,Total,IT,Italy,2021,,39822723,,,,,
dataflow,ESTAT:ROAD_EQS_CARMOT$DEFAULTVIEW(1.0),"Passenger cars, by type of motor energy and size of engine",A,Annual,NR,Number,TOTAL,Total,TOTAL,Total,IT,Italy,2022,,40213061,,,,,
dataflow,ESTAT:ROAD_EQS_CARMOT$DEFAULTVIEW(1.0),"Passenger cars, by type of motor energy and size of engine",A,Annual,NR,Number,TOTAL,Total,TOTAL,Total,IT,Italy,2023,,40915229,,,,,
dataflow,ESTAT:ROAD_EQS_CARMOT$DEFAULTVIEW(1.0),"Passenger cars, by type of motor energy and size of engine",A,Annual,NR,Number,TOTAL,Total,TOTAL,Total,IT,Italy,2024,,41340516,,,,,
dataflow,ESTAT:ROAD_EQS_CARMOT$DEFAULTVIEW(1.0),"Passenger cars, by type of motor energy and size of engine",A,Annual,NR,Number,TOTAL,Total,TOTAL,Total,LI,Liechtenstein,2015,,28802,,,,,
dataflow,ESTAT:ROAD_EQS_CARMOT$DEFAULTVIEW(1.0),"Passenger cars, by type of motor energy and size of engine",A,Annual,NR,Number,TOTAL,Total,TOTAL,Total,LI,Liechtenstein,2016,,29241,,,,,
dataflow,ESTAT:ROAD_EQS_CARMOT$DEFAULTVIEW(1.0),"Passenger cars, by type of motor energy and size of engine",A,Annual,NR,Number,TOTAL,Total,TOTAL,Total,LI,Liechtenstein,2017,,29675,,,,,
dataflow,ESTAT:ROAD_EQS_CARMOT$DEFAULTVIEW(1.0),"Passenger cars, by type of motor energy and size of engine",A,Annual,NR,Number,TOTAL,Total,TOTAL,Total,LI,Liechtenstein,2018,,29949,,,,,
dataflow,ESTAT:ROAD_EQS_CARMOT$DEFAULTVIEW(1.0),"Passenger cars, by type of motor energy and size of engine",A,Annual,NR,Number,TOTAL,Total,TOTAL,Total,LI,Liechtenstein,2019,,30249,,,,,
dataflow,ESTAT:ROAD_EQS_CARMOT$DEFAULTVIEW(1.0),"Passenger cars, by type of motor energy and size of engine",A,Annual,NR,Number,TOTAL,Total,TOTAL,Total,LI,Liechtenstein,2020,,30436,,,,,
dataflow,ESTAT:ROAD_EQS_CARMOT$DEFAULTVIEW(1.0),"Passenger cars, by type of motor energy and size of engine",A,Annual,NR,Number,TOTAL,Total,TOTAL,Total,LI,Liechtenstein,2021,,30541,,,,,
dataflow,ESTAT:ROAD_EQS_CARMOT$DEFAULTVIEW(1.0),"Passenger cars, by type of motor energy and size of engine",A,Annual,NR,Number,TOTAL,Total,TOTAL,Total,LI,Liechtenstein,2022,,30659,,,,,
dataflow,ESTAT:ROAD_EQS_CARMOT$DEFAULTVIEW(1.0),"Passenger cars, by type of motor energy and size of engine",A,Annual,NR,Number,TOTAL,Total,TOTAL,Total,LI,Liechtenstein,2023,,30964,,,,,
dataflow,ESTAT:ROAD_EQS_CARMOT$DEFAULTVIEW(1.0),"Passenger cars, by type of motor energy and size of engine",A,Annual,NR,Number,TOTAL,Total,TOTAL,Total,LI,Liechtenstein,2024,,31340,,,,,
dataflow,ESTAT:ROAD_EQS_CARMOT$DEFAULTVIEW(1.0),"Passenger cars, by type of motor energy and size of engine",A,Annual,NR,Number,TOTAL,Total,TOTAL,Total,LT,Lithuania,2015,,1244063,,,,,
dataflow,ESTAT:ROAD_EQS_CARMOT$DEFAULTVIEW(1.0),"Passenger cars, by type of motor energy and size of engine",A,Annual,NR,Number,TOTAL,Total,TOTAL,Total,LT,Lithuania,2016,,1298737,,,,,
dataflow,ESTAT:ROAD_EQS_CARMOT$DEFAULTVIEW(1.0),"Passenger cars, by type of motor energy and size of engine",A,Annual,NR,Number,TOTAL,Total,TOTAL,Total,LT,Lithuania,2017,,1356987,,,,,
dataflow,ESTAT:ROAD_EQS_CARMOT$DEFAULTVIEW(1.0),"Passenger cars, by type of motor energy and size of engine",A,Annual,NR,Number,TOTAL,Total,TOTAL,Total,LT,Lithuania,2018,,1430520,,,,,
dataflow,ESTAT:ROAD_EQS_CARMOT$DEFAULTVIEW(1.0),"Passenger cars, by type of motor energy and size of engine",A,Annual,NR,Number,TOTAL,Total,TOTAL,Total,LT,Lithuania,2019,,1498688,,,,,
dataflow,ESTAT:ROAD_EQS_CARMOT$DEFAULTVIEW(1.0),"Passenger cars, by type of motor energy and size of engine",A,Annual,NR,Number,TOTAL,Total,TOTAL,Total,LT,Lithuania,2020,,1565465,,,,,
dataflow,ESTAT:ROAD_EQS_CARMOT$DEFAULTVIEW(1.0),"Passenger cars, by type of motor energy and size of engine",A,Annual,NR,Number,TOTAL,Total,TOTAL,Total,LT,Lithuania,2021,,1611143,,,,,
dataflow,ESTAT:ROAD_EQS_CARMOT$DEFAULTVIEW(1.0),"Passenger cars, by type of motor energy and size of engine",A,Annual,NR,Number,TOTAL,Total,TOTAL,Total,LT,Lithuania,2022,,1650384,,,,,
dataflow,ESTAT:ROAD_EQS_CARMOT$DEFAULTVIEW(1.0),"Passenger cars, by type of motor energy and size of engine",A,Annual,NR,Number,TOTAL,Total,TOTAL,Total,LT,Lithuania,2023,,1700524,,,,,
dataflow,ESTAT:ROAD_EQS_CARMOT$DEFAULTVIEW(1.0),"Passenger cars, by type of motor energy and size of engine",A,Annual,NR,Number,TOTAL,Total,TOTAL,Total,LT,Lithuania,2024,,1729713,,,,,
dataflow,ESTAT:ROAD_EQS_CARMOT$DEFAULTVIEW(1.0),"Passenger cars, by type of motor energy and size of engine",A,Annual,NR,Number,TOTAL,Total,TOTAL,Total,LU,Luxembourg,2015,,381103,,,,,
dataflow,ESTAT:ROAD_EQS_CARMOT$DEFAULTVIEW(1.0),"Passenger cars, by type of motor energy and size of engine",A,Annual,NR,Number,TOTAL,Total,TOTAL,Total,LU,Luxembourg,2016,,390935,,,,,
dataflow,ESTAT:ROAD_EQS_CARMOT$DEFAULTVIEW(1.0),"Passenger cars, by type of motor energy and size of engine",A,Annual,NR,Number,TOTAL,Total,TOTAL,Total,LU,Luxembourg,2017,,403282,,,,,
dataflow,ESTAT:ROAD_EQS_CARMOT$DEFAULTVIEW(1.0),"Passenger cars, by type of motor energy and size of engine",A,Annual,NR,Number,TOTAL,Total,TOTAL,Total,LU,Luxembourg,2018,,415145,,,,,
dataflow,ESTAT:ROAD_EQS_CARMOT$DEFAULTVIEW(1.0),"Passenger cars, by type of motor energy and size of engine",A,Annual,NR,Number,TOTAL,Total,TOTAL,Total,LU,Luxembourg,2019,,426346,,,,,
dataflow,ESTAT:ROAD_EQS_CARMOT$DEFAULTVIEW(1.0),"Passenger cars, by type of motor energy and size of engine",A,Annual,NR,Number,TOTAL,Total,TOTAL,Total,LU,Luxembourg,2020,,433183,,,,,
dataflow,ESTAT:ROAD_EQS_CARMOT$DEFAULTVIEW(1.0),"Passenger cars, by type of motor energy and size of engine",A,Annual,NR,Number,TOTAL,Total,TOTAL,Total,LU,Luxembourg,2021,,439919,,,,,
dataflow,ESTAT:ROAD_EQS_CARMOT$DEFAULTVIEW(1.0),"Passenger cars, by type of motor energy and size of engine",A,Annual,NR,Number,TOTAL,Total,TOTAL,Total,LU,Luxembourg,2022,,444818,,,,,
dataflow,ESTAT:ROAD_EQS_CARMOT$DEFAULTVIEW(1.0),"Passenger cars, by type of motor energy and size of engine",A,Annual,NR,Number,TOTAL,Total,TOTAL,Total,LU,Luxembourg,2023,,453659,,,,,
dataflow,ESTAT:ROAD_EQS_CARMOT$DEFAULTVIEW(1.0),"Passenger cars, by type of motor energy and size of engine",A,Annual,NR,Number,TOTAL,Total,TOTAL,Total,LU,Luxembourg,2024,,457231,,,,,
dataflow,ESTAT:ROAD_EQS_CARMOT$DEFAULTVIEW(1.0),"Passenger cars, by type of motor energy and size of engine",A,Annual,NR,Number,TOTAL,Total,TOTAL,Total,LV,Latvia,2015,,679048,,,,,
dataflow,ESTAT:ROAD_EQS_CARMOT$DEFAULTVIEW(1.0),"Passenger cars, by type of motor energy and size of engine",A,Annual,NR,Number,TOTAL,Total,TOTAL,Total,LV,Latvia,2016,,664177,,,,,
dataflow,ESTAT:ROAD_EQS_CARMOT$DEFAULTVIEW(1.0),"Passenger cars, by type of motor energy and size of engine",A,Annual,NR,Number,TOTAL,Total,TOTAL,Total,LV,Latvia,2017,,689536,,,,,
dataflow,ESTAT:ROAD_EQS_CARMOT$DEFAULTVIEW(1.0),"Passenger cars, by type of motor energy and size of engine",A,Annual,NR,Number,TOTAL,Total,TOTAL,Total,LV,Latvia,2018,,707841,,,,,
dataflow,ESTAT:ROAD_EQS_CARMOT$DEFAULTVIEW(1.0),"Passenger cars, by type of motor energy and size of engine",A,Annual,NR,Number,TOTAL,Total,TOTAL,Total,LV,Latvia,2019,,727164,,,,,
dataflow,ESTAT:ROAD_EQS_CARMOT$DEFAULTVIEW(1.0),"Passenger cars, by type of motor energy and size of engine",A,Annual,NR,Number,TOTAL,Total,TOTAL,Total,LV,Latvia,2020,,739124,,,,,
dataflow,ESTAT:ROAD_EQS_CARMOT$DEFAULTVIEW(1.0),"Passenger cars, by type of motor energy and size of engine",A,Annual,NR,Number,TOTAL,Total,TOTAL,Total,LV,Latvia,2021,,758688,,,,,
dataflow,ESTAT:ROAD_EQS_CARMOT$DEFAULTVIEW(1.0),"Passenger cars, by type of motor energy and size of engine",A,Annual,NR,Number,TOTAL,Total,TOTAL,Total,LV,Latvia,2022,,769723,,,,,
dataflow,ESTAT:ROAD_EQS_CARMOT$DEFAULTVIEW(1.0),"Passenger cars, by type of motor energy and size of engine",A,Annual,NR,Number,TOTAL,Total,TOTAL,Total,LV,Latvia,2023,,781690,,,,,
dataflow,ESTAT:ROAD_EQS_CARMOT$DEFAULTVIEW(1.0),"Passenger cars, by type of motor energy and size of engine",A,Annual,NR,Number,TOTAL,Total,TOTAL,Total,LV,Latvia,2024,,788075,,,,,
dataflow,ESTAT:ROAD_EQS_CARMOT$DEFAULTVIEW(1.0),"Passenger cars, by type of motor energy and size of engine",A,Annual,NR,Number,TOTAL,Total,TOTAL,Total,MD,Moldova,2015,,529813,,,,,
dataflow,ESTAT:ROAD_EQS_CARMOT$DEFAULTVIEW(1.0),"Passenger cars, by type of motor energy and size of engine",A,Annual,NR,Number,TOTAL,Total,TOTAL,Total,MD,Moldova,2016,,546781,,,,,
dataflow,ESTAT:ROAD_EQS_CARMOT$DEFAULTVIEW(1.0),"Passenger cars, by type of motor energy and size of engine",A,Annual,NR,Number,TOTAL,Total,TOTAL,Total,MD,Moldova,2017,,588119,,,,,
dataflow,ESTAT:ROAD_EQS_CARMOT$DEFAULTVIEW(1.0),"Passenger cars, by type of motor energy and size of engine",A,Annual,NR,Number,TOTAL,Total,TOTAL,Total,MD,Moldova,2018,,616800,,,,,
dataflow,ESTAT:ROAD_EQS_CARMOT$DEFAULTVIEW(1.0),"Passenger cars, by type of motor energy and size of engine",A,Annual,NR,Number,TOTAL,Total,TOTAL,Total,MD,Moldova,2019,,648780,,,,,
dataflow,ESTAT:ROAD_EQS_CARMOT$DEFAULTVIEW(1.0),"Passenger cars, by type of motor energy and size of engine",A,Annual,NR,Number,TOTAL,Total,TOTAL,Total,MD,Moldova,2020,,677670,,,,,
dataflow,ESTAT:ROAD_EQS_CARMOT$DEFAULTVIEW(1.0),"Passenger cars, by type of motor energy and size of engine",A,Annual,NR,Number,TOTAL,Total,TOTAL,Total,MD,Moldova,2021,,716906,,,,,
dataflow,ESTAT:ROAD_EQS_CARMOT$DEFAULTVIEW(1.0),"Passenger cars, by type of motor energy and size of engine",A,Annual,NR,Number,TOTAL,Total,TOTAL,Total,MD,Moldova,2022,,745970,,,,,
dataflow,ESTAT:ROAD_EQS_CARMOT$DEFAULTVIEW(1.0),"Passenger cars, by type of motor energy and size of engine",A,Annual,NR,Number,TOTAL,Total,TOTAL,Total,MD,Moldova,2023,,788506,,,,,
dataflow,ESTAT:ROAD_EQS_CARMOT$DEFAULTVIEW(1.0),"Passenger cars, by type of motor energy and size of engine",A,Annual,NR,Number,TOTAL,Total,TOTAL,Total,MD,Moldova,2024,,842215,,,,,
dataflow,ESTAT:ROAD_EQS_CARMOT$DEFAULTVIEW(1.0),"Passenger cars, by type of motor energy and size of engine",A,Annual,NR,Number,TOTAL,Total,TOTAL,Total,ME,Montenegro,2015,,175912,,,,,
dataflow,ESTAT:ROAD_EQS_CARMOT$DEFAULTVIEW(1.0),"Passenger cars, by type of motor energy and size of engine",A,Annual,NR,Number,TOTAL,Total,TOTAL,Total,ME,Montenegro,2016,,184734,,,,,
dataflow,ESTAT:ROAD_EQS_CARMOT$DEFAULTVIEW(1.0),"Passenger cars, by type of motor energy and size of engine",A,Annual,NR,Number,TOTAL,Total,TOTAL,Total,ME,Montenegro,2017,,193242,,,,,
dataflow,ESTAT:ROAD_EQS_CARMOT$DEFAULTVIEW(1.0),"Passenger cars, by type of motor energy and size of engine",A,Annual,NR,Number,TOTAL,Total,TOTAL,Total,ME,Montenegro,2018,,206453,,,,,
dataflow,ESTAT:ROAD_EQS_CARMOT$DEFAULTVIEW(1.0),"Passenger cars, by type of motor energy and size of engine",A,Annual,NR,Number,TOTAL,Total,TOTAL,Total,ME,Montenegro,2019,,217959,,,,,
dataflow,ESTAT:ROAD_EQS_CARMOT$DEFAULTVIEW(1.0),"Passenger cars, by type of motor energy and size of engine",A,Annual,NR,Number,TOTAL,Total,TOTAL,Total,ME,Montenegro,2020,,210113,,,,,
dataflow,ESTAT:ROAD_EQS_CARMOT$DEFAULTVIEW(1.0),"Passenger cars, by type of motor energy and size of engine",A,Annual,NR,Number,TOTAL,Total,TOTAL,Total,ME,Montenegro,2021,,221405,,,,,
dataflow,ESTAT:ROAD_EQS_CARMOT$DEFAULTVIEW(1.0),"Passenger cars, by type of motor energy and size of engine",A,Annual,NR,Number,TOTAL,Total,TOTAL,Total,ME,Montenegro,2022,,227716,,,,,
dataflow,ESTAT:ROAD_EQS_CARMOT$DEFAULTVIEW(1.0),"Passenger cars, by type of motor energy and size of engine",A,Annual,NR,Number,TOTAL,Total,TOTAL,Total,ME,Montenegro,2023,,242599,,,,,
dataflow,ESTAT:ROAD_EQS_CARMOT$DEFAULTVIEW(1.0),"Passenger cars, by type of motor energy and size of engine",A,Annual,NR,Number,TOTAL,Total,TOTAL,Total,ME,Montenegro,2024,,259815,,,,,
dataflow,ESTAT:ROAD_EQS_CARMOT$DEFAULTVIEW(1.0),"Passenger cars, by type of motor energy and size of engine",A,Annual,NR,Number,TOTAL,Total,TOTAL,Total,MK,North Macedonia,2015,,383833,,,,,
dataflow,ESTAT:ROAD_EQS_CARMOT$DEFAULTVIEW(1.0),"Passenger cars, by type of motor energy and size of engine",A,Annual,NR,Number,TOTAL,Total,TOTAL,Total,MK,North Macedonia,2016,,394934,,,,,
dataflow,ESTAT:ROAD_EQS_CARMOT$DEFAULTVIEW(1.0),"Passenger cars, by type of motor energy and size of engine",A,Annual,NR,Number,TOTAL,Total,TOTAL,Total,MK,North Macedonia,2017,,403316,,,,,
dataflow,ESTAT:ROAD_EQS_CARMOT$DEFAULTVIEW(1.0),"Passenger cars, by type of motor energy and size of engine",A,Annual,NR,Number,TOTAL,Total,TOTAL,Total,MK,North Macedonia,2018,,415062,,,,,
dataflow,ESTAT:ROAD_EQS_CARMOT$DEFAULTVIEW(1.0),"Passenger cars, by type of motor energy and size of engine",A,Annual,NR,Number,TOTAL,Total,TOTAL,Total,MK,North Macedonia,2019,,426045,,,,,
dataflow,ESTAT:ROAD_EQS_CARMOT$DEFAULTVIEW(1.0),"Passenger cars, by type of motor energy and size of engine",A,Annual,NR,Number,TOTAL,Total,TOTAL,Total,MK,North Macedonia,2020,,429196,,,,,
dataflow,ESTAT:ROAD_EQS_CARMOT$DEFAULTVIEW(1.0),"Passenger cars, by type of motor energy and size of engine",A,Annual,NR,Number,TOTAL,Total,TOTAL,Total,MK,North Macedonia,2021,,477820,,,,,
dataflow,ESTAT:ROAD_EQS_CARMOT$DEFAULTVIEW(1.0),"Passenger cars, by type of motor energy and size of engine",A,Annual,NR,Number,TOTAL,Total,TOTAL,Total,MK,North Macedonia,2022,,483482,,,,,
dataflow,ESTAT:ROAD_EQS_CARMOT$DEFAULTVIEW(1.0),"Passenger cars, by type of motor energy and size of engine",A,Annual,NR,Number,TOTAL,Total,TOTAL,Total,MK,North Macedonia,2023,,552934,,,,,
dataflow,ESTAT:ROAD_EQS_CARMOT$DEFAULTVIEW(1.0),"Passenger cars, by type of motor energy and size of engine",A,Annual,NR,Number,TOTAL,Total,TOTAL,Total,MK,North Macedonia,2024,,580210,,,,,
dataflow,ESTAT:ROAD_EQS_CARMOT$DEFAULTVIEW(1.0),"Passenger cars, by type of motor energy and size of engine",A,Annual,NR,Number,TOTAL,Total,TOTAL,Total,MT,Malta,2015,,275380,,,,,
dataflow,ESTAT:ROAD_EQS_CARMOT$DEFAULTVIEW(1.0),"Passenger cars, by type of motor energy and size of engine",A,Annual,NR,Number,TOTAL,Total,TOTAL,Total,MT,Malta,2016,,282921,,,,,
dataflow,ESTAT:ROAD_EQS_CARMOT$DEFAULTVIEW(1.0),"Passenger cars, by type of motor energy and size of engine",A,Annual,NR,Number,TOTAL,Total,TOTAL,Total,MT,Malta,2017,,291798,,,,,
dataflow,ESTAT:ROAD_EQS_CARMOT$DEFAULTVIEW(1.0),"Passenger cars, by type of motor energy and size of engine",A,Annual,NR,Number,TOTAL,Total,TOTAL,Total,MT,Malta,2018,,300140,,,,,
dataflow,ESTAT:ROAD_EQS_CARMOT$DEFAULTVIEW(1.0),"Passenger cars, by type of motor energy and size of engine",A,Annual,NR,Number,TOTAL,Total,TOTAL,Total,MT,Malta,2019,,307130,,,,,
dataflow,ESTAT:ROAD_EQS_CARMOT$DEFAULTVIEW(1.0),"Passenger cars, by type of motor energy and size of engine",A,Annual,NR,Number,TOTAL,Total,TOTAL,Total,MT,Malta,2020,,308358,,,,,
dataflow,ESTAT:ROAD_EQS_CARMOT$DEFAULTVIEW(1.0),"Passenger cars, by type of motor energy and size of engine",A,Annual,NR,Number,TOTAL,Total,TOTAL,Total,MT,Malta,2021,,313177,,,,,
dataflow,ESTAT:ROAD_EQS_CARMOT$DEFAULTVIEW(1.0),"Passenger cars, by type of motor energy and size of engine",A,Annual,NR,Number,TOTAL,Total,TOTAL,Total,MT,Malta,2022,,317234,,,,,
dataflow,ESTAT:ROAD_EQS_CARMOT$DEFAULTVIEW(1.0),"Passenger cars, by type of motor energy and size of engine",A,Annual,NR,Number,TOTAL,Total,TOTAL,Total,MT,Malta,2023,,323852,,,,,
dataflow,ESTAT:ROAD_EQS_CARMOT$DEFAULTVIEW(1.0),"Passenger cars, by type of motor energy and size of engine",A,Annual,NR,Number,TOTAL,Total,TOTAL,Total,MT,Malta,2024,,330484,,,,,
dataflow,ESTAT:ROAD_EQS_CARMOT$DEFAULTVIEW(1.0),"Passenger cars, by type of motor energy and size of engine",A,Annual,NR,Number,TOTAL,Total,TOTAL,Total,NL,Netherlands,2015,,8100864,,,,,
dataflow,ESTAT:ROAD_EQS_CARMOT$DEFAULTVIEW(1.0),"Passenger cars, by type of motor energy and size of engine",A,Annual,NR,Number,TOTAL,Total,TOTAL,Total,NL,Netherlands,2016,,8222974,,,,,
dataflow,ESTAT:ROAD_EQS_CARMOT$DEFAULTVIEW(1.0),"Passenger cars, by type of motor energy and size of engine",A,Annual,NR,Number,TOTAL,Total,TOTAL,Total,NL,Netherlands,2017,,8373244,,,,,
dataflow,ESTAT:ROAD_EQS_CARMOT$DEFAULTVIEW(1.0),"Passenger cars, by type of motor energy and size of engine",A,Annual,NR,Number,TOTAL,Total,TOTAL,Total,NL,Netherlands,2018,,8442982,,,,,
dataflow,ESTAT:ROAD_EQS_CARMOT$DEFAULTVIEW(1.0),"Passenger cars, by type of motor energy and size of engine",A,Annual,NR,Number,TOTAL,Total,TOTAL,Total,NL,Netherlands,2019,,8584391,,,,,
dataflow,ESTAT:ROAD_EQS_CARMOT$DEFAULTVIEW(1.0),"Passenger cars, by type of motor energy and size of engine",A,Annual,NR,Number,TOTAL,Total,TOTAL,Total,NL,Netherlands,2020,,8686419,,,,,
dataflow,ESTAT:ROAD_EQS_CARMOT$DEFAULTVIEW(1.0),"Passenger cars, by type of motor energy and size of engine",A,Annual,NR,Number,TOTAL,Total,TOTAL,Total,NL,Netherlands,2021,,8827709,,,,,
dataflow,ESTAT:ROAD_EQS_CARMOT$DEFAULTVIEW(1.0),"Passenger cars, by type of motor energy and size of engine",A,Annual,NR,Number,TOTAL,Total,TOTAL,Total,NL,Netherlands,2022,,8917107,,,,,
dataflow,ESTAT:ROAD_EQS_CARMOT$DEFAULTVIEW(1.0),"Passenger cars, by type of motor energy and size of engine",A,Annual,NR,Number,TOTAL,Total,TOTAL,Total,NL,Netherlands,2023,,9067393,,,,,
dataflow,ESTAT:ROAD_EQS_CARMOT$DEFAULTVIEW(1.0),"Passenger cars, by type of motor energy and size of engine",A,Annual,NR,Number,TOTAL,Total,TOTAL,Total,NL,Netherlands,2024,,9247810,,,,,
dataflow,ESTAT:ROAD_EQS_CARMOT$DEFAULTVIEW(1.0),"Passenger cars, by type of motor energy and size of engine",A,Annual,NR,Number,TOTAL,Total,TOTAL,Total,NO,Norway,2015,,2610000,,,,,
dataflow,ESTAT:ROAD_EQS_CARMOT$DEFAULTVIEW(1.0),"Passenger cars, by type of motor energy and size of engine",A,Annual,NR,Number,TOTAL,Total,TOTAL,Total,NO,Norway,2016,,2662910,,,,,
dataflow,ESTAT:ROAD_EQS_CARMOT$DEFAULTVIEW(1.0),"Passenger cars, by type of motor energy and size of engine",A,Annual,NR,Number,TOTAL,Total,TOTAL,Total,NO,Norway,2017,,2719396,,,,,
dataflow,ESTAT:ROAD_EQS_CARMOT$DEFAULTVIEW(1.0),"Passenger cars, by type of motor energy and size of engine",A,Annual,NR,Number,TOTAL,Total,TOTAL,Total,NO,Norway,2018,,2751949,,,,,
dataflow,ESTAT:ROAD_EQS_CARMOT$DEFAULTVIEW(1.0),"Passenger cars, by type of motor energy and size of engine",A,Annual,NR,Number,TOTAL,Total,TOTAL,Total,NO,Norway,2019,,2801208,,,,,
dataflow,ESTAT:ROAD_EQS_CARMOT$DEFAULTVIEW(1.0),"Passenger cars, by type of motor energy and size of engine",A,Annual,NR,Number,TOTAL,Total,TOTAL,Total,NO,Norway,2020,,2934883,,,,,
dataflow,ESTAT:ROAD_EQS_CARMOT$DEFAULTVIEW(1.0),"Passenger cars, by type of motor energy and size of engine",A,Annual,NR,Number,TOTAL,Total,TOTAL,Total,NO,Norway,2021,,3003005,,,,,
dataflow,ESTAT:ROAD_EQS_CARMOT$DEFAULTVIEW(1.0),"Passenger cars, by type of motor energy and size of engine",A,Annual,NR,Number,TOTAL,Total,TOTAL,Total,NO,Norway,2022,,3018728,,,,,
dataflow,ESTAT:ROAD_EQS_CARMOT$DEFAULTVIEW(1.0),"Passenger cars, by type of motor energy and size of engine",A,Annual,NR,Number,TOTAL,Total,TOTAL,Total,NO,Norway,2023,,2889087,,,,,
dataflow,ESTAT:ROAD_EQS_CARMOT$DEFAULTVIEW(1.0),"Passenger cars, by type of motor energy and size of engine",A,Annual,NR,Number,TOTAL,Total,TOTAL,Total,NO,Norway,2024,,2891748,,,,,
dataflow,ESTAT:ROAD_EQS_CARMOT$DEFAULTVIEW(1.0),"Passenger cars, by type of motor energy and size of engine",A,Annual,NR,Number,TOTAL,Total,TOTAL,Total,PL,Poland,2015,,18011775,,b,break in time series,,
dataflow,ESTAT:ROAD_EQS_CARMOT$DEFAULTVIEW(1.0),"Passenger cars, by type of motor energy and size of engine",A,Annual,NR,Number,TOTAL,Total,TOTAL,Total,PL,Poland,2016,,18718408,,i,value imputed by Eurostat or other receiving agencies,,
dataflow,ESTAT:ROAD_EQS_CARMOT$DEFAULTVIEW(1.0),"Passenger cars, by type of motor energy and size of engine",A,Annual,NR,Number,TOTAL,Total,TOTAL,Total,PL,Poland,2017,,19266117,,i,value imputed by Eurostat or other receiving agencies,,
dataflow,ESTAT:ROAD_EQS_CARMOT$DEFAULTVIEW(1.0),"Passenger cars, by type of motor energy and size of engine",A,Annual,NR,Number,TOTAL,Total,TOTAL,Total,PL,Poland,2018,,19911107,,i,value imputed by Eurostat or other receiving agencies,,
dataflow,ESTAT:ROAD_EQS_CARMOT$DEFAULTVIEW(1.0),"Passenger cars, by type of motor energy and size of engine",A,Annual,NR,Number,TOTAL,Total,TOTAL,Total,PL,Poland,2019,,20544344,,i,value imputed by Eurostat or other receiving agencies,,
dataflow,ESTAT:ROAD_EQS_CARMOT$DEFAULTVIEW(1.0),"Passenger cars, by type of motor energy and size of engine",A,Annual,NR,Number,TOTAL,Total,TOTAL,Total,PL,Poland,2020,,20985865,,i,value imputed by Eurostat or other receiving agencies,,
dataflow,ESTAT:ROAD_EQS_CARMOT$DEFAULTVIEW(1.0),"Passenger cars, by type of motor energy and size of engine",A,Annual,NR,Number,TOTAL,Total,TOTAL,Total,PL,Poland,2021,,21356007,,i,value imputed by Eurostat or other receiving agencies,,
dataflow,ESTAT:ROAD_EQS_CARMOT$DEFAULTVIEW(1.0),"Passenger cars, by type of motor energy and size of engine",A,Annual,NR,Number,TOTAL,Total,TOTAL,Total,PL,Poland,2022,,21458101,,i,value imputed by Eurostat or other receiving agencies,,
dataflow,ESTAT:ROAD_EQS_CARMOT$DEFAULTVIEW(1.0),"Passenger cars, by type of motor energy and size of engine",A,Annual,NR,Number,TOTAL,Total,TOTAL,Total,PL,Poland,2023,,21796947,,,,,
dataflow,ESTAT:ROAD_EQS_CARMOT$DEFAULTVIEW(1.0),"Passenger cars, by type of motor energy and size of engine",A,Annual,NR,Number,TOTAL,Total,TOTAL,Total,PL,Poland,2024,,22951213,,b,break in time series,,
dataflow,ESTAT:ROAD_EQS_CARMOT$DEFAULTVIEW(1.0),"Passenger cars, by type of motor energy and size of engine",A,Annual,NR,Number,TOTAL,Total,TOTAL,Total,PT,Portugal,2015,,4722963,,,,,
dataflow,ESTAT:ROAD_EQS_CARMOT$DEFAULTVIEW(1.0),"Passenger cars, by type of motor energy and size of engine",A,Annual,NR,Number,TOTAL,Total,TOTAL,Total,PT,Portugal,2016,,4850229,,,,,
dataflow,ESTAT:ROAD_EQS_CARMOT$DEFAULTVIEW(1.0),"Passenger cars, by type of motor energy and size of engine",A,Annual,NR,Number,TOTAL,Total,TOTAL,Total,PT,Portugal,2017,,5059472,,,,,
dataflow,ESTAT:ROAD_EQS_CARMOT$DEFAULTVIEW(1.0),"Passenger cars, by type of motor energy and size of engine",A,Annual,NR,Number,TOTAL,Total,TOTAL,Total,PT,Portugal,2018,,5282970,,,,,
dataflow,ESTAT:ROAD_EQS_CARMOT$DEFAULTVIEW(1.0),"Passenger cars, by type of motor energy and size of engine",A,Annual,NR,Number,TOTAL,Total,TOTAL,Total,PT,Portugal,2019,,5452119,,,,,
dataflow,ESTAT:ROAD_EQS_CARMOT$DEFAULTVIEW(1.0),"Passenger cars, by type of motor energy and size of engine",A,Annual,NR,Number,TOTAL,Total,TOTAL,Total,PT,Portugal,2020,,5565963,,,,,
dataflow,ESTAT:ROAD_EQS_CARMOT$DEFAULTVIEW(1.0),"Passenger cars, by type of motor energy and size of engine",A,Annual,NR,Number,TOTAL,Total,TOTAL,Total,PT,Portugal,2021,,5632644,,,,,
dataflow,ESTAT:ROAD_EQS_CARMOT$DEFAULTVIEW(1.0),"Passenger cars, by type of motor energy and size of engine",A,Annual,NR,Number,TOTAL,Total,TOTAL,Total,PT,Portugal,2022,,5778584,,,,,
dataflow,ESTAT:ROAD_EQS_CARMOT$DEFAULTVIEW(1.0),"Passenger cars, by type of motor energy and size of engine",A,Annual,NR,Number,TOTAL,Total,TOTAL,Total,PT,Portugal,2023,,5847610,,,,,
dataflow,ESTAT:ROAD_EQS_CARMOT$DEFAULTVIEW(1.0),"Passenger cars, by type of motor energy and size of engine",A,Annual,NR,Number,TOTAL,Total,TOTAL,Total,PT,Portugal,2024,,6135517,,,,,
dataflow,ESTAT:ROAD_EQS_CARMOT$DEFAULTVIEW(1.0),"Passenger cars, by type of motor energy and size of engine",A,Annual,NR,Number,TOTAL,Total,TOTAL,Total,RO,Romania,2015,,5155059,,,,,
dataflow,ESTAT:ROAD_EQS_CARMOT$DEFAULTVIEW(1.0),"Passenger cars, by type of motor energy and size of engine",A,Annual,NR,Number,TOTAL,Total,TOTAL,Total,RO,Romania,2016,,5472423,,,,,
dataflow,ESTAT:ROAD_EQS_CARMOT$DEFAULTVIEW(1.0),"Passenger cars, by type of motor energy and size of engine",A,Annual,NR,Number,TOTAL,Total,TOTAL,Total,RO,Romania,2017,,5998194,,,,,
dataflow,ESTAT:ROAD_EQS_CARMOT$DEFAULTVIEW(1.0),"Passenger cars, by type of motor energy and size of engine",A,Annual,NR,Number,TOTAL,Total,TOTAL,Total,RO,Romania,2018,,6452536,,,,,
dataflow,ESTAT:ROAD_EQS_CARMOT$DEFAULTVIEW(1.0),"Passenger cars, by type of motor energy and size of engine",A,Annual,NR,Number,TOTAL,Total,TOTAL,Total,RO,Romania,2019,,6902984,,,,,
dataflow,ESTAT:ROAD_EQS_CARMOT$DEFAULTVIEW(1.0),"Passenger cars, by type of motor energy and size of engine",A,Annual,NR,Number,TOTAL,Total,TOTAL,Total,RO,Romania,2020,,7274728,,,,,
dataflow,ESTAT:ROAD_EQS_CARMOT$DEFAULTVIEW(1.0),"Passenger cars, by type of motor energy and size of engine",A,Annual,NR,Number,TOTAL,Total,TOTAL,Total,RO,Romania,2021,,7611039,,,,,
dataflow,ESTAT:ROAD_EQS_CARMOT$DEFAULTVIEW(1.0),"Passenger cars, by type of motor energy and size of engine",A,Annual,NR,Number,TOTAL,Total,TOTAL,Total,RO,Romania,2022,,7865186,,,,,
dataflow,ESTAT:ROAD_EQS_CARMOT$DEFAULTVIEW(1.0),"Passenger cars, by type of motor energy and size of engine",A,Annual,NR,Number,TOTAL,Total,TOTAL,Total,RO,Romania,2023,,8106570,,,,,
dataflow,ESTAT:ROAD_EQS_CARMOT$DEFAULTVIEW(1.0),"Passenger cars, by type of motor energy and size of engine",A,Annual,NR,Number,TOTAL,Total,TOTAL,Total,RO,Romania,2024,,8449781,,,,,
dataflow,ESTAT:ROAD_EQS_CARMOT$DEFAULTVIEW(1.0),"Passenger cars, by type of motor energy and size of engine",A,Annual,NR,Number,TOTAL,Total,TOTAL,Total,RS,Serbia,2015,,1833237,,,,,
dataflow,ESTAT:ROAD_EQS_CARMOT$DEFAULTVIEW(1.0),"Passenger cars, by type of motor energy and size of engine",A,Annual,NR,Number,TOTAL,Total,TOTAL,Total,RS,Serbia,2016,,1888566,,,,,
dataflow,ESTAT:ROAD_EQS_CARMOT$DEFAULTVIEW(1.0),"Passenger cars, by type of motor energy and size of engine",A,Annual,NR,Number,TOTAL,Total,TOTAL,Total,RS,Serbia,2017,,1968787,,,,,
dataflow,ESTAT:ROAD_EQS_CARMOT$DEFAULTVIEW(1.0),"Passenger cars, by type of motor energy and size of engine",A,Annual,NR,Number,TOTAL,Total,TOTAL,Total,RS,Serbia,2018,,1999771,,,,,
dataflow,ESTAT:ROAD_EQS_CARMOT$DEFAULTVIEW(1.0),"Passenger cars, by type of motor energy and size of engine",A,Annual,NR,Number,TOTAL,Total,TOTAL,Total,RS,Serbia,2019,,2083753,,,,,
dataflow,ESTAT:ROAD_EQS_CARMOT$DEFAULTVIEW(1.0),"Passenger cars, by type of motor energy and size of engine",A,Annual,NR,Number,TOTAL,Total,TOTAL,Total,RS,Serbia,2020,,2164818,,,,,
dataflow,ESTAT:ROAD_EQS_CARMOT$DEFAULTVIEW(1.0),"Passenger cars, by type of motor energy and size of engine",A,Annual,NR,Number,TOTAL,Total,TOTAL,Total,RS,Serbia,2021,,2235794,,,,,
dataflow,ESTAT:ROAD_EQS_CARMOT$DEFAULTVIEW(1.0),"Passenger cars, by type of motor energy and size of engine",A,Annual,NR,Number,TOTAL,Total,TOTAL,Total,RS,Serbia,2022,,2337498,,,,,
dataflow,ESTAT:ROAD_EQS_CARMOT$DEFAULTVIEW(1.0),"Passenger cars, by type of motor energy and size of engine",A,Annual,NR,Number,TOTAL,Total,TOTAL,Total,RS,Serbia,2023,,2389105,,,,,
dataflow,ESTAT:ROAD_EQS_CARMOT$DEFAULTVIEW(1.0),"Passenger cars, by type of motor energy and size of engine",A,Annual,NR,Number,TOTAL,Total,TOTAL,Total,RS,Serbia,2024,,2476419,,,,,
dataflow,ESTAT:ROAD_EQS_CARMOT$DEFAULTVIEW(1.0),"Passenger cars, by type of motor energy and size of engine",A,Annual,NR,Number,TOTAL,Total,TOTAL,Total,SE,Sweden,2015,,4668262,,,,,
dataflow,ESTAT:ROAD_EQS_CARMOT$DEFAULTVIEW(1.0),"Passenger cars, by type of motor energy and size of engine",A,Annual,NR,Number,TOTAL,Total,TOTAL,Total,SE,Sweden,2016,,4767262,,,,,
dataflow,ESTAT:ROAD_EQS_CARMOT$DEFAULTVIEW(1.0),"Passenger cars, by type of motor energy and size of engine",A,Annual,NR,Number,TOTAL,Total,TOTAL,Total,SE,Sweden,2017,,4844823,,,,,
dataflow,ESTAT:ROAD_EQS_CARMOT$DEFAULTVIEW(1.0),"Passenger cars, by type of motor energy and size of engine",A,Annual,NR,Number,TOTAL,Total,TOTAL,Total,SE,Sweden,2018,,4869979,,,,,
dataflow,ESTAT:ROAD_EQS_CARMOT$DEFAULTVIEW(1.0),"Passenger cars, by type of motor energy and size of engine",A,Annual,NR,Number,TOTAL,Total,TOTAL,Total,SE,Sweden,2019,,4887116,,,,,
dataflow,ESTAT:ROAD_EQS_CARMOT$DEFAULTVIEW(1.0),"Passenger cars, by type of motor energy and size of engine",A,Annual,NR,Number,TOTAL,Total,TOTAL,Total,SE,Sweden,2020,,4943293,,,,,
dataflow,ESTAT:ROAD_EQS_CARMOT$DEFAULTVIEW(1.0),"Passenger cars, by type of motor energy and size of engine",A,Annual,NR,Number,TOTAL,Total,TOTAL,Total,SE,Sweden,2021,,4985979,,,,,
dataflow,ESTAT:ROAD_EQS_CARMOT$DEFAULTVIEW(1.0),"Passenger cars, by type of motor energy and size of engine",A,Annual,NR,Number,TOTAL,Total,TOTAL,Total,SE,Sweden,2022,,4979761,,,,,
dataflow,ESTAT:ROAD_EQS_CARMOT$DEFAULTVIEW(1.0),"Passenger cars, by type of motor energy and size of engine",A,Annual,NR,Number,TOTAL,Total,TOTAL,Total,SE,Sweden,2023,,4976366,,,,,
dataflow,ESTAT:ROAD_EQS_CARMOT$DEFAULTVIEW(1.0),"Passenger cars, by type of motor energy and size of engine",A,Annual,NR,Number,TOTAL,Total,TOTAL,Total,SE,Sweden,2024,,4976987,,,,,
dataflow,ESTAT:ROAD_EQS_CARMOT$DEFAULTVIEW(1.0),"Passenger cars, by type of motor energy and size of engine",A,Annual,NR,Number,TOTAL,Total,TOTAL,Total,SI,Slovenia,2015,,1078737,,,,,
dataflow,ESTAT:ROAD_EQS_CARMOT$DEFAULTVIEW(1.0),"Passenger cars, by type of motor energy and size of engine",A,Annual,NR,Number,TOTAL,Total,TOTAL,Total,SI,Slovenia,2016,,1096523,,,,,
dataflow,ESTAT:ROAD_EQS_CARMOT$DEFAULTVIEW(1.0),"Passenger cars, by type of motor energy and size of engine",A,Annual,NR,Number,TOTAL,Total,TOTAL,Total,SI,Slovenia,2017,,1117935,,,,,
dataflow,ESTAT:ROAD_EQS_CARMOT$DEFAULTVIEW(1.0),"Passenger cars, by type of motor energy and size of engine",A,Annual,NR,Number,TOTAL,Total,TOTAL,Total,SI,Slovenia,2018,,1143150,,,,,
dataflow,ESTAT:ROAD_EQS_CARMOT$DEFAULTVIEW(1.0),"Passenger cars, by type of motor energy and size of engine",A,Annual,NR,Number,TOTAL,Total,TOTAL,Total,SI,Slovenia,2019,,1165371,,,,,
dataflow,ESTAT:ROAD_EQS_CARMOT$DEFAULTVIEW(1.0),"Passenger cars, by type of motor energy and size of engine",A,Annual,NR,Number,TOTAL,Total,TOTAL,Total,SI,Slovenia,2020,,1170690,,,,,
dataflow,ESTAT:ROAD_EQS_CARMOT$DEFAULTVIEW(1.0),"Passenger cars, by type of motor energy and size of engine",A,Annual,NR,Number,TOTAL,Total,TOTAL,Total,SI,Slovenia,2021,,1189457,,,,,
dataflow,ESTAT:ROAD_EQS_CARMOT$DEFAULTVIEW(1.0),"Passenger cars, by type of motor energy and size of engine",A,Annual,NR,Number,TOTAL,Total,TOTAL,Total,SI,Slovenia,2022,,1207755,,,,,
dataflow,ESTAT:ROAD_EQS_CARMOT$DEFAULTVIEW(1.0),"Passenger cars, by type of motor energy and size of engine",A,Annual,NR,Number,TOTAL,Total,TOTAL,Total,SI,Slovenia,2023,,1230565,,,,,
dataflow,ESTAT:ROAD_EQS_CARMOT$DEFAULTVIEW(1.0),"Passenger cars, by type of motor energy and size of engine",A,Annual,NR,Number,TOTAL,Total,TOTAL,Total,SI,Slovenia,2024,,1250508,,,,,
dataflow,ESTAT:ROAD_EQS_CARMOT$DEFAULTVIEW(1.0),"Passenger cars, by type of motor energy and size of engine",A,Annual,NR,Number,TOTAL,Total,TOTAL,Total,SK,Slovakia,2015,,2034574,,,,,
dataflow,ESTAT:ROAD_EQS_CARMOT$DEFAULTVIEW(1.0),"Passenger cars, by type of motor energy and size of engine",A,Annual,NR,Number,TOTAL,Total,TOTAL,Total,SK,Slovakia,2016,,2121774,,,,,
dataflow,ESTAT:ROAD_EQS_CARMOT$DEFAULTVIEW(1.0),"Passenger cars, by type of motor energy and size of engine",A,Annual,NR,Number,TOTAL,Total,TOTAL,Total,SK,Slovakia,2017,,2223117,,,,,
dataflow,ESTAT:ROAD_EQS_CARMOT$DEFAULTVIEW(1.0),"Passenger cars, by type of motor energy and size of engine",A,Annual,NR,Number,TOTAL,Total,TOTAL,Total,SK,Slovakia,2018,,2321608,,,,,
dataflow,ESTAT:ROAD_EQS_CARMOT$DEFAULTVIEW(1.0),"Passenger cars, by type of motor energy and size of engine",A,Annual,NR,Number,TOTAL,Total,TOTAL,Total,SK,Slovakia,2019,,2393577,,,,,
dataflow,ESTAT:ROAD_EQS_CARMOT$DEFAULTVIEW(1.0),"Passenger cars, by type of motor energy and size of engine",A,Annual,NR,Number,TOTAL,Total,TOTAL,Total,SK,Slovakia,2020,,2439986,,,,,
dataflow,ESTAT:ROAD_EQS_CARMOT$DEFAULTVIEW(1.0),"Passenger cars, by type of motor energy and size of engine",A,Annual,NR,Number,TOTAL,Total,TOTAL,Total,SK,Slovakia,2021,,2493183,,,,,
dataflow,ESTAT:ROAD_EQS_CARMOT$DEFAULTVIEW(1.0),"Passenger cars, by type of motor energy and size of engine",A,Annual,NR,Number,TOTAL,Total,TOTAL,Total,SK,Slovakia,2022,,2555491,,,,,
dataflow,ESTAT:ROAD_EQS_CARMOT$DEFAULTVIEW(1.0),"Passenger cars, by type of motor energy and size of engine",A,Annual,NR,Number,TOTAL,Total,TOTAL,Total,SK,Slovakia,2023,,2644361,,,,,
dataflow,ESTAT:ROAD_EQS_CARMOT$DEFAULTVIEW(1.0),"Passenger cars, by type of motor energy and size of engine",A,Annual,NR,Number,TOTAL,Total,TOTAL,Total,SK,Slovakia,2024,,2722491,,,,,
dataflow,ESTAT:ROAD_EQS_CARMOT$DEFAULTVIEW(1.0),"Passenger cars, by type of motor energy and size of engine",A,Annual,NR,Number,TOTAL,Total,TOTAL,Total,TR,Türkiye,2015,,10589337,,,,,
dataflow,ESTAT:ROAD_EQS_CARMOT$DEFAULTVIEW(1.0),"Passenger cars, by type of motor energy and size of engine",A,Annual,NR,Number,TOTAL,Total,TOTAL,Total,TR,Türkiye,2016,,11317998,,,,,
dataflow,ESTAT:ROAD_EQS_CARMOT$DEFAULTVIEW(1.0),"Passenger cars, by type of motor energy and size of engine",A,Annual,NR,Number,TOTAL,Total,TOTAL,Total,TR,Türkiye,2017,,12035978,,,,,
dataflow,ESTAT:ROAD_EQS_CARMOT$DEFAULTVIEW(1.0),"Passenger cars, by type of motor energy and size of engine",A,Annual,NR,Number,TOTAL,Total,TOTAL,Total,TR,Türkiye,2018,,12398190,,,,,
dataflow,ESTAT:ROAD_EQS_CARMOT$DEFAULTVIEW(1.0),"Passenger cars, by type of motor energy and size of engine",A,Annual,NR,Number,TOTAL,Total,TOTAL,Total,TR,Türkiye,2019,,12503049,,,,,
dataflow,ESTAT:ROAD_EQS_CARMOT$DEFAULTVIEW(1.0),"Passenger cars, by type of motor energy and size of engine",A,Annual,NR,Number,TOTAL,Total,TOTAL,Total,TR,Türkiye,2020,,13099041,,,,,
dataflow,ESTAT:ROAD_EQS_CARMOT$DEFAULTVIEW(1.0),"Passenger cars, by type of motor energy and size of engine",A,Annual,NR,Number,TOTAL,Total,TOTAL,Total,TR,Türkiye,2021,,13706065,,,,,
dataflow,ESTAT:ROAD_EQS_CARMOT$DEFAULTVIEW(1.0),"Passenger cars, by type of motor energy and size of engine",A,Annual,NR,Number,TOTAL,Total,TOTAL,Total,TR,Türkiye,2022,,14269352,,,,,
dataflow,ESTAT:ROAD_EQS_CARMOT$DEFAULTVIEW(1.0),"Passenger cars, by type of motor energy and size of engine",A,Annual,NR,Number,TOTAL,Total,TOTAL,Total,TR,Türkiye,2023,,15221134,,,,,
dataflow,ESTAT:ROAD_EQS_CARMOT$DEFAULTVIEW(1.0),"Passenger cars, by type of motor energy and size of engine",A,Annual,NR,Number,TOTAL,Total,TOTAL,Total,TR,Türkiye,2024,,16232458,,,,,
dataflow,ESTAT:ROAD_EQS_CARMOT$DEFAULTVIEW(1.0),"Passenger cars, by type of motor energy and size of engine",A,Annual,NR,Number,TOTAL,Total,TOTAL,Total,UK,United Kingdom,2015,,30250294,,,,,
dataflow,ESTAT:ROAD_EQS_CARMOT$DEFAULTVIEW(1.0),"Passenger cars, by type of motor energy and size of engine",A,Annual,NR,Number,TOTAL,Total,TOTAL,Total,UK,United Kingdom,2016,,30850440,,,,,
dataflow,ESTAT:ROAD_EQS_CARMOT$DEFAULTVIEW(1.0),"Passenger cars, by type of motor energy and size of engine",A,Annual,NR,Number,TOTAL,Total,TOTAL,Total,UK,United Kingdom,2017,,31200182,,,,,
dataflow,ESTAT:ROAD_EQS_CARMOT$DEFAULTVIEW(1.0),"Passenger cars, by type of motor energy and size of engine",A,Annual,NR,Number,TOTAL,Total,TOTAL,Total,UK,United Kingdom,2018,,31517597,,,,,
dataflow,ESTAT:ROAD_EQS_CARMOT$DEFAULTVIEW(1.0),"Passenger cars, by type of motor energy and size of engine",A,Annual,NR,Number,TOTAL,Total,TOTAL,Total,UK,United Kingdom,2021,,31878624,,,,,
dataflow,ESTAT:ROAD_EQS_CARMOT$DEFAULTVIEW(1.0),"Passenger cars, by type of motor energy and size of engine",A,Annual,NR,Number,TOTAL,Total,TOTAL,Total,UK,United Kingdom,2022,,32169932,,,,,
dataflow,ESTAT:ROAD_EQS_CARMOT$DEFAULTVIEW(1.0),"Passenger cars, by type of motor energy and size of engine",A,Annual,NR,Number,TOTAL,Total,TOTAL,Total,UK,United Kingdom,2023,,32546013,,,,,
dataflow,ESTAT:ROAD_EQS_CARMOT$DEFAULTVIEW(1.0),"Passenger cars, by type of motor energy and size of engine",A,Annual,NR,Number,TOTAL,Total,TOTAL,Total,UK,United Kingdom,2024,,32914842,,,,,
dataflow,ESTAT:ROAD_EQS_CARMOT$DEFAULTVIEW(1.0),"Passenger cars, by type of motor energy and size of engine",A,Annual,NR,Number,TOTAL,Total,TOTAL,Total,XK,Kosovo*,2015,,281847,,,,,
dataflow,ESTAT:ROAD_EQS_CARMOT$DEFAULTVIEW(1.0),"Passenger cars, by type of motor energy and size of engine",A,Annual,NR,Number,TOTAL,Total,TOTAL,Total,XK,Kosovo*,2016,,260291,,,,,
dataflow,ESTAT:ROAD_EQS_CARMOT$DEFAULTVIEW(1.0),"Passenger cars, by type of motor energy and size of engine",A,Annual,NR,Number,TOTAL,Total,TOTAL,Total,XK,Kosovo*,2017,,273862,,,,,
dataflow,ESTAT:ROAD_EQS_CARMOT$DEFAULTVIEW(1.0),"Passenger cars, by type of motor energy and size of engine",A,Annual,NR,Number,TOTAL,Total,TOTAL,Total,XK,Kosovo*,2018,,280422,,,,,
dataflow,ESTAT:ROAD_EQS_CARMOT$DEFAULTVIEW(1.0),"Passenger cars, by type of motor energy and size of engine",A,Annual,NR,Number,TOTAL,Total,TOTAL,Total,XK,Kosovo*,2019,,291295,,i,value imputed by Eurostat or other receiving agencies,,
dataflow,ESTAT:ROAD_EQS_CARMOT$DEFAULTVIEW(1.0),"Passenger cars, by type of motor energy and size of engine",A,Annual,NR,Number,TOTAL,Total,TOTAL,Total,XK,Kosovo*,2020,,292902,,,,,
dataflow,ESTAT:ROAD_EQS_CARMOT$DEFAULTVIEW(1.0),"Passenger cars, by type of motor energy and size of engine",A,Annual,NR,Number,TOTAL,Total,TOTAL,Total,XK,Kosovo*,2021,,322381,,,,,
dataflow,ESTAT:ROAD_EQS_CARMOT$DEFAULTVIEW(1.0),"Passenger cars, by type of motor energy and size of engine",A,Annual,NR,Number,TOTAL,Total,TOTAL,Total,XK,Kosovo*,2022,,339131,,,,,
dataflow,ESTAT:ROAD_EQS_CARMOT$DEFAULTVIEW(1.0),"Passenger cars, by type of motor energy and size of engine",A,Annual,NR,Number,TOTAL,Total,TOTAL,Total,XK,Kosovo*,2023,,368818,,,,,
dataflow,ESTAT:ROAD_EQS_CARMOT$DEFAULTVIEW(1.0),"Passenger cars, by type of motor energy and size of engine",A,Annual,NR,Number,TOTAL,Total,TOTAL,Total,XK,Kosovo*,2024,,411372,,,,,
